dataset,planning_seed,control,method,dPdet,dRMST_rel,dL,H_common,exposure_multiplicity_control,exposure_multiplicity_method,revisit_fraction_control,revisit_fraction_method,replans_control,replans_method,planner_wall_time_control,planner_wall_time_method,initial_positions_hash,planning_seed_common,w
1,42,online_static_3step,dynamic_3step,0.1395724279194343,0.06163638800335964,0.13977042616814828,8677.0,26.572261429886467,11.750780978826796,0.9623667709788797,0.9148992733502688,4219.0,3967.0,407.10811659973115,424.19235781393945,e1541ec4c3203a188985ea123665c7c591f0a562c0e752375a546fd88a55f8b9,42,0.5
1,43,online_static_3step,dynamic_3step,0.14367248296997479,0.058307794678936486,0.14376947505251764,8800.0,32.17416144489495,13.238550066546622,0.9689191588811814,0.9244630269196197,4919.0,3905.0,471.88385146902874,422.53694350621663,523844ed78a0f583e442b643c9217c5abbf3c0623bfd68739147060cf00e4cb4,43,0.5
1,44,online_static_3step,dynamic_3step,0.11833838863986101,0.02799403782195581,0.11846070272643969,8676.0,25.704022561971204,12.625307766917855,0.9610955834796268,0.9207940100580911,4234.0,4035.0,412.6985668281559,430.75324653903954,2dab5376247a9528a31142c1fd9440d80012f57468cb93f8a65ac77b40067382,44,0.5
1,45,online_static_3step,dynamic_3step,0.21108826066311817,0.09004592581381948,0.2112790711296382,8670.0,48.3993851313583,12.180301941049605,0.9793385804946498,0.9179002290058313,3929.0,3893.0,380.4902595146559,423.65703835873865,ca931493022139a148c52ef6d877841359de94e3965a4155825ef527a006aee9,45,0.5
1,46,online_static_3step,dynamic_3step,0.06805365127499063,0.023251678340813667,0.0680319139834189,8626.0,22.55229357798165,14.64469938756146,0.9556586119925149,0.9317159080199793,4148.0,4081.0,403.1078805422876,437.50289303297177,c3a107a1fc646545ced1bed510f83f2557068c38968fadd0196b04e59ec82149,46,0.5
1,47,online_static_3step,dynamic_3step,0.11580449611450574,0.0601386503702604,0.11582869429579282,8943.0,26.513666072489602,12.976128538638102,0.9622836013222029,0.9229354119741978,4051.0,3984.0,396.4174379473552,432.5721792182885,2fe61a766d51c57514713696731290ae92df7697333ae2dbc77e0f14e0d3ee88,47,0.5
1,48,online_static_3step,dynamic_3step,0.044541589960545136,0.012925503086258252,0.04451638792423157,8710.0,16.098961231682434,12.232387264082986,0.9378841910599784,0.9182498086096225,4320.0,4024.0,430.64105003513396,430.4359934083186,4aae7d3fd5610a876fe9bbaab463a83d8aeb4baf283a46ff967cce3f9e26de26,48,0.5
1,49,online_static_3step,dynamic_3step,0.14521108955322798,0.06869087727407261,0.14534806913177659,8619.0,27.639562911778885,11.591065056272303,0.9638199777908268,0.9137266510760487,4174.0,4006.0,403.8801183346659,434.257009988185,8542f702a4f00f38f331770accdb832ab7fd5821d0a61dc5c15feb3cec0e38d0,49,0.5
1,50,online_static_3step,dynamic_3step,0.0784627856079893,0.029359818266322404,0.0784352852174387,8593.0,20.74228675136116,13.794802867383513,0.9517893079009537,0.9275089314712569,4166.0,4149.0,403.8514762602281,448.03715978981927,0bcd08d9c5dd844ced37907c5e74335e22a8594076973ffb45d7b8eedb9ffc21,50,0.5
1,51,online_static_3step,dynamic_3step,0.144099647348699,0.06698689598050903,0.1442470123677147,8976.0,28.973152191492805,11.897232368642877,0.9654852881249966,0.9159468379691679,3549.0,4061.0,346.48162174387835,436.8547855189536,6fd43b0bf15e2a3328db22762d4ed33f7ce69b03a8096df04e90603800be5e91,51,0.5
2,42,online_static_3step,dynamic_3step,0.15406110681978996,0.07675725044085178,0.15420744306144635,8351.0,56.400428265524624,11.696600566572238,0.982269638179126,0.9145050739906513,5453.0,4453.0,524.5087883931119,483.00794449611567,c360e77cbf9208eb59f877768a341b1ee56109539a0141aec1c11cf00737f360,42,0.5
2,43,online_static_3step,dynamic_3step,0.1165593343401426,0.04088076872458588,0.11674053711544743,8358.0,26.349201065246337,11.402895553257498,0.9620481851603856,0.9123029764387934,4996.0,4177.0,480.11767541314475,441.8916499936022,0e62c4ad1d0e7742f7978514de246c25478a67dddee6715440c3ab32561d520e,43,0.5
2,44,online_static_3step,dynamic_3step,0.14010031006314033,0.060718020285461465,0.14037819883683456,8353.0,29.85798273011207,10.971644863536756,0.966508119150612,0.9088559634915447,4672.0,4472.0,454.8247925757896,491.1606976359617,0d70ca331d92c748ebc27f4e7e5d1e311ed527bdd2afd7634f04394859659ace,44,0.5
2,45,online_static_3step,dynamic_3step,0.15936491354895477,0.08007660130394458,0.15955198312463736,8364.0,64.68677204658901,12.860438024231128,0.9845408888345862,0.9222421508415313,4890.0,3824.0,466.0630871851463,412.21000654506497,d3425e91c12782ca0d0e0fe9d88923d1b43baad26303f808c7533aaf5e56dc57,45,0.5
2,46,online_static_3step,dynamic_3step,0.14162862079747018,0.06987142217606397,0.14187859638395478,8347.0,31.035636936404803,10.788558352402745,0.9677789760832329,0.907309209689051,5894.0,4495.0,569.4709375947714,481.0639714926947,43df327920651f8d8a2868d63fa20f885db7a645919e512e13e92d1dd7209fd1,46,0.5
2,47,online_static_3step,dynamic_3step,0.16779721295019162,0.08143467457143212,0.1681194836604104,8355.0,58.313266443701224,11.154811715481172,0.9828512436194008,0.9103525881470368,5964.0,4471.0,578.6644838263746,485.29484655335546,275881b972784a9f8e6b86ab40792a272b8569d6f6dc28fe2693be4b2c7c573e,47,0.5
2,48,online_static_3step,dynamic_3step,0.10251029795340275,0.03748246675221922,0.10262560660463141,8351.0,27.10402172068556,11.70994044242768,0.963105106308382,0.914602469165703,4918.0,4193.0,484.0591182592325,458.7021124344319,19b73fb426414f211462ff0536025acdb560a71b5a028919bca41bf59c86e5dd,48,0.5
2,49,online_static_3step,dynamic_3step,0.14845083071591086,0.07766688646669227,0.1485565052269477,8367.0,67.47014297729184,14.229712322885359,0.9851786293036823,0.9297245104251531,5179.0,4412.0,488.970471998211,468.64410601346754,09f72ed3d5d6cacb4e058c3689636ec44d588e9249e5745b6f94c551a290cf51,49,0.5
2,50,online_static_3step,dynamic_3step,0.16549598141904967,0.07772030193443977,0.16577742156938918,8356.0,71.47397512666974,10.733606025191534,0.9860088934716762,0.9068346651020149,5202.0,3787.0,505.019051367417,412.4957339547109,183fe4afcb85edee069d5b151e37e11888df8765dd48e3eecba569d08da25f47,50,0.5
2,51,online_static_3step,dynamic_3step,0.16241058936915562,0.07778879731553309,0.16264804262846003,8366.0,56.767250625670364,11.60186287555151,0.9823842093992871,0.9138069454253515,4959.0,3766.0,478.4262650385499,406.8494615771342,001beb6e33cb37583676d8d112256ff90d3d3140f42e48beadce4b812ef2864d,51,0.5
3,42,online_static_3step,dynamic_3step,0.1355835509850651,0.05965805894314231,0.13586513635683223,8351.0,53.58998646820027,11.120328597400848,0.9813397974900891,0.9100745997529489,4488.0,4468.0,425.1681076728273,481.4182476636488,78b6301a32ee11bae9bf04eef594a95993c53cd686772fc110d159875c7841a7,42,0.5
3,43,online_static_3step,dynamic_3step,0.13954137448020074,0.060070249880476156,0.13977565935548958,8343.0,33.43792662116041,11.012288786482335,0.9700938395095594,0.9091923559771238,4535.0,4499.0,431.57875520177186,472.05811194493435,b9d2ab5419352c1afc371a6279089c81c3dfdc4fe2474fec5333de4544414dd3,43,0.5
3,44,online_static_3step,dynamic_3step,0.17513703655628302,0.09705377962736739,0.1754554588655195,8332.0,76.65466926070039,10.591064185926736,0.986954480273093,0.9055807818322179,5612.0,4259.0,518.4244606201537,452.74825287773274,351cb2554f5e89c3f1a6b1a3b921b60e1688240503236848ab0bc5c9ea628dae,44,0.5
3,45,online_static_3step,dynamic_3step,0.15403529603533303,0.07286547831415677,0.1542831709936266,8342.0,50.50633322507308,11.26368295182781,0.980200502864786,0.9112190919900026,5018.0,3885.0,480.0388728152029,421.5469995746389,910e0ca2c86a2a47bedd9112f87bcc58f08489b378793c46b82c663831053eb5,45,0.5
3,46,online_static_3step,dynamic_3step,0.1449677862891925,0.07212113095059965,0.14530789536899452,8339.0,54.119777158774376,11.021743493677661,0.981522466416182,0.9092702528802613,5206.0,4478.0,496.2212015672121,481.5042345938273,e6b98d203c415f1a8c34b2b75a7e204e2d3e4b39022e095555c1486ea3c1d277,46,0.5
3,47,online_static_3step,dynamic_3step,0.08353199990601004,0.03024264771932886,0.0836774278721342,8345.0,21.289017341040463,10.79651809673408,0.9530274232962259,0.907377546071775,5500.0,4490.0,535.8942626772914,479.58866276871413,dd3015a867cfc996eabb6fc00f5a1173d0286567e2c9082ab2bd0f83d5aa65a3,47,0.5
3,48,online_static_3step,dynamic_3step,0.1685970832982603,0.07538165001404605,0.16884074090046838,8338.0,48.82037617554859,11.507824507475199,0.9795167493916025,0.9131026025509492,3947.0,3854.0,379.14519764017314,413.78215452632867,aaec7a1c34c54a1bd039a1b8c18a5480353cfb7128f567430addb23f51f49801,48,0.5
3,49,online_static_3step,dynamic_3step,0.11310868581655972,0.04506558981265761,0.11331113874967139,8342.0,25.37805652588123,11.932826637712632,0.9605958793976137,0.9161975590226384,4837.0,4513.0,473.95526649430394,496.79679168760777,650bb640d69c5e47dcd172790ed6271ade9dfaec816e703b4a3b9ca43387318b,49,0.5
3,50,online_static_3step,dynamic_3step,0.18260203391654095,0.0973659081886884,0.18295389147301389,8335.0,72.55529522024368,10.568631227529533,0.9862174084336026,0.9053803677627462,5115.0,4478.0,484.00492344168015,482.6984308005776,d620740098c790fc78b4cb8f00f8ec0164078ac4feaddb4fe434d42b87e1dc1b,50,0.5
3,51,online_static_3step,dynamic_3step,0.1047782186032307,0.05386782736614464,0.10501866259878237,8329.0,30.926525775232076,10.588292117465224,0.9676652978330704,0.9055560624030654,4584.0,3853.0,444.0480830036104,422.8241267062258,66afefe803e1184e4b350ee305372fb8b28c8ad5acae401c4045a26a80212f03,51,0.5
4,42,online_static_3step,dynamic_3step,0.027349871725274588,0.0028575312132360026,0.027362366327114918,8499.0,13.30215374941047,11.483851268828877,0.9248242037463806,0.9129211989435684,4056.0,4090.0,405.7055661061313,449.97795557253994,e498e96b657afb256b2918c44380f7421f2918a14b059ff7d8591b56c2a7d59e,42,0.5
4,43,online_static_3step,dynamic_3step,0.06640113333744135,0.040041558024676724,0.06641478321738484,8559.0,21.17952853598015,13.12644301541799,0.9527845958279391,0.9238178995767989,4034.0,4065.0,389.65404263767414,437.7645768437069,06e33eab45f5ec3553180be796337fcdf0dd1f787782f856cebb6255f584c18d,43,0.5
4,44,online_static_3step,dynamic_3step,0.0883444498060833,0.03469119451561462,0.08846023805616449,8492.0,24.984190307328607,12.691296838627318,0.9599746884850349,0.9212058458079404,4092.0,4057.0,403.0779402924236,441.79712907318026,12446b23479058cee913864dc4421ab4fa14764cf1988ed1c3a55e0d83d9031c,44,0.5
4,45,online_static_3step,dynamic_3step,0.02361407039672825,0.0013819458020464066,0.02364090480568881,8506.0,14.274606132475013,11.378699416146567,0.9299455276930563,0.9121164938603631,4109.0,4014.0,412.7596623690333,441.5616143613588,1c0559b8be6391e094d7b2c47bd536b82d581afc126f163e1a71db87212b3092,45,0.5
4,46,online_static_3step,dynamic_3step,0.017081963538915335,-0.0024990863294229,0.01711554694048456,8534.0,13.28031545248692,11.695877714759995,0.9247005838394647,0.9144997900638088,4073.0,4002.0,407.2058432751801,429.31653918884695,8a9b527e4b246b75a30334ce72e2bdbdfdf449c2051505e1daa58cd0aae3005e,46,0.5
4,47,online_static_3step,dynamic_3step,0.03553552673558266,0.006656805337245156,0.03553783217081219,8498.0,14.779406631762653,11.268805014670578,0.9323382849585528,0.911259445992887,3906.0,3980.0,392.34215286234394,429.40069748694077,2debedf1b10eb820ab15a9015a7e2e5dd7866ce1f7af039aa5580e53d638af84,47,0.5
4,48,online_static_3step,dynamic_3step,0.018960172728010427,0.0031382330553411946,0.018933264957561785,8527.0,14.529633759327558,12.17230262215217,0.9311751406426172,0.9178462751837835,3803.0,3977.0,383.8719407506287,436.1227018642239,ba002e38c24f199a8f6e5434dbfdf2107bd0f19251c779322e86fa423167fc88,48,0.5
4,49,online_static_3step,dynamic_3step,0.02623728745396764,0.01026506502363351,0.026243358754405532,8500.0,13.839509202453987,11.841604921012163,0.9277431023476842,0.9155519875329091,3914.0,3951.0,394.922385631362,428.6008646504488,3f6d8ab46fee186a9e0d7bec1db491193cfeb0d4d2eb1323ebdeaf0dce514342,49,0.5
4,50,online_static_3step,dynamic_3step,0.04739915841184408,0.021598237267723124,0.04751158606420869,8511.0,16.36435758513932,11.47173001487894,0.9388915822208559,0.9128291897819256,3848.0,4055.0,382.67854093643837,432.91519192117266,384ea614ac4baa72a0a943592629cbbca19f3e54d3ab80827b4269ac1938bcc5,50,0.5
4,51,online_static_3step,dynamic_3step,0.0660992367075581,0.029178037015049212,0.06616166917899624,8488.0,18.96884455900482,11.335880420939741,0.9472819761430706,0.9117845316934721,3803.0,3879.0,384.78454497805797,428.0795043709222,19677be8e58aae74569733e531a5da24d6cf6522eb51938616c433c21a4bc20f,51,0.5
5,42,online_static_3step,dynamic_3step,0.15715376655218566,0.07137273247822788,0.157395912606101,8951.0,48.31594594594595,12.975432420021429,0.9793028992722452,0.9229312775382364,4379.0,4116.0,417.08337106416,437.66808085516095,63820a06c24988cd5b14cbccaf1cbb0f000c4927355b2b7a32db181cb86fa4f5,42,0.5
5,43,online_static_3step,dynamic_3step,0.07071775325917914,0.02301380341140379,0.07075797087182051,8525.0,20.11317143198947,13.025885244642446,0.9502813366165852,0.9232297858288517,4362.0,4120.0,425.6294547819998,445.0782717689872,15302fde53c7fee4048af64173d8a7965beeae9b802b541137bfbc6b42210ff6,43,0.5
5,44,online_static_3step,dynamic_3step,0.1222001986126573,0.05057415450111936,0.12237082832417209,8861.0,29.121356825292278,12.198823698178167,0.9656609406629197,0.9180248829934853,4094.0,4107.0,397.45195149839856,447.4756849829573,e6265b5a69412f436535d76f517c6ae7f5215604635f74720122e9b3df094cf3,44,0.5
5,45,online_static_3step,dynamic_3step,0.1332611732007077,0.05661267113208124,0.13352214535100154,8824.0,33.044456949915585,11.180151166611896,0.9697377384196185,0.9105557711074271,4566.0,4079.0,446.90728522255085,446.78968014614657,6a9590a55b7d3d64a1c0a95cfe759aa6fe59dfd2c1c23c28d656c95d4c988917,45,0.5
5,46,online_static_3step,dynamic_3step,0.07119340436075933,0.0224820075342102,0.07126795632734462,8595.0,20.705932306199198,12.578729689807977,0.9517046619677875,0.9205007163155546,4423.0,4192.0,437.5969752408564,457.4930216821376,36d82214567af5aa5284a473cb0f40d353b96ec9aceecea67bf3d36f4990047c,46,0.5
5,47,online_static_3step,dynamic_3step,0.14313055254321677,0.06787937100553106,0.14329308816417896,8947.0,42.71271510516252,13.198323371885431,0.9765877678921158,0.9242328004987238,4313.0,4017.0,418.15525208809413,440.548914660234,67f83638cfd623cd3b9779585e573e058ccacbe460f81f880259dd5c54027f56,47,0.5
5,48,online_static_3step,dynamic_3step,0.07506805581372228,0.02714077693671136,0.0752153220967309,8841.0,21.743403205918618,11.228116535641144,0.9540090394070512,0.9109378677335844,3998.0,4025.0,391.2171831007581,437.70380883989856,096d75f1a2a4ad7097adefed71cdbf20124d138d7ae6e149970f4c9c1a6e5cd3,48,0.5
5,49,online_static_3step,dynamic_3step,0.12061971957096262,0.04377326156243634,0.12078255314761305,8988.0,31.294261294261293,12.016011850179869,0.9680452594615685,0.9167777119007227,4236.0,4075.0,414.5504486935679,437.0634126726072,6e26f93fd2805cf3cc1744ab108d70ccb3eee9161153ee8e1978b8fcc8a5f3c6,49,0.5
5,50,online_static_3step,dynamic_3step,0.1226556334014624,0.05340552040521078,0.12281577685184636,8792.0,31.270260621206713,12.278038903752982,0.9680207334338037,0.9185537684121253,4622.0,4063.0,449.4463568904903,446.71629428490996,28a17723e483e361e906553b02d9b7735f2e72540a6ab861c38f893f918280ba,50,0.5
5,51,online_static_3step,dynamic_3step,0.058164478693474075,0.021538577428326204,0.05826270988448412,8510.0,18.59617947578854,11.84828117342295,0.946225513616818,0.9155995721773454,4045.0,4152.0,405.64167301380076,460.54235260467976,085478ade9679704a3f3853de68fe8e1c6a3b2b9328ccb65101897cc1e0d46f2,51,0.5
6,42,online_static_3step,dynamic_3step,-0.0042018459918856665,-0.0013538573615061369,-0.0042882539746836035,8518.0,13.998433893834488,14.405841399218883,0.9285634373399125,0.9305837144608421,4114.0,4061.0,405.6163976539392,442.962254636921,18b2f0f369843e76e9c50d96b6e34fd31bf7bda2e8a89b0bec71629b106e9456,42,0.5
6,43,online_static_3step,dynamic_3step,-0.006585921285339469,-0.0015341220229532658,-0.006586653545990306,8509.0,11.30243869936034,12.03548112404201,0.9115235192510627,0.9169123369731846,3927.0,4007.0,392.8215494926553,434.26219942909665,bc38415fe8b1b692a07e76893173e91311c7cc58998e875fd881d7e9caf4f565,43,0.5
6,44,online_static_3step,dynamic_3step,0.008913079587536732,0.0023136667841254337,0.008913432031205648,8512.0,12.031416211616197,11.575204918032787,0.9168842651262857,0.9136084408802025,4107.0,4077.0,415.7466882786248,455.55058179749176,11931ba3b2606720673fab484cd387b8c38bd1122400df06ded2cf949a538117,44,0.5
6,45,online_static_3step,dynamic_3step,0.00023192332369931234,0.0005717470589422483,0.0002011052747472597,8494.0,13.678083851684304,13.586464955339181,0.9268903443754761,0.9263973371081325,4032.0,4029.0,407.3811656336766,435.7809102474712,12552005c3b7dcefe6e0faf61ca7b7f591652f85e619dc40510fcf51611ff1a7,45,0.5
6,46,online_static_3step,dynamic_3step,0.027128829210514405,0.02109287052780666,0.027187360641887787,8501.0,13.21492117995942,11.304580050741087,0.92432796333916,0.9115402787621073,4219.0,3998.0,420.9542664263863,434.0199580315966,d149dc67b56dcaf541d65edc8d6897fe37b1f06d852ebca5858e5266f5dbac25,46,0.5
6,47,online_static_3step,dynamic_3step,0.06574243462634133,0.03743424339572339,0.06585801492476731,8502.0,17.930119462945342,11.454674412320994,0.9442279231844152,0.9126993955476927,3973.0,3900.0,399.3502298016101,429.8256642501801,6069ba6c504dc099683bda0ad8071d3118351515ee682d0db0c79422570e4068,47,0.5
6,48,online_static_3step,dynamic_3step,0.031053603071971858,0.01637032789921601,0.031082886509744057,8506.0,13.90489464622448,11.400537634408602,0.9280828783358295,0.9122848384814902,3827.0,4018.0,379.9702919225674,437.2660311695654,0c5ebd0726da0e28847294133027a59d77d46fefc0ba8c7ad9525095d8a96825,48,0.5
6,49,online_static_3step,dynamic_3step,0.02855538568596283,0.0135827059394487,0.028569519898077822,8490.0,13.657518766647833,11.47516960651289,0.92678025803325,0.912855318545145,4006.0,3869.0,403.2955556605011,425.73864639992826,bd2fe3251942199c9fb0a19883f0e4a31bbd2de8f045df6a2fafccc8ea790d4f,49,0.5
6,50,online_static_3step,dynamic_3step,-0.006075790276079851,-0.011301446745376873,-0.006106630640454941,8507.0,14.01347028119212,14.833231253827982,0.9286400884339029,0.9325838057205552,4242.0,4140.0,425.9153158876579,442.69274059217423,53e8cf0d809f72f1d5e1250df324464f606775b46f1e1ed50186dea0e66da9fb,50,0.5
6,51,online_static_3step,dynamic_3step,-0.057124227252290244,-0.0323560616641028,-0.05725608833542484,8509.0,12.016222725984699,17.955527318932656,0.9167791723902111,0.944306843110891,4104.0,3995.0,417.48097836901434,432.25577165326104,b8ac6e56ffbb7f6f6d9b3e28a5e3ad271ca635c021faf58db48ad9ffc3929906,51,0.5
7,42,online_static_3step,dynamic_3step,0.0737841651679558,0.028107375943839778,0.07388801555826498,8233.0,24.62956629877196,10.141508840369974,0.9593983918405473,0.901395343065784,5622.0,4811.0,541.4616831110325,513.5622899844311,006da335f256203469592a62a852eccffab880f7309f6633631136cbb4337c3b,42,0.5
7,43,online_static_3step,dynamic_3step,0.11912062131705234,0.07284086124351122,0.11926857990950414,8246.0,57.58216654384672,9.524163130598774,0.9826335120746362,0.8950038983701101,4503.0,4436.0,428.94858551118523,478.8860767930746,70146d654c8d3e205eae3a8c1c32c196b80ae26034bb8660a9cf58293ef56344,43,0.5
7,44,online_static_3step,dynamic_3step,0.16444703417075152,0.07932145673488988,0.16465590033671007,8255.0,40.003819709702064,9.661137299361537,0.9750023870906139,0.8964925174941789,5735.0,4676.0,550.3577397151385,507.8665237056557,11105a2cc12ea269694f1fa8b45ff83d4588344c41b1c28dbb5cea328ef765c7,44,0.5
7,45,online_static_3step,dynamic_3step,0.12391732306303388,0.05295083167767049,0.12407843812633106,8263.0,31.14429729195493,9.774770973963356,0.9678913930654548,0.8976958127547277,4465.0,3920.0,436.69600822078064,427.31357449432835,b98c42be92a0d05dad7817d60024cbaa2a663d58f33ed7d93a3770ce5fd54421,45,0.5
7,46,online_static_3step,dynamic_3step,0.10583680231203658,0.03768748338484084,0.1059966732673705,8253.0,24.00946420393833,9.629105188005711,0.9583497577661076,0.8961481902549338,5282.0,4696.0,512.502536212327,512.3317362868693,72b2a4b6cfa190859e858989a9c94ff8592eebd82cfee1e5bcbe8e4fddf368a3,46,0.5
7,47,online_static_3step,dynamic_3step,0.08293279129350717,0.03553451022676458,0.08307058039799396,8267.0,24.276194852941178,9.84533268635895,0.9588073828679603,0.8984290290783638,5411.0,4692.0,528.6974501479417,508.99023408070207,b7d406c52d39becdb0bc74a2cb1a4d4b67e866429a333098a2a57fcb23220f96,47,0.5
7,48,online_static_3step,dynamic_3step,0.1429530679161994,0.07001379790336067,0.14315619584592892,8272.0,61.69616752271829,9.964736906660125,0.983791537786658,0.8996461211804166,5270.0,4456.0,496.5655325029511,473.36909230286255,b85f9723792ce7b18415898fc551ccbb69b3a52f396789496392181de2ff1369,48,0.5
7,49,online_static_3step,dynamic_3step,0.14252317188193764,0.05446814701234685,0.14271614910821662,8261.0,30.668936004668353,9.78512795750845,0.9673937172177156,0.8978040957315568,4641.0,4781.0,449.3642921349965,509.3774918206036,7137273470d24672442ea78e63e70285e5d060f4e2f115c218a2de9cd51b6c0a,49,0.5
7,50,online_static_3step,dynamic_3step,0.08245198813364087,0.022687872301611338,0.08253187905213454,8264.0,27.15844646846537,11.763451776649747,0.9631790426171418,0.9149909381203073,4893.0,4760.0,478.4625314264558,499.34463364700787,fdf9951f218e61b913618a579bd13a77417b8831a28d26d86ea79bbbe03fffcf,50,0.5
7,51,online_static_3step,dynamic_3step,0.13587042723596432,0.05600069840463899,0.13603929186094788,8275.0,31.455670926517573,9.891288477917021,0.9682092299879388,0.8989009366946916,4162.0,3990.0,406.9891863402445,429.302284588106,a8f19df2d616560c37b26732016a8ecb989b028f1788c364e916ef8c4d117ae0,51,0.5
8,42,online_static_3step,dynamic_3step,0.18481223909269406,0.09967811200556492,0.1850918431917686,8310.0,64.36855036855037,11.258696548879417,0.984464462936102,0.9111797715074281,5210.0,4565.0,490.00173641741276,491.59433937375434,32b2471b3d12212837087f0a422add5ae2f1e62927eb0f87dea0b211a06ace91,42,0.5
8,43,online_static_3step,dynamic_3step,0.16498753273382905,0.08612162615173803,0.16521568685840568,8327.0,36.669601482854496,11.653548890307027,0.9727294554736962,0.9141892303011865,4724.0,4268.0,448.5950508257374,460.68135549593717,c99ca94f24e1b26a7d442de52a2afe0f64b92812fe32e0c1bd920b2f3dc22673,43,0.5
8,44,online_static_3step,dynamic_3step,0.11006016349936104,0.048498450879509984,0.11022558209453692,8317.0,22.416596814752726,11.153145188711322,0.9553901955651947,0.9103391928393301,4840.0,4555.0,470.1128616339993,494.1647332049906,bf7607d2a46399450a0d8b28872bd4c19dccec9466d594d05291e33f5dcba1a3,44,0.5
8,45,online_static_3step,dynamic_3step,0.16679065617344735,0.08104561771885331,0.1671286517810312,8330.0,35.13803680981595,10.676102058040641,0.9715408118725447,0.906332854953662,3896.0,3873.0,370.7962358316872,421.0030046214815,3817024ade47e07a7028ead4058f033bc30b91d440465fe8d5fe88b072985209,45,0.5
8,46,online_static_3step,dynamic_3step,0.20776240183278694,0.10257308713572208,0.2081023520468951,8329.0,78.9773413897281,10.73847158719791,0.9873381405045617,0.9068768779728233,4861.0,4484.0,465.0088299473282,481.6776088513434,47ea3bba2b374311d16d10262081da457e91f256359e5d49dd192c45e22de269,46,0.5
8,47,online_static_3step,dynamic_3step,0.20424576029620556,0.10035525109281035,0.2045366700520804,8332.0,81.71167883211679,10.96221763177184,0.9877618473357452,0.9087775819099143,5718.0,4554.0,547.5383636434563,495.07329328660853,88d79954925bc69736435b2bc74a414fad492fcb95589cc19fe5a6c73f7f738c,47,0.5
8,48,online_static_3step,dynamic_3step,0.20320652001377476,0.10157851132275339,0.2035169653375839,8336.0,61.224251846094056,11.107805437495784,0.9836666031866946,0.9099732160752136,4920.0,4225.0,473.28363594715483,461.498331383802,2e2e98e8cdf30eef13a50b84c06a861b953f35bf1793101dafa6be23247bccc1,48,0.5
8,49,online_static_3step,dynamic_3step,0.20159678658719593,0.10229780164029302,0.20195144747566154,8314.0,53.493662441627755,10.630455930994227,0.9813061967650617,0.9059306574909555,4344.0,4543.0,410.08929367316887,490.7343368935399,0824f1280a294646d9378cd3d74b51dd9480122935da854e9a838cb61501e619,49,0.5
8,50,online_static_3step,dynamic_3step,0.1351332332691956,0.06346281362822186,0.13538848293244415,8337.0,29.927034611786716,10.838488877188365,0.9665853963490872,0.9077362156910371,4079.0,4292.0,397.7566745148506,463.8764319133479,5a03652e5dd3ba14a53b5cce1320cfeead6ca949bf967b214e4616f1abb129c9,50,0.5
8,51,online_static_3step,dynamic_3step,0.15874253466329583,0.07448599023081742,0.15897396233717126,8319.0,40.58399589638369,11.345688403291613,0.975359745192338,0.911860791125739,4681.0,3863.0,453.9528783480637,418.45071340398863,069d846a2f710ce798a3af54daf42587519189c532fccffe470dc20848f63c76,51,0.5
9,42,online_static_3step,dynamic_3step,0.11835481494248316,0.0569289459902485,0.11855090450066728,8645.0,31.08543182242119,10.937484133028688,0.9678305900425445,0.9085712959363086,4740.0,4234.0,448.374221455073,452.9532073349692,c21ac681a28d524ba2c2aba7c53608418f2920fa576b622294c38a0627a85b61,42,0.5
9,43,online_static_3step,dynamic_3step,0.08057307706103446,0.03745662142562692,0.0806917829701974,8584.0,30.523704924034412,10.83415778792491,0.9672385772798964,0.9076993320962577,4558.0,4157.0,434.88484069518745,446.40003247675486,deb2b2f84e199f043bbc4476ed39e16bebe91e248ae393526fbae280c6b20c9a,43,0.5
9,44,online_static_3step,dynamic_3step,0.13643074741826808,0.06778755627503878,0.13667176644979095,8598.0,32.63100351425224,11.178021404333073,0.9693542982959985,0.9105387291875862,3707.0,4189.0,354.22635243530385,447.1632426606957,bca89301fb405b616816165e673b9542c4d562b7afff0ba26ef7b6a5c862f66c,44,0.5
9,45,online_static_3step,dynamic_3step,0.13195625476112183,0.07828213003176622,0.13218876286284786,8593.0,40.81128307538692,11.291842661034847,0.9754969722918833,0.9114404946988205,4330.0,4188.0,416.70284146349877,451.9701489119325,d8efc804e9914d11df73f75b4e7c46661a9e8cc1237021cc70dfa8b1258c9129,45,0.5
9,46,online_static_3step,dynamic_3step,0.11036053235465196,0.058548624999396004,0.1105711228732305,8611.0,35.57223183391003,11.1050928622274,0.9718881850127062,0.9099512257658487,4128.0,4210.0,399.9376244144514,454.4927981724031,c17c9bbfbc9a8141f5edff55ab05d52e0b32f93a580fbc682603072e46e362fb,46,0.5
9,47,online_static_3step,dynamic_3step,0.1395334509384568,0.0676053552466287,0.13979694171718973,8600.0,34.23783326280152,10.945349952061362,0.9707925442499753,0.9086370007007708,4422.0,4145.0,430.0471902191639,450.15745976404287,6e417477935c001be575a76c54e46d2036a5823438e67c44937423041e547599,47,0.5
9,48,online_static_3step,dynamic_3step,0.1159763341081219,0.051601339288245104,0.11616845060071371,8607.0,29.30349991293749,10.943181818181818,0.9658743835046646,0.9086188992731049,4329.0,4133.0,420.1576863026712,445.11060292692855,9938e58799aed3b0b1b694cddd15fcff3f77f1b9394ca8278c1969e01368f0c7,48,0.5
9,49,online_static_3step,dynamic_3step,0.13195914246151727,0.06793345969410043,0.13214000113234897,8641.0,84.38457502623295,13.614301534567316,0.9881494929649273,0.9265478293204426,5578.0,4351.0,533.8650613736827,465.1092572461348,c879d5179f0a05a4f4e607632d787b5803512f67a1687f23e98ab1ab883128cd,49,0.5
9,50,online_static_3step,dynamic_3step,0.12184733791274474,0.06312671271329097,0.12201302514709352,8630.0,58.83990233693756,11.194820406038522,0.9830047304587004,0.9106729752037294,4156.0,4154.0,397.31096912617795,448.2532453192398,553f945b9e00083d9b72c2fbcfaf42e0edc9d812554e84e6aa7e7767cbe762f1,50,0.5
9,51,online_static_3step,dynamic_3step,0.18169092847925988,0.09472596108971842,0.18198902823134905,8612.0,57.67568493150685,11.266285789335434,0.9826616710111452,0.9112396029446909,4412.0,4161.0,427.28908310830593,447.6354213471059,20bec67710b9f0d1b4d257eb5c0df7fbad75f9099c94fe6b78b3f589517c4c63,51,0.5
10,42,online_static_3step,dynamic_3step,0.16158474064414996,0.07710832173236405,0.16169795489706573,9037.0,91.83993902439025,15.473851309639297,0.989111491028599,0.9353748475418618,4426.0,4227.0,417.4849241722841,455.79755382984877,3c195b87f1445e5f24bb317d5a82c31328f4e3a706c1cec8193eed5382ff055c,42,0.5
10,43,online_static_3step,dynamic_3step,0.12724720920706023,0.06790390071044555,0.1273011148916412,8741.0,84.52169673330083,19.967561393489433,0.9881687183451204,0.9499187717371408,3307.0,4241.0,313.42848435021006,455.0629176571965,5aae0438e1e54d69e9da0ba68887ca5e3f1f7a67ff645ed335b0fcf02051ca64,43,0.5
10,44,online_static_3step,dynamic_3step,0.1674308890858066,0.07897667457972413,0.16755523632622116,8934.0,83.92625645843118,14.761262021258647,0.9880847777298956,0.9322551148702709,4049.0,4162.0,389.54548727860674,453.54393836995587,c7b98fa8a6fd7a67d10513d55076aade048023f35a0553cb06267d4f6ef018b5,44,0.5
10,45,online_static_3step,dynamic_3step,0.15660254123042183,0.07044074956996067,0.15667537673456683,9074.0,69.58665644171779,15.403235733755386,0.9856294288138768,0.9350785758729543,5376.0,4231.0,512.5694920052774,447.6189332429785,8a7e98c8245c80a6f01e0226d2d2656885f2cb7610bee2dc775b06c99ab4ad79,45,0.5
10,46,online_static_3step,dynamic_3step,0.12635748563643628,0.06295627274180937,0.1264261211188262,8810.0,62.30304101838755,15.637760114316334,0.9839494191029156,0.936052222780646,4051.0,4139.0,392.20516418805346,448.1943822556641,9ee63faabcca9d7ea56158b9a7b93c43e3bd66789637b328ac894e71f26729ce,46,0.5
10,47,online_static_3step,dynamic_3step,0.17416214357904067,0.08012487403978619,0.17426870959912136,9074.0,89.52738036507154,14.462989000082706,0.988830232763181,0.9308579989935496,3485.0,4069.0,340.9408912844956,428.23669823561795,534d6bf750939fd4a2adea1cb6e5bf6962100438a5d1f081e7ea7ace1d556989,47,0.5
10,48,online_static_3step,dynamic_3step,0.12510996563207247,0.05627253119396082,0.12518338854451305,8943.0,63.46983676366217,15.057484103797904,0.9842444844513525,0.9335878428888547,4869.0,4266.0,474.4423299613409,460.59748771670274,f1d4268a7fc06b15f7692db6342f402bb3f8002b9b7058c5a0ea51e1aecefd26,48,0.5
10,49,online_static_3step,dynamic_3step,0.14232213227678736,0.07418035361475976,0.14243384008186843,9057.0,69.32070417145044,13.520589142504626,0.985574295415022,0.9260387258676248,4450.0,4236.0,428.5519454665482,450.0028072630521,60433548930247880d436336dc0c24b5722e1f405496f3395bc41214162a99f6,49,0.5
10,50,online_static_3step,dynamic_3step,0.15644210311461454,0.0729167703777962,0.15650620656371733,8951.0,64.27935368043087,14.543472834678425,0.984442905182719,0.9312406320438449,4818.0,4138.0,470.91380193270743,441.8652663715184,8283a2834388f9c63cfd0cea6a48fcee18a5ba4c6e6ba3aa66a9c3f28824aa66,50,0.5
10,51,online_static_3step,dynamic_3step,0.19300892442159728,0.09523029996063839,0.19315618386900152,8807.0,92.41080797481636,13.965022707353995,0.9891787549322962,0.9283925260305235,4564.0,4222.0,445.7298083463684,457.14513816242106,511218dd01b3f07057afc14325022c4e82154b26ec43f956302ef375f1badadf,51,0.5
11,42,online_static_3step,dynamic_3step,0.05244353654395689,0.009609539055688305,0.05258256157454322,8370.0,14.065887172484425,11.799089032809052,0.928906012984649,0.9152476943584918,3797.0,4405.0,375.03477027779445,477.81707987515256,1cb1e79d07c1a001fd4c5b9ce4fe3d27ab95c671552b93dc4f89281a9b88aa3d,42,0.5
11,43,online_static_3step,dynamic_3step,0.12062086841783459,0.047883028473953156,0.12087577432401153,8364.0,20.35608491730437,10.997144375083012,0.9508746399878732,0.9090673027567258,4265.0,4217.0,415.9419459858909,453.83189804502763,34a093634a379cccc3f19c065026cb0f022e187ed8a6685ddd38a12cadcab079,43,0.5
11,44,online_static_3step,dynamic_3step,0.09498462822778062,0.028508893539466413,0.09516142575844208,8369.0,17.766344086021505,11.620863712843523,0.9437137998026957,0.9139478764478765,4267.0,4120.0,422.88199698133394,444.9369169254787,53530657e9075a9c22d32ae92ddfae87139fe25651b2690a9ce00c2e03351761,44,0.5
11,45,online_static_3step,dynamic_3step,0.05513819254221075,0.008354843601769392,0.055378652514282034,8367.0,15.568735719725819,11.253599565335506,0.935768708647743,0.9111395430240559,4455.0,3727.0,448.00006472389214,409.5823174691759,78629cfa8aed03ddf734cf5143bee3141caa6f77ea5469d53b714c177795bef9,45,0.5
11,46,online_static_3step,dynamic_3step,0.1445607136115783,0.05912929256311609,0.14485911685262687,8372.0,19.566509604929323,11.507076453448036,0.9488922643746295,0.9130969535098243,4751.0,4383.0,471.3394758987706,474.6021226407029,9cddbfb99279cd5eee03d82086dbbdfb37f31abd1b94d5722a8b423fcbd08769,46,0.5
11,47,online_static_3step,dynamic_3step,0.14338047891875944,0.05861815736715685,0.14372417220016434,8368.0,21.3648439515089,10.880186449579831,0.9531941350814606,0.9080898103507575,4688.0,4459.0,462.1189282378182,483.7645430169068,7dfb5c16d5299f4f2e7d16a845b7ee594f2c60af63bdb532d93b3c97fcb66b17,47,0.5
11,48,online_static_3step,dynamic_3step,0.1343415402256827,0.06010985087601216,0.13470725272976677,8370.0,18.911985018726593,11.164164029358293,0.9471234775720369,0.910427686536107,4590.0,4213.0,457.3754261219874,455.4089834669139,eddf1fdc23cb0d0f7d0b5404a81fac5fb89d735cb21ef86307be72d6b98e7a2f,48,0.5
11,49,online_static_3step,dynamic_3step,0.11361759250281672,0.05659370518218188,0.1139026918572073,8374.0,22.324095250908112,10.821543092729533,0.9552053514930545,0.9075917370165212,4658.0,4412.0,458.9401721097529,478.9908077712171,6380ff17fae2c5dce548cb122f24b97936c86bc6bd9dfc0abfbb7641ad272364,49,0.5
11,50,online_static_3step,dynamic_3step,0.1981891724044968,0.10142087144497995,0.1985637364708732,8369.0,28.3843367258927,11.187082405345212,0.9647693018280824,0.9106111885327494,4293.0,4450.0,416.78182457224466,476.58915264252573,9cae9e36224ee0c7d837b747e56e56000fc8156e89997c5413d8629d86db3879,50,0.5
11,51,online_static_3step,dynamic_3step,0.1404719432447114,0.07100093486694607,0.14076633383785964,8386.0,25.719808257306326,10.829163127980662,0.9611194613118499,0.9076567608981552,3968.0,3426.0,394.9565801813733,369.62080764304847,61c8419046bfe151beda93afc059c785c9ca6fa5dfa17d9d9d9f2df57ac44ef7,51,0.5
12,42,online_static_3step,dynamic_3step,0.021811496606628678,0.010085662548622318,0.021736428817592246,8730.0,15.42974913571492,13.17361649356689,0.9351901323084171,0.9240907004930398,3906.0,4047.0,382.5289197084494,434.4251917034853,82db6a1c9a9ed13f8f79da86e48b7fd3f71bd5159343271bdca145178b0f5a30,42,0.5
12,43,online_static_3step,dynamic_3step,0.05986281109654418,0.029310537972989607,0.05985207720744229,8709.0,18.18545760218556,14.287240306165362,0.9450110070433522,0.9300074767015383,4468.0,4020.0,434.84380924422294,428.5337227799464,df7c40000b9e2514790e87b9c5c450a338dfac30d97e741c6387877c23fbcb9a,43,0.5
12,44,online_static_3step,dynamic_3step,0.022969389944017204,0.011500373488463039,0.022955954522138278,8682.0,15.778061457098568,12.312640837391873,0.9366208578462534,0.9187826548986038,4281.0,3998.0,424.0127650464419,433.23527522711083,3f3925747fbdba406133e07145fc3885a3bba5237adea2ea92ccfe9b51e184d0,44,0.5
12,45,online_static_3step,dynamic_3step,0.033400085132868684,0.007928268519414446,0.03338750621388953,8588.0,16.696669931439764,13.052441090405052,0.9401078176602746,0.9233859786783403,4308.0,4078.0,431.0237622288987,449.852941329591,06968ba1e3ca84ed6771d74ce719107af57f1b47cf067d90211c88be539aa365,45,0.5
12,46,online_static_3step,dynamic_3step,0.046782616432176405,0.02267599242068453,0.04672948410808736,8740.0,19.206060606060607,13.521233367859134,0.9479331019248974,0.926042249786394,4450.0,4016.0,442.31933917617425,432.13721549347974,3fa69cb7819eac24f15029b8d71fcde2a8e24f467fbaf89692eae804d1763799,46,0.5
12,47,online_static_3step,dynamic_3step,0.02918754684342484,0.007765083066230186,0.02919038149343428,8624.0,15.987340593875082,12.498417372101583,0.9374505100377288,0.9199898698988757,4231.0,4064.0,419.056245861575,436.57964509539306,1554c6d50630550bd52e0298fc5d660fbe9e1ea8244747742244420802cb7294,47,0.5
12,48,online_static_3step,dynamic_3step,0.04565672374035584,0.03094463922184434,0.045627579142493546,8663.0,16.727043292564552,13.001376252007034,0.9402165713025615,0.9230850657178982,4421.0,4035.0,428.5599902928807,434.3228643850889,fad9f0d3eda622c7749e70194b5cd25978ce3bcb9a77d02c9d66871074ac0911,48,0.5
12,49,online_static_3step,dynamic_3step,0.08432573961881357,0.02895144401186258,0.08438184769128151,8625.0,21.982864450127877,12.17173023055376,0.9545100229195025,0.917842411796987,4290.0,4067.0,427.75749444635585,442.6697503279429,4edd7bce3419b6a5b41a81acb0a1ca08e47a104b81757baa54e26b327bd29be0,49,0.5
12,50,online_static_3step,dynamic_3step,0.05572042227012253,0.022700891539310035,0.0557794463705662,8573.0,16.8733214849921,11.451484211238082,0.9407348457806932,0.9126750749899619,4117.0,4092.0,412.81692622369155,451.6204492498655,a8338cc1cbf94848600b55a31a187ca8ae849b554d364f4e27af219197e2e699,50,0.5
12,51,online_static_3step,dynamic_3step,0.10182841425695724,0.03670337543986809,0.1019950429137271,8524.0,19.602039633793023,11.173417638147928,0.9489849006184007,0.9105018685969607,4261.0,3984.0,425.132437818218,426.7407596500125,9d9ce74bb5b0c3b575d70d077d35a080c6cbbecc9d9e050c0c1e562bdea05b31,51,0.5
13,42,online_static_3step,dynamic_3step,0.031109086495028915,0.0007320500006533026,0.03101195360495851,8653.0,15.422027377650533,13.19736434108527,0.9351576822221707,0.9242272946207253,4236.0,3970.0,421.2063531812746,431.64093098184094,0f8fcacafaebdfd0b786747e508c9f689e31407599633e6017f5b5efe763c5b6,42,0.5
13,43,online_static_3step,dynamic_3step,0.03158874135380363,0.003585286402294175,0.031673077486152446,8553.0,13.070556621880998,11.402846783939841,0.9234921641878715,0.9123026013636846,4244.0,4033.0,421.50757628912106,432.6578905824572,4248db5853daf0a7bc9a971e6b2ed214105d3c3f73655ac447b196df9901907e,43,0.5
13,44,online_static_3step,dynamic_3step,0.12988779038253673,0.06547460604402856,0.13001636926333104,8620.0,21.981973919713628,11.448375987575123,0.9545081800364074,0.9126513663522847,4230.0,4064.0,411.90040088794194,440.5286140581593,9cdbc560543608ae4cc31718d26a48d4661653b8c2be83a5dfea5fd540c84647,44,0.5
13,45,online_static_3step,dynamic_3step,0.03131269218755761,0.017243498383488026,0.031403814970081545,8545.0,13.578497884907016,11.574355135098346,0.9263541513592947,0.9136020980583552,4019.0,4101.0,404.6958629898727,455.23232795950025,85e0ab3595e2e2ce269ce58bf3cc62d231aedcb8fcd24191fc1f49bd21d9a5d6,45,0.5
13,46,online_static_3step,dynamic_3step,-0.012197310530083216,-0.004660303988374676,-0.012324660044678692,8590.0,12.136934762547028,13.121772639691715,0.9176068735999251,0.9237907844116179,4200.0,4135.0,424.6824085013941,446.9801839152351,5ee37c7f74597464633a166603c6419833c3ea4a4242b6499bc3005d6b431ce9,46,0.5
13,47,online_static_3step,dynamic_3step,0.04021778839859863,0.02039945291070934,0.040258389959486274,8537.0,13.921578258022265,11.484401434661974,0.9281690637752402,0.9129253704958604,4120.0,4119.0,410.1191581271123,440.0841987263411,f105f9036b07cce736ba58e1ce42c4fce9ebc3827ce5ab00f7ca0dae52128cf4,47,0.5
13,48,online_static_3step,dynamic_3step,0.0401347053501479,0.02096513877859582,0.040130938724190934,8534.0,13.61755511022044,11.598033189920098,0.9265653788873257,0.9137784843667197,4031.0,4068.0,400.1104662960861,438.0823259870522,c01b3844cc93ff29612ae466571ad67e3799e3f69e24da7c016f06ef13149cd9,48,0.5
13,49,online_static_3step,dynamic_3step,0.07145504285365062,0.028620158359459275,0.0715042953601735,8647.0,15.880656160722515,11.340915172598342,0.9370303097126874,0.9118236945801185,4201.0,4085.0,422.9537014279049,445.8400334655307,2d7f9754d80d3bb60b250b074b0507f7cc0d1afe1e12b4f15b14acf710412ed5,49,0.5
13,50,online_static_3step,dynamic_3step,0.03306551249970918,0.013634009836503095,0.033167287446339566,8545.0,12.95091697739898,11.15997375328084,0.9227853902742849,0.9103940544926445,4008.0,4060.0,403.3998843689915,444.7232884345576,7f0e9f7ad3b2124f4204bb38a6fe0ae8bf2d0067044ec88a227dcee8ae3ebb81,50,0.5
13,51,online_static_3step,dynamic_3step,0.07781264053422299,0.03131526301457407,0.07787715820780328,8528.0,15.80617272473738,11.276345514950165,0.9367335776082623,0.911318786864574,4017.0,4031.0,400.7931637172587,440.3135871968698,e3ebb4ca7cb9b621fd1aa6a6c6b9711d26f06e8bc11b140cbd1f5a28e68f4d73,51,0.5
14,42,online_static_3step,dynamic_3step,0.1847458047706424,0.10939285778581562,0.1848575767231927,8340.0,33.42804503582395,12.666769159812437,0.9700849990201842,0.9210532703814737,4601.0,4476.0,440.44957253546454,477.97889840160497,0413fd01a68a9486527e6b75662a7c393833213e9d35e01fff07e7b95f2d6ea8,42,0.5
14,43,online_static_3step,dynamic_3step,0.15621773681633494,0.08047684271400923,0.15648789577885167,8346.0,29.132976827094474,11.691064975554454,0.9656746371668421,0.9144645930810444,3420.0,3431.0,331.5594006096944,373.3578997764271,402afea20fb6b9dd75e46a4df34493c51212c04f5bf2feaa4b7cfd587111fa37,43,0.5
14,44,online_static_3step,dynamic_3step,0.23059811795382898,0.11397576521535356,0.23094018355958681,8345.0,48.66421568627451,11.369012337170032,0.9794510198942332,0.9120416118530733,4698.0,4480.0,452.33381263678893,485.8113784727175,85c8e887588fa9df41f7118188129995f257d7fb88da6fca6d7eac449ae51742,44,0.5
14,45,online_static_3step,dynamic_3step,0.2338231840193018,0.1235964862940194,0.23420278834421826,8343.0,53.47140495867769,10.750048894973597,0.9812984154657467,0.9069771672882744,3829.0,3783.0,367.054023551289,406.98672584281303,08325c001fd6b85518feb38dce9d8734add652ce60c284657541b49ed7f37d77,45,0.5
14,46,online_static_3step,dynamic_3step,0.17391152984778502,0.09821656830154549,0.174105457047914,8342.0,30.204028830160784,11.786786786786786,0.9668918340125066,0.9151592356687898,4514.0,4489.0,442.88462074892595,491.9378365869634,faceb7de243f60955a85fe4f1d1321538dfbb4d660ae40e82f6115f3b46a88ea,46,0.5
14,47,online_static_3step,dynamic_3step,0.19163690463477698,0.1017668174336568,0.1919791888464647,8348.0,28.195763580457808,11.166632798211745,0.9645336790703873,0.9104474895816272,4703.0,4409.0,461.2989952347707,480.330495883245,42c86ec7e3b2d82e7647e432d1a4c7d4d0002af7ad485a3e80ea885420de1988,47,0.5
14,48,online_static_3step,dynamic_3step,0.16060828836713759,0.08105466620865666,0.16080008082504857,8345.0,29.694323144104803,12.01967499817824,0.9663235294117647,0.9168030749457399,4141.0,3825.0,404.384186366573,416.6832469715737,c8e5d721f287828bab73de7bd1b8a42ff2fb22adeeb65915ef12d880ebf71acf,48,0.5
14,49,online_static_3step,dynamic_3step,0.17730713022416963,0.0800021150822058,0.17753099241152767,8342.0,30.11037037037037,11.357423355149844,0.9667888508942409,0.911951860142066,4609.0,4506.0,452.4730189717375,483.26815320691094,29b71c976a0e2dfe1c91afa74cecacc9128585608ae29168b9071393abf126ed,49,0.5
14,50,online_static_3step,dynamic_3step,0.14977021190335515,0.07216254931726561,0.15002840134228237,8343.0,24.835527311242245,10.806212726915263,0.9597351009516383,0.9074606409043495,4612.0,4497.0,456.4248953612987,481.83649553800933,e26e00475562478023bb8ed6b053d3653f8b7de6b7ab5f4cee035b8da37839eb,50,0.5
14,51,online_static_3step,dynamic_3step,0.19460961323940051,0.10078138942446402,0.19468171990386396,8339.0,47.28780345130155,14.02059574468085,0.9788528980621857,0.928676354542254,3880.0,3430.0,382.32313966052607,374.39391013863496,de65ae70a7bd8ed205f7ce13a883c9352c282af51785eff7b55d5ae0612423f3,51,0.5
15,42,online_static_3step,dynamic_3step,0.31306323428916044,0.17520234197229925,0.3134981963955791,8360.0,156.45210727969348,13.722093216122076,0.9936082676201204,0.9271248209547869,3648.0,3442.0,344.73725876188837,374.25554691650905,0950860b4cb66025e4cf1bbb78c57c0a8ad375cba90872b1c964b7f1335b5157,42,0.5
15,43,online_static_3step,dynamic_3step,0.35790899500746354,0.21374322937981474,0.35856438873846347,8348.0,274.3385689354276,12.134465519776503,0.9963548690806382,0.9175901074200409,3639.0,4278.0,341.8265918032266,457.49225873616524,37ffc23b96bbdbb178ca972d64dafe1344a7a2697c8d55c6d7c2f1d5732c880c,43,0.5
15,44,online_static_3step,dynamic_3step,0.3037394077853069,0.15526157000367907,0.3043128854996689,8356.0,121.41263940520446,12.001016260162602,0.9917636252296387,0.9166737234312812,5005.0,4462.0,473.53189219906926,484.42448284942657,74faaaefe1e35cb7680fa7d8f5d4803a5e7537cde223c3675a97a449c5a5217a,44,0.5
15,45,online_static_3step,dynamic_3step,0.3653735186390407,0.21443215832261758,0.36620025350900276,8347.0,269.23539518900344,12.03712618526623,0.9962857781039599,0.9169236921995528,5337.0,3823.0,509.13716065790504,418.15946259186603,37c2b191131534ff0a94f6afaa1c896b7ebb0dcb5a71dd2b93b6b3370ef43760,45,0.5
15,46,online_static_3step,dynamic_3step,0.32318089366363034,0.17443335937437712,0.3237993624868477,8350.0,143.89407540394973,11.506759581881534,0.9930504435488902,0.9130945603856543,4947.0,4419.0,469.91024858434685,479.2540012476966,93b79526ab2342a47ccb12376afddce47c631a86cc65c868bb4fca7934a32976,46,0.5
15,47,online_static_3step,dynamic_3step,0.3243020948439559,0.18282903167788153,0.3248998593164436,8351.0,149.81559633027524,11.867418798505318,0.9933251275268067,0.9157356779111943,4097.0,3791.0,394.7280713727232,409.33924181130715,1b47c21762f465594a7a28f9f1099af367323019d8a974ca3d55a90966532b2c,47,0.5
15,48,online_static_3step,dynamic_3step,0.3290831470484805,0.2026551516450499,0.3299271409325295,8348.0,282.956678700361,11.237557023217812,0.996465890098113,0.9110126873720054,4037.0,4248.0,384.5031588820275,465.7945821583271,c012fa47d7c55485885993a4cff6e6e45b9006603d5ea1d8591b9fb90cdd5c37,48,0.5
15,49,online_static_3step,dynamic_3step,0.36392819892758593,0.21502593711513246,0.3647885584257771,8351.0,284.7097966728281,11.9405002891845,0.9964876515958138,0.916251415285691,5263.0,4404.0,503.3805876853876,492.8859875060152,8bffc58b0ffebb7273eaef1498ea17c2b3c1871c5deb17dac00eac72d8ad1ef3,49,0.5
15,50,online_static_3step,dynamic_3step,0.31195604192335596,0.17886839887810885,0.3124902152816733,8355.0,155.05029013539652,12.24868469803631,0.9935504796596849,0.9183585809698964,4179.0,4439.0,404.2713124754373,503.87578173400834,6704fde7839051e72a9f3213e4780a81a3a2f1e25642cbbf98807db544e27862,50,0.5
15,51,online_static_3step,dynamic_3step,0.3090034834615368,0.17288724418039259,0.3094410064119775,8353.0,149.3716894977169,12.593216463414635,0.993305290960003,0.9205921693710925,3739.0,3797.0,358.42514767847024,424.60510296584107,91accd1f1f3cff0851b68f250b934103d3da159bf8e91e81729ea782fd95aa4b,51,0.5
20,42,online_static_3step,dynamic_3step,0.0383751215705847,0.010906414170131887,0.03845130640854136,8485.0,17.58122475015947,11.33799690589897,0.9431211412054255,0.9118009990389293,4457.0,4043.0,1677.5839074021205,1687.2014741527382,9fabf0d8f759353d2f98bc1262445f494c2efd8fc6d2cdd1ebd19f7ce0bdd79c,42,0.5
20,43,online_static_3step,dynamic_3step,0.07612259917422906,0.029988530453177457,0.07625013119780175,8500.0,34.621386655074986,11.582853618421053,0.9711161193523884,0.9136654892703101,3703.0,4102.0,1374.1659337056335,1710.279744433472,65a9702c31d3f4df9f8d359b567bee7dc75bea8ccb4d86cb6cf466eeb71c5e5e,43,0.5
20,44,online_static_3step,dynamic_3step,0.06770092043075876,0.03482570877288596,0.06790471117639105,8471.0,22.403975288745634,11.039965874786718,0.9553650641409903,0.9094200098676194,4280.0,4085.0,1626.681991073303,1735.8495740732178,1ce2fdf5e82b5c4c5020d1639f778e4b473c82f2d83bc703d509c013e3610109,44,0.5
20,45,online_static_3step,dynamic_3step,0.07855658258347681,0.03495202751114492,0.07870149802471367,8755.0,35.113493829658104,11.206095212801275,0.9715209199958518,0.9107628499481558,4017.0,4021.0,1555.4470020534936,1675.7580587957054,7d4026ef9a393d3eb64993861a1cfe26eab61eae2aa3d3d3b0dc51ade46b5f30,45,0.5
20,46,online_static_3step,dynamic_3step,0.026740972351627174,0.0057767222243096635,0.026791560533790823,8494.0,16.81998190772942,12.126391382405744,0.940546903945214,0.9175352362904181,4497.0,4088.0,1731.544597106753,1709.088561884826,1476a5a610b640fb782c76e31d9cfbd4cc1234ceb6ea7cd44ce9d0448243044a,46,0.5
20,47,online_static_3step,dynamic_3step,0.06337575314191034,0.026924524107180676,0.06351697520576684,8909.0,29.149844083374365,11.333355745310294,0.9656944991836045,0.9117648803697178,4948.0,4068.0,1910.8626548389439,1697.2488959804177,7b500b9dd2fa6f6e08cf39ee80f3b122ad093607f27df7ff457cbf21d12be22d,47,0.5
20,48,online_static_3step,dynamic_3step,0.05041418755522234,0.008450408956684871,0.05052373803695619,8537.0,19.872021703231894,11.239669971388649,0.9496779937676213,0.9110294161175935,4473.0,4139.0,1716.2888630463276,1723.3859412202146,9cdbba31fd5cf8166f02b89d28a81355b955f86d5a9cb99bedaecb598f6fde40,48,0.5
20,49,online_static_3step,dynamic_3step,0.06885046168662282,0.0275832072913098,0.06894600461240918,8610.0,26.167919030823494,11.611756617394294,0.9617852684876437,0.9138803858063982,4599.0,3969.0,1774.6360576921143,1679.575341633521,41c195056434d3b3ab8ef271ad0dc4437e14033e513a1ddfb30f2b7c13b8ee67,49,0.5
20,50,online_static_3step,dynamic_3step,0.04813972884335674,0.02521121024517157,0.04821040525030862,8720.0,21.60117411941044,11.763372052583989,0.9537062201122939,0.9149903619872045,4573.0,4073.0,1774.0217769378796,1718.5177838183008,47c09c977021b9577c043399d1e95b28b11186cde317dea7c73309d8b36b7534,50,0.5
20,51,online_static_3step,dynamic_3step,0.0587303906397692,0.021091577622075117,0.05879494150495243,8467.0,24.355512744516894,12.327248735429954,0.9589415336687942,0.9188788981659888,4807.0,4097.0,1871.686476664152,1705.6933250350412,8b713aaa034513400fe86e1346db770eb27bee05f94a6ce20a068e8933693dc6,51,0.5
25,42,online_static_3step,dynamic_3step,-0.0010939413238244544,-0.0022548362499937007,-0.0010355777655755294,8771.0,12.87079022672243,11.85858170606372,0.9223046928444384,0.9156728835887125,4185.0,3957.0,1587.9146990443114,1678.172622273676,38dbf86c15b720a45adbd2918968b107edcb649e273b5018f579e30c557f7d80,42,0.5
25,43,online_static_3step,dynamic_3step,0.0309912736598843,0.011115063039828867,0.031044715136299472,8738.0,19.88156996587031,11.651009863785815,0.949702161262081,0.9141705301350534,4197.0,4145.0,1616.5690024525393,1718.3649814729579,0432ffe7320af620cb3b947549360b8a3cdeccf9fdc76843b295db0a0c1822da,43,0.5
25,44,online_static_3step,dynamic_3step,0.011877109620126794,0.003886091476558579,0.011938394974098016,8751.0,15.2455574912892,11.490133545943792,0.9344071215125215,0.9129688096311973,4122.0,4004.0,1595.3622307230253,1694.3747810218483,cd1849d366802ebfd35b45f7e3edc95c9611a56337da7d3e4677edb54a6d0939,44,0.5
25,45,online_static_3step,dynamic_3step,0.008938850221860944,0.000582474707636965,0.008997736238341048,8770.0,14.745607398066415,11.730526743949563,0.9321831937468287,0.9147523362055514,4174.0,3984.0,1627.0527365878224,1672.688805929618,9e80dfa7c9568a0bbf5bdf015ea65cdad60e085bd19c5df25a4d9eb657ef3182,45,0.5
25,46,online_static_3step,dynamic_3step,-0.0009970985077979444,-0.002827736976872427,-0.0009649406320805243,8762.0,14.922762496806609,13.406472592133788,0.9329882787979776,0.9254091638850067,4278.0,3984.0,1673.8725971688982,1693.6863466114737,66d62b1ec8064d170fef11e55b8f973ba9d46fa2bac40f6fd552383bed081de8,46,0.5
25,47,online_static_3step,dynamic_3step,-0.001590693870577281,-0.0038358445001029752,-0.0015709708576016335,8752.0,14.805785823041786,13.357269571924412,0.9324588365688952,0.9251344000646737,4196.0,4088.0,1627.4773091322277,1703.3631172322202,a2472723e5286105986d42a2c47e1e484a4e7fbe54513a9e8d4e4b30141c90fb,47,0.5
25,48,online_static_3step,dynamic_3step,0.007199201227036531,0.0019331464950177151,0.007236870123420475,8898.0,16.104886877828054,12.935946248600224,0.9379070460049787,0.922696030055922,4518.0,4038.0,1739.7907976373099,1676.8180935571436,d12df8f575dc98a8bfe338e7e3bbeabcfb283482ec4ebaa3b9e51fd6bd217fed,48,0.5
25,49,online_static_3step,dynamic_3step,0.015817400058898284,0.00623793632236703,0.015870196339213466,8746.0,15.604960299759123,11.587483266398928,0.935917811978321,0.9136999832483234,4243.0,4081.0,1661.1716270213947,1742.5672973801848,ce01880f5755f8567e0eb08957fa0fa119787dad8aaa25e96efc59b829c1485a,49,0.5
25,50,online_static_3step,dynamic_3step,0.0015051085262170194,0.0009230485591000738,0.0015207809824844543,8842.0,18.764431239388795,15.476169225276687,0.9467076839557557,0.9353845266587849,3891.0,4109.0,1528.4701314189006,1747.0208685104735,1ab1e47a1ddd7297ac7dcc39f4d4a6f91dbd4d6b97a86efbd81da27d44c3790f,50,0.5
25,51,online_static_3step,dynamic_3step,0.02946963897258334,0.010887014290552622,0.02955630729202678,8740.0,19.24609116934596,11.53340438286818,0.948041397538803,0.9132953318202032,4268.0,4027.0,1676.1535966023803,1707.4598293125164,4b9d454e0d099d9dd6dfcd1275d97827edca2e7e5a046a1b0bae4018bd09b18d,51,0.5
30,42,online_static_3step,dynamic_3step,0.12186282508761331,0.04524025557082113,0.12210176201214473,8507.0,41.88018085908063,11.989222151315323,0.9761223571749887,0.9165917532114215,4802.0,4120.0,1821.078354581492,1715.7848735789303,5e988184f791cad29207e8f104d071ccae8829107b6b838f95cce54c7c04d684,42,0.5
30,43,online_static_3step,dynamic_3step,0.16368886542546357,0.08071622491801046,0.1639941670357615,8498.0,76.87194841087057,12.48421675168182,0.9869913535343852,0.9198988595047195,4352.0,4112.0,1654.962857567938,1745.13004633761,2eb42da720f59580582ddd282ff51f701610ae2096317f290f49864d77876a49,43,0.5
30,44,online_static_3step,dynamic_3step,0.11854205582086799,0.059681362844364955,0.11879395114395071,8483.0,32.94374259771023,12.432755440796754,0.9696452217888107,0.9195673071217497,3379.0,4120.0,1299.5003912465181,1702.6503996665124,22b2e015cd312b912e0b6c1cdda0cdf9db757f97f92ad3d4762461ee8cf92498,44,0.5
30,45,online_static_3step,dynamic_3step,0.21855037548809458,0.11112105240493171,0.2189951097658378,8482.0,185.02727272727273,12.672709493004362,0.9945953913427996,0.9210902766648266,3681.0,4171.0,1411.2443321598694,1708.4326789916959,f6150b42ec826a4058505b813d170dc23d3d33c34d435fa12903e890ac4a5d9b,45,0.5
30,46,online_static_3step,dynamic_3step,0.19468407323472542,0.09821973920383104,0.19511141319594918,8496.0,71.56014203284509,11.843434343434344,0.9860257404248721,0.9155650319829425,4782.0,4042.0,1849.65956752887,1480.766942948103,f38435657d671b9c9ebfdb5cccb25840575a73e2041670cd6983310a65a3fcbf,46,0.5
30,47,online_static_3step,dynamic_3step,0.13427238487281923,0.06253374392913981,0.13451543528342025,8501.0,45.52295353982301,13.484802552852015,0.9780330597590684,0.9258424440342657,4536.0,4058.0,1741.1711041321978,1482.0091289703269,f37a78c45eea9b5fca1cf6577c3355577948612c6865c06f445652e9fb7a071d,47,0.5
30,48,online_static_3step,dynamic_3step,0.19984700059831398,0.10907770597971851,0.20022616656411432,8500.0,101.30720606826802,12.264392014519057,0.9901290338682707,0.918463141196387,2547.0,4045.0,976.8430842855014,1632.1762732563075,9eca73b0f7dd59c64dcfcbd09867e92dcaa5c375e437278a8ade507292b08f77,48,0.5
30,49,online_static_3step,dynamic_3step,0.1703245528917367,0.08839472105401168,0.17063288684006878,8486.0,69.26862582781457,12.340825889588519,0.9855634497140774,0.9189681461397441,2744.0,4172.0,1057.4198045558296,1640.8814770223107,da30d6b573da945a3a6089d72f8d2363a22a77cbec12abdad2839810c0e54864,49,0.5
30,50,online_static_3step,dynamic_3step,0.18838571145994554,0.09089710162649145,0.18880481399132762,8500.0,71.45744680851064,12.021985058697972,0.9860056572874796,0.916819061484651,5485.0,4128.0,2158.4883003600407,1242.696444769157,ae7d02ae14c4e0b1c8ff3ee3bd30cb8444c8da01794411da1a23022162abcbe3,50,0.5
30,51,online_static_3step,dynamic_3step,0.15930632492577437,0.07582112348788596,0.15958994926246484,8501.0,72.42770299609205,13.808321072421121,0.9861931283385591,0.9275798994855888,4625.0,4229.0,1788.6913454837631,1338.4837495123502,cd757de61f8e58f45a514a9223575275ab1433ea3f9a574d8616433d4ae94948,51,0.5
