dataset,planning_seed,dPdet,dRMST_rel,dretention,dL,dPostFaultGain,deadhead_total,deadhead_fraction_remaining_budget,assignment_cost,route_length_after_replan,task_splits,empty_sectors,prefix_removed_total,suffix_removed_total,search_inactive_count,remaining_budget_at_failure,postfault_eff_replan,postfault_eff_fixed,postfault_mass_replan,postfault_mass_fixed,postfault_dist_replan,postfault_dist_fixed,termination,budget_utilization,unused_budget
1,42,-0.05080325725057,-0.02064967123486063,-0.15792179925658612,-0.050976217009373215,-0.05080325725057,2561.6889710246414,0.02561751739769291,2561.6889710246414,4639490.1356358705,0,0,4947,0,0,99997.54977253747,6.193946101962368e-07,1.129230628141342e-06,0.061945615408526306,0.11292183241789952,100009.93613570624,99998.91041191763,budget_exhausted,1.000061931815834,-12.386363166762749
1,43,-0.08989531731823999,-0.03504776818379186,-0.2794458454117186,-0.090127887968526,-0.0898953173182401,2866.7182454167773,0.02867282686546935,2866.7182454167773,4660028.572578186,0,0,2993,0,0,99980.3144233805,4.687960391833844e-07,1.3700022382048705e-06,0.0468719893212978,0.1369998772898229,99983.75712163886,99999.74705832262,budget_exhausted,1.000017213491288,-3.4426982575678267
1,44,-0.05137773390673417,-0.02170737303731621,-0.15970629938068914,-0.05151041251701233,-0.05137773390673418,2463.7724032634396,0.024638319843592788,2463.7724032634396,4619409.775579682,0,0,6856,0,0,99997.5817711509,8.537944623224383e-07,1.368940458588963e-06,0.08539360670781529,0.13690401922482762,100016.58534482987,100007.28546363632,budget_exhausted,1.000095017868383,-19.003573676600354
1,45,-0.036854613021328586,-0.015704109363405903,-0.11458762727283867,-0.0369428197764341,-0.0368546130213285,974.4184664327552,0.009744384941111841,974.4184664327552,4618014.771734245,0,0,6994,0,0,99997.94469547848,9.99087652829465e-07,1.3685658395128367e-06,0.09991493226629197,0.13685775204272602,100006.17261491322,100000.85351497796,budget_exhausted,1.0000411395971704,-8.227919434080832
1,46,-0.06730299335512568,-0.026349300503530505,-0.20913200679970345,-0.06745205377093072,-0.0673029933551257,3427.422568090053,0.03428265087846496,3427.422568090053,4639988.51045573,0,0,4898,0,0,99975.42431128124,6.944869912377343e-07,1.3691382773907191e-06,0.0694409895402896,0.13689304331122032,99988.89887991986,99984.81933622425,budget_exhausted,1.0000673728431952,-13.474568639067002
1,47,-0.083693611731291,-0.03163909807501424,-0.2602290619279425,-0.08393755486274049,-0.083693611731291,3069.3366364015255,0.030694081344962067,3069.3366364015255,4660099.0939622205,0,0,2986,0,0,99997.67062275368,4.6622543561652947e-07,1.3055376594714638e-06,0.04662285594784307,0.13056041081058267,100000.67003249128,100005.08975240054,budget_exhausted,1.0000149970486998,-2.9994097400049213
1,48,-0.0897949416171055,-0.036452505189341455,-0.2791991102938124,-0.09002132397190238,-0.0897949416171055,2876.941383831438,0.02877007485735815,2876.941383831438,4660068.87051192,0,0,2989,0,0,99997.70240763346,4.6863969498865627e-07,1.3687533104955526e-06,0.0468634696786869,0.1368847936505884,99998.93346597809,100006.9132991026,budget_exhausted,1.0000061552917148,-1.2310583429643884
1,49,-0.05630554637098523,-0.023337899684813816,-0.1750080766633051,-0.056491741207507495,-0.056305546370985296,2311.630081432113,0.0231170077271321,2311.630081432113,4639490.135635871,0,0,4947,0,0,99996.94202286335,6.228234549928841e-07,1.1876759548122994e-06,0.062290038941535314,0.11878178014904281,100012.35252491734,100011.94321376584,budget_exhausted,1.000077052510252,-15.410502050392097
1,50,-0.06913155563098719,-0.027035117850839032,-0.21498365031506605,-0.06934174766795032,-0.0691315556309872,4691.380246261624,0.04692399650187933,4691.380246261624,4660099.0939622205,0,0,2986,0,0,99978.27542404093,4.533934834976858e-07,1.1469837462014379e-06,0.045336962446106494,0.11467871011405611,99994.73767544323,99982.8554622916,budget_exhausted,1.000082311257011,-16.46225140214665
1,51,-0.017200207388111066,-0.00919051548267318,-0.053463183652404656,-0.017294291900083525,-0.017200207388110997,3574.088243400087,0.035748373553177025,3574.088243400087,4618004.697250811,0,0,6995,0,0,99979.04486713216,9.742870023373995e-07,1.147078992153431e-06,0.0974112004718358,0.11470549237191932,99982.03839129316,99997.90176313905,budget_exhausted,1.000014967620776,-2.9935241552302614
2,42,-0.048872156428404895,-0.020837163133840975,-0.19920866644959223,-0.0490922866570373,-0.0488721564284049,3649.63093516163,0.03650349962509534,3649.63093516163,4645108.718364915,0,0,4379,0,0,99980.30250920355,4.4611748514451145e-07,9.371019939300511e-07,0.044608305244237006,0.0937005919012743,99992.28169634951,99989.74765629244,budget_exhausted,1.000059895935732,-11.97918714635307
2,43,-0.044236968934492416,-0.019665675335622922,-0.1802344714691726,-0.0444291055655201,-0.0442369689344924,2454.4765229665304,0.02454951255102793,2454.4765229665304,4644272.536239936,0,0,4462,0,0,99980.66225814968,4.4606304827146925e-07,8.90458879349759e-07,0.044606210972109483,0.08903531653762958,99999.78959244034,99988.1281465192,budget_exhausted,1.0000956366714653,-19.127334293094464
2,44,-0.06118536432263791,-0.0260309270126031,-0.24943538978521196,-0.0613973883281112,-0.0611853643226378,3788.1353843118277,0.037886206670701306,3788.1353843118277,4660856.610456876,0,0,2869,0,0,99987.19104389308,3.172320462735156e-07,9.311269930139004e-07,0.03172170511519448,0.09311909344330518,99995.27313783493,100006.8670997223,budget_exhausted,1.0000404104697207,-8.082093944132794
2,45,-0.023151292866810197,-0.011180953657274275,-0.09438814151715902,-0.023291335236722083,-0.023151292866810204,1824.135356709045,0.018245055484647325,1824.135356709045,4628041.068943162,0,0,6020,0,0,99979.7100230252,6.13984013153461e-07,8.469780818313072e-07,0.0613972785613732,0.08468861379809531,99998.17136285498,99989.144482918,budget_exhausted,1.000092306699144,-18.461339828791097
2,46,-0.004964690536206101,-0.004675805902176717,-0.0202241962193368,-0.0050466477295250944,-0.004964690536206101,2887.254978954861,0.028873100197339865,2887.254978954861,4605731.475154548,0,0,8152,0,0,99998.09370040802,7.959248821746259e-07,8.463340805510194e-07,0.0796007210102867,0.0846473687398118,100010.34368067702,100016.49547741332,budget_exhausted,1.0000612499013322,-12.249980266438797
2,47,-0.043610296970239576,-0.01897447753641254,-0.17779077320565306,-0.04382585790059401,-0.0436102969702397,3559.1822057539384,0.03559742478182344,3559.1822057539384,4643558.399711212,0,0,4532,0,0,99984.26087190746,4.926793634526464e-07,9.309958530004922e-07,0.04926042938053449,0.09308628728112858,99984.76298118608,99985.7163499947,budget_exhausted,1.0000025105464074,-0.5021092814859003
2,48,-0.05320453404679901,-0.023347387246159177,-0.21685121736669322,-0.0534239324435071,-0.05320453404679901,4170.184761218988,0.04170915526078966,4170.184761218988,4660856.610456876,0,0,2869,0,0,99982.4795094648,3.113672956012395e-07,8.456857451563071e-07,0.0311330491792306,0.08455698162273731,99988.17993750356,99986.2917248401,budget_exhausted,1.0000285021401956,-5.70042803909746
2,49,-0.060478618673003415,-0.02582884230946007,-0.24653014945286666,-0.0606774692104724,-0.06047861867300341,4220.307021171009,0.04221154801422188,4220.307021171009,4659749.569074251,0,0,2978,0,0,99979.9159165901,3.2468879428066796e-07,9.314711945401799e-07,0.03246274395774179,0.09314021316821389,99981.10353534498,99992.58561526691,budget_exhausted,1.0000059380937918,-1.1876187583548017
2,50,-0.014430409533299493,-0.008436792811650214,-0.05882672252205745,-0.01458439568347239,-0.014430409533299493,1078.6854757301237,0.010789188004443447,1078.6854757301237,4620392.474830752,0,0,6749,0,0,99978.37420998455,6.995940055464651e-07,8.453912790692548e-07,0.0699471075588336,0.0845315032423061,99982.42838601324,99990.98090457264,budget_exhausted,1.0000202708801464,-4.054176029283553
2,51,-0.05067367764567879,-0.02297567434973704,-0.20660202091279134,-0.050895625829077085,-0.05067367764567869,3449.5749388755557,0.03450106189626234,3449.5749388755557,4658642.527691626,0,0,3087,0,0,99984.60190146392,3.384079689209956e-07,8.47346054512109e-07,0.033840894978866415,0.0847365208079433,100000.2898476864,100002.26041854116,budget_exhausted,1.000078439731127,-15.687946225429187
3,42,-0.04542060942409451,-0.021227950311150507,-0.16618975495958976,-0.045657053084579374,-0.045420609424094496,3856.216060388833,0.038569757878396144,3856.216060388833,4645108.71836496,0,0,4379,0,0,99980.30250920483,5.081782236616558e-07,9.648430776177913e-07,0.050813419553925904,0.09647047263850539,99991.33608636758,99985.66075293,budget_exhausted,1.0000551678858185,-11.033577163674636
3,43,-0.04542258005320182,-0.020602188110629537,-0.16618076374470825,-0.04565722204762862,-0.045422580053201794,4141.041233913434,0.041418421726604385,4141.041233913434,4644272.536239982,0,0,4462,0,0,99980.66225815432,4.95839905075653e-07,9.524903768795014e-07,0.04957976555046831,0.09523698759809693,99991.47919105797,99987.3488592161,budget_exhausted,1.0000540846645074,-10.81693290147814
3,44,-0.06137462180768288,-0.027467737552348204,-0.22458581765676522,-0.061589765472461006,-0.061374621807682904,2957.0490593004083,0.02957427874938797,2957.0490593004083,4660856.610456924,0,0,2869,0,0,99987.19104389328,3.582968246893787e-07,9.74126097369053e-07,0.035829533685497905,0.09741929915795941,99999.58474809233,100006.86709972372,budget_exhausted,1.0000619685210073,-12.393704201473156
3,45,-0.02653628147124279,-0.012396482155304572,-0.09711429711677155,-0.026716461808742292,-0.02653628147124279,2133.357328257507,0.02133790273812769,2133.357328257507,4628041.068943207,0,0,6020,0,0,99979.71002302453,6.351882723392438e-07,9.024370732698677e-07,0.06351430525009569,0.09023076705883798,99992.8808763864,99985.66075294102,budget_exhausted,1.0000658542668055,-13.170853361109039
3,46,-0.0082810467324404,-0.006249142023226986,-0.030295090909506883,-0.0084263693699006,-0.0082810467324404,2111.524758043169,0.021115650107983275,2111.524758043169,4605731.475154588,0,0,8152,0,0,99998.0937004093,8.684767985832919e-07,9.527093707663434e-07,0.0868593024591735,0.0952856718290741,100013.38274190314,100015.46615672302,budget_exhausted,1.0000764452074584,-15.289041491691023
3,47,-0.040719172793134,-0.018970177015256197,-0.1489955499544896,-0.04098229847417087,-0.040719172793133994,3025.479868496373,0.030259561276072985,3025.479868496373,4643558.399711259,0,0,4532,0,0,99984.2608719082,4.931845750817164e-07,9.030075621108714e-07,0.049320498911953004,0.09030279738612387,100004.13922876852,100002.26041854174,budget_exhausted,1.0000993917843009,-19.878356860164786
3,48,-0.061439823342950006,-0.027515679921018464,-0.22478018795252375,-0.061679454064867106,-0.061439823342950006,2967.8997327096345,0.029684198144222743,2967.8997327096345,4660856.610456923,0,0,2869,0,0,99982.4795094645,3.5867207469037465e-07,9.756402186847461e-07,0.0358677945919601,0.0975472486568277,100001.63693513954,99982.8079948677,budget_exhausted,1.0000957871283764,-19.157425675279228
3,49,-0.05433041930555377,-0.024601116048526918,-0.1987912363950376,-0.05459764286391369,-0.0543304193055537,3703.498007344593,0.03704241970391597,3703.498007344593,4659749.5690743,0,0,2978,0,0,99979.91591659102,3.568212513514651e-07,9.029072573343824e-07,0.0356816349631873,0.09027927782710149,99998.62628148588,99987.32106066956,budget_exhausted,1.0000935518244751,-18.71036489502876
3,50,-0.023685499965962697,-0.011977808748166697,-0.0866788442064006,-0.02387269526604094,-0.02368549996596271,1883.985681515494,0.018843931964312378,1883.985681515494,4620392.474830794,0,0,6749,0,0,99978.37420998358,7.202201224899659e-07,9.589098539624985e-07,0.07200790732419149,0.09588060259023232,99980.41581404816,99989.17228144583,budget_exhausted,1.000010208020318,-2.041604063590057
3,51,-0.05960134772261691,-0.026850556525760495,-0.21810394312641912,-0.0598691458095825,-0.059601347722616806,3971.721220758864,0.039723328844905,3971.721220758864,4658642.527691674,0,0,3087,0,0,99984.6019014664,3.653715312036321e-07,9.640310867071858e-07,0.036536115176233785,0.09640526098581678,99997.15920907684,100002.2326200139,budget_exhausted,1.0000627865380527,-12.557307610521093
4,42,-0.06196032132041629,-0.02451149285272113,-0.22646520757896282,-0.062175924144621586,-0.061960321320416206,3478.958982766508,0.03479109441364185,3478.958982766508,4660512.147782933,0,0,2945,0,0,99995.67537037242,3.5553087185336673e-07,9.771908160920948e-07,0.03555482810237831,0.09773075224699979,100004.89666912064,100011.94304899116,budget_exhausted,1.0000461064937598,-9.221298751974246
4,43,-0.019389711582550484,-0.008771834310358937,-0.07080168143622545,-0.019462471345230103,-0.019389711582550498,2728.295836928334,0.02728964161995106,2728.295836928334,4618956.423825119,0,0,6901,0,0,99975.50993611132,7.821136844765998e-07,9.766535853908966e-07,0.07819357877212638,0.09765605011735631,99977.2543609878,99990.46906510908,budget_exhausted,1.000008722124382,-1.744424876436824
4,44,-0.015838881744710875,-0.0073068300086478665,-0.05786378723444463,-0.015918860923663625,-0.015838881744710903,2467.36594064393,0.024673777241762958,2467.36594064393,4619112.890428437,0,0,6885,0,0,99999.52242689676,7.612828820611771e-07,9.204947012940031e-07,0.07613442019396718,0.09205328111763081,100008.05480852646,100004.14015227371,budget_exhausted,1.0000426619081373,-8.532381627475843
4,45,-0.01585562148807601,-0.007380840177813969,-0.057942083443242476,-0.0159347693065513,-0.015855621488076108,2438.8629918328465,0.024390024282593285,2438.8629918328465,4619133.039395304,0,0,6883,0,0,99994.2830550365,7.611639542777959e-07,9.203943318089843e-07,0.07611260086693092,0.09204737017348227,99995.0147917182,100008.62346964724,budget_exhausted,1.000003658683404,-0.7317366808129009
4,46,-0.036106264965637375,-0.014811441985812255,-0.1318893061683707,-0.03623436157602539,-0.0361062649656374,2349.565892079986,0.02350083851155051,2349.565892079986,4639238.273549974,0,0,4972,0,0,99977.9599747128,5.558188163779457e-07,9.183142305049681e-07,0.05557921564335058,0.09181357721937597,99995.20348292388,99980.5667488012,budget_exhausted,1.000086217541066,-17.243508213199675
4,47,-0.019261665385200744,-0.008784385121918004,-0.07034344318154295,-0.019341144886798667,-0.0192616653852008,2782.757216283232,0.027832841639911923,2782.757216283232,4618875.827957651,0,0,6909,0,0,99981.06741256328,7.832500046747728e-07,9.76761581373347e-07,0.0783178544086045,0.09765899929540328,99990.8764011106,99982.43292707388,budget_exhausted,1.0000490449427286,-9.80898854570114
4,48,-0.04323192860835612,-0.016872205810288355,-0.15799383218671725,-0.04339413179554649,-0.043231928608356104,3615.281912600533,0.036154893514498354,3615.281912600533,4639500.2101192465,0,0,4946,0,0,99994.26249591303,5.16423371460631e-07,9.503318244060997e-07,0.05164521536693839,0.09503934716248488,100005.57337454954,100006.48691511384,budget_exhausted,1.0000565543931794,-11.310878635878908
4,49,-0.037813652647950724,-0.014780644967639056,-0.1381273685682759,-0.03797060426705082,-0.0378136526479506,2588.8320012095674,0.025894315781951553,2588.8320012095674,4640144.97705899,0,0,4882,0,0,99976.845227708,5.973740964737999e-07,9.771368596208433e-07,0.05973139480316328,0.0977019990702141,99989.93119344776,99988.0396571318,budget_exhausted,1.0000654298287,-13.085965739970561
4,50,-0.07017314678768333,-0.02634127125567225,-0.2563730889183047,-0.07039530301620903,-0.0701731467876833,3348.1179650500253,0.03348844426433422,3348.1179650500253,4659615.518757351,0,0,3034,0,0,99978.30710266317,3.12183323767669e-07,1.0161542697140659e-06,0.0312151721760065,0.10161047519221528,99989.87709938423,99995.12694150988,budget_exhausted,1.0000578499836184,-11.569996723672375
4,51,-0.03571326148288628,-0.014159665129164289,-0.13044842707577198,-0.03585551591916139,-0.035713261482886303,2041.6035260446422,0.020416304393441078,2041.6035260446422,4639273.222131893,0,0,4969,0,0,99998.6817741866,5.588278460690894e-07,9.173515318739029e-07,0.055887544098154024,0.09174306001731541,100008.516918544,100008.61919302514,budget_exhausted,1.00004917572178,-9.83514435600955
5,42,-0.06458681435602473,-0.025252492376049894,-0.230089513231982,-0.06480345987192179,-0.0645868143560247,2940.8616038653454,0.029409887907378786,2940.8616038653454,4660512.147782977,0,0,2945,0,0,99995.67537037429,3.578121318735764e-07,1.0057296823763156e-06,0.035779804289349904,0.10058326416127189,99996.06246439896,100010.23726735002,budget_exhausted,1.000001935470133,-0.3870940266060643
5,43,-0.025453601352824318,-0.010786393707002568,-0.09060637700420526,-0.025549564547097003,-0.02545360135282429,1130.8640839473933,0.01131141101125746,1130.8640839473933,4618956.423825161,0,0,6901,0,0,99975.50993610991,7.938491440492626e-07,1.0493698084815827e-06,0.07937168923189028,0.10492125377898728,99983.34044555554,99985.01284385746,budget_exhausted,1.000039152547218,-7.830509443592746
5,44,-0.022298804776859582,-0.00993753981122278,-0.07941626797458123,-0.022392313407613218,-0.022298804776859596,1724.2158479401219,0.017242240823704687,1724.2158479401219,4619112.890428482,0,0,6885,0,0,99999.52242690316,7.911536780162136e-07,1.0150455776961862e-06,0.07911861556249719,0.10151092897011041,100004.10509483312,100006.2767629669,budget_exhausted,1.0000229133396432,-4.582667928625597
5,45,-0.021931121233970563,-0.010297823409580615,-0.07812195464378757,-0.022015737846474426,-0.021931121233970702,3341.4836813495017,0.033416747230542276,3341.4836813495017,4619133.039395349,0,0,6883,0,0,99994.283055038,7.781866387501663e-07,9.982327855416596e-07,0.0778217886512399,0.09983752649771432,100004.0154585901,100014.27316729598,budget_exhausted,1.0000486620177582,-9.732403551635798
5,46,-0.0441997993348226,-0.017463825330257907,-0.1573936236142932,-0.04435869139504231,-0.04419979933482259,2674.5910989534527,0.026751807094583486,2674.5910989534527,4639238.273550022,0,0,4972,0,0,99977.95997471082,5.583900006063324e-07,1.0021452891930697e-06,0.05583609154055669,0.10019478293559911,99994.79123896667,99980.29628645586,budget_exhausted,1.0000841563212697,-16.831264253880363
5,47,-0.025315654337175697,-0.011586228001109101,-0.09012575391645439,-0.025418138492447284,-0.02531565433717571,1141.2172356881379,0.011414333385530133,1141.2172356881379,4618875.8279576935,0,0,6909,0,0,99981.06741256136,7.953820290314518e-07,1.0495781462553768e-06,0.07953427759550002,0.10495241608794731,99995.06487762876,99994.85646913512,budget_exhausted,1.000069987325334,-13.99746506678639
5,48,-0.04254508821400102,-0.017565380993153575,-0.1515637948142573,-0.04270187568846609,-0.04254508821400099,2564.682629537937,0.02564829786751706,2564.682629537937,4639500.210119291,0,0,4946,0,0,99994.26249591575,5.884148852095951e-07,1.0153550570682221e-06,0.0588404129623587,0.10154228865082468,99998.1721084428,100006.6803665922,budget_exhausted,1.0000195480626335,-3.9096125266805757
5,49,-0.044977082482381886,-0.017767825422299353,-0.16015467365307257,-0.0451787419754727,-0.0449770824823818,2945.975761559336,0.029466580535218365,2945.975761559336,4640144.977059035,0,0,4882,0,0,99976.84522770856,5.46201792069093e-07,9.980863039583146e-07,0.05461775793706011,0.09979649991253281,99995.56707816718,99987.84625813364,budget_exhausted,1.0000936092522956,-18.72185045911465
5,50,-0.06454382826120231,-0.0258857500585656,-0.22985678997616177,-0.06475563950933322,-0.0645438282612022,3143.221184095356,0.031439031877863594,3143.221184095356,4659615.518757398,0,0,3034,0,0,99978.30710265976,3.58004203229006e-07,1.0057454536562754e-06,0.03579937741415401,0.10055501692348762,99997.08688127909,99980.58311666345,budget_exhausted,1.0000938988930936,-18.779778618714772
5,51,-0.04131111036314111,-0.016671925861605968,-0.14709532421842386,-0.041454447275156486,-0.0413111103631412,2871.6615587723168,0.02871699414255271,2871.6615587723168,4639273.222131934,0,0,4969,0,0,99998.68177418689,5.835618791286126e-07,9.980760546374386e-07,0.058359648945442794,0.09981409622059928,100005.93087503711,100006.50326878924,budget_exhausted,1.0000362455042502,-7.249100849992828
6,42,-0.04504057216617793,-0.017843475605068406,-0.16866453425303585,-0.045207060249462694,-0.0450405721661779,3530.567625177417,0.03530654134234825,3530.567625177417,4639490.135635812,0,0,4947,0,0,99997.5497725317,5.43062339948036e-07,9.951306095923672e-07,0.054309340764504,0.0995164010139667,100005.72083437178,100003.35639834388,budget_exhausted,1.0000408553091875,-8.171061837492744
6,43,-0.06544156087819558,-0.025082545175791036,-0.24504517723945274,-0.0656417326789343,-0.0654415608781956,4648.893673002991,0.04649809014719498,4648.893673002991,4660028.57257812,0,0,2993,0,0,99980.31442337504,3.27451248492708e-07,9.840094832600933e-07,0.0327420170487234,0.09838374972765798,99990.5091198714,99982.52191808724,budget_exhausted,1.0000509734824892,-10.194696497812402
6,44,-0.024820220599086423,-0.010748841180006815,-0.09294895143844972,-0.02491630840044559,-0.024820220599086396,3856.6312075667247,0.03856724471990559,3856.6312075667247,4619409.775579622,0,0,6856,0,0,99997.58177115032,7.458834247329175e-07,9.949324839998788e-07,0.07458861200029501,0.09950492040074049,100000.36135271857,100011.73145006353,budget_exhausted,1.0000138979078237,-2.779581564711407
6,45,-0.022190753995824986,-0.00957781380337131,-0.08310507211644502,-0.022270966692853972,-0.02219075399582511,2596.7964630017536,0.025968498361737667,2596.7964630017536,4618014.771734189,0,0,6994,0,0,99997.94469548184,7.725250055525957e-07,9.952609874858137e-07,0.07725598152588281,0.09952694821873678,100004.50596498264,100000.85351497355,budget_exhausted,1.0000328063474953,-6.561269499070477
6,46,-0.044410015285964805,-0.016813689678984313,-0.16628360393631458,-0.044564964214373115,-0.044410015285964895,2917.2091479257556,0.029179262483975277,2917.2091479257556,4639988.510455664,0,0,4898,0,0,99975.42431128387,5.493333719103896e-07,9.95072682049875e-07,0.054922966601310796,0.0994879308156838,99981.121500607,99980.56685742406,budget_exhausted,1.0000284859466169,-5.697189323371276
6,47,-0.06437521363200421,-0.024193850281123586,-0.2410952157302385,-0.06456071664584018,-0.0643752136320042,3485.004786757485,0.0348508596755699,3485.004786757485,4660099.093962155,0,0,2986,0,0,99997.67062275475,3.359789237872054e-07,9.815930502129981e-07,0.033603584441043804,0.09816430108688429,100016.94172437694,100005.08975240136,budget_exhausted,1.00009635550812,-19.27110162403551
6,48,-0.06507472640264653,-0.02457419702651556,-0.24374858333296479,-0.06527146245380047,-0.0650747264026464,3065.183241031578,0.030652536680661004,3065.183241031578,4660068.870511854,0,0,2989,0,0,99997.70240762595,3.422315109126822e-07,9.949322572858734e-07,0.034226536393639706,0.09949799884744048,100009.89184883196,100004.79743099913,budget_exhausted,1.0000609472060225,-12.189441204478499
6,49,-0.042939969655635096,-0.01675323053482451,-0.16077006317863884,-0.04308648071635568,-0.042939969655635096,1940.023344522915,0.019400826718074717,1940.023344522915,4639490.135635812,0,0,4947,0,0,99996.94202286228,5.563897033637303e-07,9.871773363977734e-07,0.05563765671081211,0.09872413742716801,99997.63901892328,100006.48696759393,budget_exhausted,1.000003484980297,-0.6969960594142321
6,50,-0.06535534481605149,-0.025156952513510317,-0.24483206272772118,-0.06554779407528022,-0.0653553448160514,4691.380246260971,0.04692399650187126,4691.380246260971,4660099.093962154,0,0,2986,0,0,99978.2754240442,3.282199197631304e-07,9.838492649266985e-07,0.03282026477656988,0.0983680588518504,99994.73767544515,99982.85546229412,budget_exhausted,1.000082311257003,-16.462251400545938
6,51,-0.021347025525279506,-0.009282093841039694,-0.0799362201724736,-0.0214393061751586,-0.021347025525279506,2974.860475285016,0.02975483991908991,2974.860475285016,4618004.6972507555,0,0,6995,0,0,99979.04486713186,7.672800670946702e-07,9.81634951119268e-07,0.07671758954356311,0.09815689571872172,99986.42325488351,99993.27714116377,budget_exhausted,1.00003689193875,-7.378387750010006
7,42,-0.04720705609087811,-0.020199027100542142,-0.1816659314027511,-0.04742292026375533,-0.04720705609087811,3856.21606038984,0.03856975787840669,3856.21606038984,4645108.718364915,0,0,4379,0,0,99980.3025092036,5.006546975218276e-07,9.749803287069942e-07,0.05006113212312471,0.09748405238687999,99991.33608636948,99985.66075293234,budget_exhausted,1.0000551678858352,-11.03357716705068
7,43,-0.04557901639102313,-0.019883556521632827,-0.1753301143949647,-0.045792884201531714,-0.0455790163910231,2953.5537796890485,0.029541250407633682,2953.5537796890485,4644272.536239936,0,0,4462,0,0,99980.66225814963,5.160697379380636e-07,9.740962376242069e-07,0.0516055903563066,0.09739847455783832,99997.31928187596,99988.5543089566,budget_exhausted,1.0000832851186376,-16.65702372751548
7,44,-0.06389587144741601,-0.02701745274977731,-0.24587270361666347,-0.06417062823967662,-0.06389587144741601,4145.3365870789,0.0414586762944381,4145.3365870789,4660856.610456876,0,0,2869,0,0,99987.191043893,3.4128261695690917e-07,9.829212551820349e-07,0.0341242299926246,0.0982948582323018,99988.18661465308,100002.78019636254,budget_exhausted,1.000004977853817,-0.9955707633926068
7,45,-0.030695155997870927,-0.014525604723791849,-0.11812993310803854,-0.030887675831618666,-0.030695155997870996,3406.960556037647,0.034076519678373066,3406.960556037647,4628041.068943162,0,0,6020,0,0,99979.71002302508,6.656756817787452e-07,9.745601937960247e-07,0.06655436908858872,0.09744204492020739,99980.17189203828,99985.66075293857,budget_exhausted,1.0000023093450692,-0.46186901384498924
7,46,-0.0062363007754316635,-0.004848678102879147,-0.023989477199447662,-0.0063242333719847055,-0.006236300775431705,1317.7490875669757,0.013177742082913316,1317.7490875669757,4605731.475154549,0,0,8152,0,0,99998.09370040802,9.018744972429333e-07,9.651015256162192e-07,0.09020009349510802,0.09652432686709284,100014.019434914,100014.68685427873,budget_exhausted,1.000079628672522,-15.925734504387947
7,47,-0.04549755574069811,-0.019998275255400613,-0.1750762736733208,-0.0457514433848151,-0.0454975557406981,3559.1822057539384,0.035597424781823456,3559.1822057539384,4643558.399711212,0,0,4532,0,0,99984.26087190742,5.080600918431092e-07,9.65635040408975e-07,0.05079826786313291,0.096549711247948,99984.76298118608,99985.71634999527,budget_exhausted,1.0000025105464083,-0.5021092816896271
7,48,-0.0630684242692634,-0.026897065698705425,-0.24267801218009444,-0.06332479417255038,-0.0630684242692633,3808.800460198325,0.038094678976607795,3808.800460198325,4660856.610456876,0,0,2869,0,0,99982.47950946473,3.428915151441366e-07,9.762197174613498e-07,0.034283768147616106,0.09760856232016718,99984.30008746267,99986.2639263191,budget_exhausted,1.000009102889991,-1.8205779981508385
7,49,-0.061521357383782616,-0.026295170240377686,-0.23669372103323383,-0.06175304454486358,-0.061521357383782595,4220.307021171009,0.042211548014221875,4220.307021171009,4659749.569074251,0,0,2978,0,0,99979.91591659012,3.481634419560887e-07,9.65699697513922e-07,0.03480976513743381,0.09656280968229838,99981.10353534506,99992.5856152671,budget_exhausted,1.0000059380937918,-1.1876187583548017
7,50,-0.02342163019389068,-0.012581766317691171,-0.09013944912036864,-0.023608502998814784,-0.023421630193890694,3708.9475749993635,0.037097498377093654,3708.9475749993635,4620392.474830753,0,0,6749,0,0,99978.37420998454,7.387686479023315e-07,9.748298710340217e-07,0.07386569202095339,0.09747419501976817,99984.87649778929,99990.98090457088,budget_exhausted,1.0000325114390385,-6.502287807670655
7,51,-0.06053998097090299,-0.026178643444651754,-0.23298469982957248,-0.060825771086958164,-0.06053998097090291,4284.105407047182,0.04284765179411547,4284.105407047182,4658642.527691626,0,0,3087,0,0,99984.60190146392,3.5783178562973854e-07,9.660637817417586e-07,0.035782763940553824,0.09660853502751299,99998.84129237066,100002.23262001733,budget_exhausted,1.0000711969545473,-14.239390909468057
8,42,-0.05201816338232171,-0.02130071779279187,-0.2143546445457133,-0.052246358224616596,-0.052018163382321694,3856.21606038984,0.0385697578784067,3856.21606038984,4645108.718364915,0,0,4379,0,0,99980.30250920358,4.853259109418209e-07,1.0078919690898612e-06,0.04852838627240699,0.10077474449702359,99991.33608636938,99985.6607529321,budget_exhausted,1.0000551678858345,-11.033577166905161
8,43,-0.04937741088523431,-0.020317481231423396,-0.20334673982417184,-0.04963208110719591,-0.0493774108852342,2454.4765229665304,0.024549512551027983,2454.4765229665304,4644272.536239935,0,0,4462,0,0,99980.66225814947,5.107507360001777e-07,1.0071900445403392e-06,0.05107496613420179,0.1007070472413977,99999.78959244028,99988.12814651908,budget_exhausted,1.0000956366714653,-19.127334293036256
8,44,-0.0635504119866595,-0.026145077460350677,-0.2618687259227418,-0.063807396719438,-0.0635504119866595,2957.0490592996316,0.02957427874938029,2957.0490592996316,4660856.6104568755,0,0,2869,0,0,99987.191043893,3.3506235811231743e-07,9.730681123962246e-07,0.03350609667594731,0.09731349339538539,99999.58474808924,100006.86709972078,budget_exhausted,1.0000619685209884,-12.393704197689658
8,45,-0.03052779463874339,-0.01316226343681995,-0.1257686189543039,-0.03071848094123511,-0.03052779463874329,1824.135356709045,0.01824505548464735,1824.135356709045,4628041.0689431615,0,0,6020,0,0,99979.71002302508,6.663701421683613e-07,9.736484606637188e-07,0.06663579566764158,0.09735427660887658,99998.1713628546,99989.14448291932,budget_exhausted,1.0000923066991485,-18.461339829693316
8,46,-0.010110111474882305,-0.0055437850512402905,-0.041630710091523304,-0.010238110145200291,-0.010110111474882194,2111.5247580433206,0.02111565010798507,2111.5247580433206,4605731.475154547,0,0,8152,0,0,99998.09370040798,8.763136435390402e-07,9.786606585930097e-07,0.08764309183322289,0.09788120197842318,100013.38274190448,100015.46615672072,budget_exhausted,1.0000764452074713,-15.289041494281264
8,47,-0.04846158295300071,-0.020045114747423036,-0.19961556418999582,-0.048735941293679,-0.048461582953000605,3559.182205754302,0.035597424781826745,3559.182205754302,4643558.399711211,0,0,4532,0,0,99984.2608719084,4.864378433501007e-07,9.738622407351657e-07,0.0486363724724391,0.09737231376611791,99984.762981186,99985.71634999612,budget_exhausted,1.000002510546406,-0.5021092811657581
8,48,-0.06803696979747811,-0.027707388665850787,-0.2802913947010024,-0.06832400616448439,-0.0680369697974781,3893.431192780783,0.03894113460561075,3893.431192780783,4660856.6104568755,0,0,2869,0,0,99982.47950946468,3.2495479195028105e-07,1.008116639773936e-06,0.03248988053013557,0.10081388669462008,99982.77094220112,100002.20482148472,budget_exhausted,1.0000014571636973,-0.2914327394682914
8,49,-0.065491886552977,-0.026761671005367024,-0.2697541275719374,-0.06580636845263121,-0.065491886552977,3703.498007344587,0.03704241970391625,3703.498007344587,4659749.569074251,0,0,2978,0,0,99979.9159165901,3.3096410643784087e-07,9.89148658007161e-07,0.03309595599226278,0.098902324444894,99998.62628148352,99987.32106067114,budget_exhausted,1.0000935518244791,-18.710364895843668
8,50,-0.0251217548748863,-0.011578070907793009,-0.10350747733463461,-0.025325554688647306,-0.025121754874886396,1078.6854757298609,0.010789188004440719,1078.6854757298609,4620392.474830752,0,0,6749,0,0,99978.3742099855,7.367164619376243e-07,9.899318387484245e-07,0.073658700896476,0.0989842555851233,99982.42838601382,99990.98090457376,budget_exhausted,1.0000202708801444,-4.054176028905204
8,51,-0.0620789812409116,-0.025816114285801238,-0.2557066900019901,-0.06239071392896961,-0.0620789812409116,3449.5749388755557,0.03450106189626234,3449.5749388755557,4658642.527691626,0,0,3087,0,0,99984.60190146392,3.494415039949698e-07,9.733276548540004e-07,0.0349442516843084,0.09733496561327812,100000.28984768628,100002.2604185416,budget_exhausted,1.000078439731133,-15.687946226651547
9,42,-0.038678526650832795,-0.016016121470497607,-0.1458909045276161,-0.03883136921745822,-0.0386785266508327,3530.5676251775026,0.03530654134234705,3530.5676251775026,4639490.1356358575,0,0,4947,0,0,99997.54977253752,5.392840594821992e-07,9.275974693385147e-07,0.05393149110300349,0.09276286032046183,100005.72083437166,100003.3563983444,budget_exhausted,1.0000408553091626,-8.171061832574196
9,43,-0.06672238449749263,-0.026278261304425933,-0.25166385408769765,-0.0669270089098169,-0.0667223844974926,4648.893673002922,0.04649809014719168,4648.893673002922,4660028.572578171,0,0,2993,0,0,99980.31442338064,2.9507586594889893e-07,9.644865234949639e-07,0.029504786065217697,0.09643179497503379,99990.50911987264,99982.521918086,budget_exhausted,1.000050973482462,-10.194696492428193
9,44,-0.01860405916638208,-0.00846572164885,-0.07017639414231958,-0.018671876577043722,-0.018604059166381998,2463.7724032634396,0.024638319843592778,2463.7724032634396,4619409.775579666,0,0,6856,0,0,99997.58177115094,7.437824814489654e-07,9.305568107306757e-07,0.07439058403382962,0.09306246061087323,100016.58534482964,100007.28546363584,budget_exhausted,1.0000950178683812,-19.003573676251108
9,45,-0.021425552437810302,-0.00942782437595851,-0.08082445121217785,-0.0215014651754718,-0.021425552437810302,3015.623594695598,0.030156855762175666,3015.623594695598,4618014.771734229,0,0,6994,0,0,99997.9446954796,7.393947372934641e-07,9.543609734790307e-07,0.0739406580972477,0.09544212327271961,100001.60180731828,100006.31409391624,budget_exhausted,1.000018285559182,-3.6571118363644928
9,46,-0.0442732340704963,-0.01749348393293266,-0.16696912589650625,-0.04442597071178689,-0.0442732340704963,2407.565350776646,0.02408157171987098,2407.565350776646,4639988.510455715,0,0,4898,0,0,99975.424311281,5.103809082081816e-07,9.547450463605231e-07,0.05102998012394258,0.09545595083572958,99984.10854178685,99980.56674879492,budget_exhausted,1.0000434211525258,-8.68423050516867
9,47,-0.06675260854013637,-0.026190570258742493,-0.2518346154291793,-0.0669655392040504,-0.06675260854013629,4717.277926062187,0.04717387811820491,4717.277926062187,4660099.0939622065,0,0,2986,0,0,99997.6706227538,2.94271739093831e-07,9.63838311949104e-07,0.029428456628318278,0.0963939958323678,100004.3589606638,100010.5459985678,budget_exhausted,1.0000334416895564,-6.688337911298731
9,48,-0.06511911419297539,-0.02519075518308694,-0.2456744833648844,-0.0653215580139336,-0.0651191141929754,3506.246149766226,0.0350632671086109,3506.246149766226,4660068.870511906,0,0,2989,0,0,99997.7024076332,3.0137063091042766e-07,9.54529372622264e-07,0.0301375867557703,0.09545914476970302,100001.73761035026,100006.50321263511,budget_exhausted,1.0000201760135756,-4.035202715109335
9,49,-0.04093001680750427,-0.016275345046571545,-0.15437662948275344,-0.04106675235509402,-0.040930016807504306,2555.7313960128126,0.025558095520845703,2555.7313960128126,4639490.1356358575,0,0,4947,0,0,99996.9420228634,5.437642364639765e-07,9.544244209141554e-07,0.054381881006519306,0.09544863336161333,100010.03626159222,100006.48691511042,budget_exhausted,1.0000654711936336,-13.094238726713229
9,50,-0.06180319095526979,-0.024166156529132083,-0.23321017955511536,-0.06198431652331521,-0.0618031909552698,3041.736126492087,0.03042397074355478,3041.736126492087,4660099.0939622065,0,0,2986,0,0,99978.27542404106,3.071630509541485e-07,9.271746042083217e-07,0.03071492593727751,0.0926992424605918,99995.51001289688,99980.35110090626,budget_exhausted,1.0000861729442796,-17.234588855906622
9,51,-0.01859104516281057,-0.007994163354797848,-0.07012183619057444,-0.018692800704588897,-0.0185910451628105,1334.00137749582,0.013342809778475429,1334.00137749582,4618004.6972507965,0,0,6995,0,0,99979.04486713331,7.518155972446844e-07,9.386348927086839e-07,0.0751687190879505,0.0938615197925394,99982.9204973068,99997.90176314104,budget_exhausted,1.0000193781508635,-3.8756301727553364
10,42,-0.020172870535265203,-0.010659873734333733,-0.09692172907514729,-0.020326510963419003,-0.020172870535265203,3816.88016471008,0.03816902283678398,3816.88016471008,4618556.379104842,0,0,6923,0,0,99999.4204994869,4.362391370560607e-07,6.395266058173227e-07,0.0436315971901948,0.0639581081536138,100017.6130107,100008.51813174304,budget_exhausted,1.0000909625560532,-18.192511210625526
10,43,-0.01891109739696259,-0.009864319032632123,-0.0909010127806078,-0.019021659726068396,-0.018911097396962694,1964.3637969640881,0.019647848822692094,1964.3637969640881,4620591.952003691,0,0,6722,0,0,99978.5683761657,4.480239845460614e-07,6.382382737340298e-07,0.044794436740110716,0.06381609646617911,99982.22926724896,99987.88711435522,budget_exhausted,1.0000183044554125,-3.660891082487069
10,44,-0.024147499066246914,-0.012421567390695385,-0.11600004079049153,-0.024327072236233593,-0.0241474990662469,2045.51873792471,0.02045827948706828,2045.51873792471,4627900.567651862,0,0,6019,0,0,99984.88578757008,3.977088332185206e-07,6.409521445413389e-07,0.03977005298935052,0.064097125225584,99997.91221005874,100002.98114526394,budget_exhausted,1.0000651321124283,-13.02642248570919
10,45,-0.006743990483832701,-0.005782816757397097,-0.032413155559541384,-0.006863262897314093,-0.0067439904838327985,2279.1172643184377,0.022795916788597295,2279.1172643184377,4615656.655046124,0,0,7200,0,0,99979.18861760676,4.755562763601986e-07,5.441040788921559e-07,0.047546611464247296,0.05440987436156139,99981.04078902802,99999.0194382382,budget_exhausted,1.000009260857092,-1.8521714184316806
10,46,-0.010837452918065399,-0.0073010053709379255,-0.052046675874685255,-0.0109631239433704,-0.010837452918065399,2462.3056069329327,0.024623198619003986,2462.3056069329327,4618556.379104843,0,0,6923,0,0,99999.42107572268,4.460789028028898e-07,5.557464624802679e-07,0.044615416883109105,0.055578540826479506,100016.87280607272,100007.00783309592,budget_exhausted,1.000087258651725,-17.45173034502659
10,47,-0.020438886395069994,-0.01081788166283882,-0.09822017812484685,-0.02055945701527151,-0.02043888639507,3820.4654704395434,0.03820626329628905,3820.4654704395434,4618890.103172935,0,0,6890,0,0,99995.7897167772,4.344433523906716e-07,6.400537999688182e-07,0.043443779056775295,0.0640032360720468,99998.71978178788,99996.65039902096,budget_exhausted,1.0000146503250325,-2.9300650064833462
10,48,-0.013558327526839997,-0.008568183429320093,-0.06515535522068439,-0.013731294862613708,-0.013558327526840004,3145.829559025795,0.03146538905911113,3145.829559025795,4623562.197446445,0,0,6438,0,0,99977.45628112256,4.1776778128127927e-07,5.551770368101118e-07,0.041775265902447206,0.055506560765060914,99996.3802242574,99979.92907629198,budget_exhausted,1.0000946197156573,-18.9239431314345
10,49,-0.01340218358588971,-0.007741358532345677,-0.06436122820116486,-0.013516498619818601,-0.013402183585889696,3321.3136493273732,0.0332145643927803,3321.3136493273732,4618890.103172935,0,0,6890,0,0,99995.70098379228,4.3458146925590464e-07,5.698369545379363e-07,0.043464903259477494,0.056981401879296095,100015.54676019344,99995.97503377192,budget_exhausted,1.000099228881988,-19.845776397560257
10,50,-0.008396313527609195,-0.005239773417850604,-0.04035052116540394,-0.008518607894103303,-0.008396313527609202,2273.165970675998,0.02273666497791728,2273.165970675998,4612901.967040165,0,0,7462,0,0,99977.98590443164,4.843306098077453e-07,5.695424613780051e-07,0.04842322948076938,0.056941837374872684,99979.700849366,99978.21275186788,budget_exhausted,1.000008574724656,-1.714944931154605
10,51,-0.007492449334187912,-0.005634234106181898,-0.03600485044211876,-0.007594922099916995,-0.007492449334187801,3483.537095592506,0.03484332765760364,3483.537095592506,4612881.818073299,0,0,7464,0,0,99977.16434619344,4.78156521605327e-07,5.541118547246266e-07,0.047809464596792695,0.05540438669670969,99987.05954334946,99987.7303188968,budget_exhausted,1.000049475985758,-9.895197151607135
11,42,-0.06025040404714038,-0.028676746488704476,-0.17089116231055157,-0.06050403094793627,-0.060250404047140285,4008.6372381330675,0.040094269946462785,4008.6372381330675,4645108.718364961,0,0,4379,0,0,99980.3025092048,6.63721392997988e-07,1.2688264511917701e-06,0.06636118547761471,0.126865216425551,99983.49635509773,99986.2639263158,budget_exhausted,1.0000159692294648,-3.193845892965328
11,43,-0.06112955011459348,-0.027134001076422543,-0.17335820221222553,-0.06142033234805877,-0.06112955011459359,3775.201158807121,0.03775931338661702,3775.201158807121,4644272.536239983,0,0,4462,0,0,99980.66225815326,6.722441160365337e-07,1.2865319511537014e-06,0.06722335968815693,0.1286436920362157,99998.43521799396,99992.61341380142,budget_exhausted,1.0000888647991926,-17.772959838534007
11,44,-0.08169034402393033,-0.036237749853435856,-0.23173164924885148,-0.08204698324135423,-0.08169034402393041,4145.336587078805,0.04145867629443699,4145.336587078805,4660856.610456926,0,0,2869,0,0,99987.19104389336,4.622489781445365e-07,1.28262854371291e-06,0.04621943708914841,0.12826642033050253,99988.18661465266,100002.7801963624,budget_exhausted,1.000004977853794,-0.9955707587942015
11,45,-0.03527383340563567,-0.017432663951194995,-0.100076348000115,-0.03548608806673886,-0.03527383340563561,1824.1353567090248,0.01824505548464723,1824.1353567090248,4628041.06894321,0,0,6020,0,0,99979.7100230246,9.129853077202557e-07,1.267967137588359e-06,0.09129686125317871,0.12678294931991757,99998.17136285464,99989.14448292051,budget_exhausted,1.0000923066991407,-18.461339828150813
11,46,-0.010006010623709094,-0.00825177316687509,-0.02837110911196561,-0.010155738279195803,-0.010006010623709094,3100.822685922216,0.031008817980192695,3100.822685922216,4605731.47515459,0,0,8152,0,0,99998.09370040834,1.1718691358732398e-06,1.2732096341658014e-06,0.11718622733813608,0.127341965617332,99999.4143977626,100016.49547740472,budget_exhausted,1.0000066034867596,-1.3206973519118037
11,47,-0.05519634896891823,-0.026641599551891024,-0.15657436078049702,-0.05547092853615082,-0.0551963489689183,2746.339602999128,0.02746771920950158,2746.339602999128,4643558.3997112615,0,0,4532,0,0,99984.26087190812,7.132816766825723e-07,1.268199386613568e-06,0.07133089560903338,0.1268018241451842,100003.8244929953,99985.71634999684,budget_exhausted,1.000097818105434,-19.563621086854255
11,48,-0.08199312647554757,-0.036505247924528535,-0.23253617665120518,-0.0823531276395314,-0.0819931264755476,4170.184761218939,0.04170915526078931,4170.184761218939,4660856.610456926,0,0,2869,0,0,99982.47950946444,4.590927649274448e-07,1.2827456185699955e-06,0.04590384998757158,0.1282569776271028,99988.179937504,99986.29172484226,budget_exhausted,1.0000285021401896,-5.700428037904203
11,49,-0.07942768756374108,-0.035968245060518315,-0.22527472811129046,-0.07973349769988053,-0.07942768756374119,4306.005423476145,0.04306870418923394,4306.005423476145,4659749.569074302,0,0,2978,0,0,99979.91591659113,4.761117602005716e-07,1.2735166002403471e-06,0.04760355064472391,0.12733704834460438,99983.98406430868,99988.5265104298,budget_exhausted,1.0000203407385937,-4.068147718702676
11,50,-0.02868595637688398,-0.015096777684371123,-0.08138435294431956,-0.028911897767713135,-0.028685956376883995,2710.841822937065,0.027114281907040343,2710.841822937065,4620392.474830797,0,0,6749,0,0,99978.37420998352,1.0041981864072694e-06,1.29339804742689e-06,0.10041624169457158,0.12932813946228477,99996.43800775208,99990.9809045812,budget_exhausted,1.0000903189888437,-18.06379776870017
11,51,-0.07757537653299568,-0.03550089758056681,-0.2200740844224377,-0.07792825484779259,-0.0775753765329957,3971.721220758864,0.03972332884490497,3971.721220758864,4658642.527691677,0,0,3087,0,0,99984.60190146648,4.949046086521827e-07,1.2741446511164157e-06,0.0494890549446981,0.1274173097924903,99997.1592090767,100002.23262001394,budget_exhausted,1.00006278653805,-12.557307609997224
12,42,-0.05228994507620166,-0.02230981900858458,-0.14656991877887937,-0.0524680184526658,-0.0522899450762017,2318.708509943627,0.02318765324968411,2318.708509943627,4639490.135635859,0,0,4947,0,0,99997.54977253747,6.967782367678403e-07,1.2214125693100293e-06,0.06968139796205239,0.12214941641471819,100005.12973149812,100006.6803665856,budget_exhausted,1.0000378997947867,-7.579958957358031
12,43,-0.08273759626861993,-0.03211108716441193,-0.23190810644248405,-0.08296586653315818,-0.0827375962686199,3483.658903686671,0.034843448170553196,3483.658903686671,4660028.572578173,0,0,2993,0,0,99980.3144233805,3.9884027144674076e-07,1.2285250427018826e-06,0.03988270069889541,0.12284856723205448,99996.67424311528,99996.79531308118,budget_exhausted,1.0000817990986766,-16.359819735313067
12,44,-0.02505294485768117,-0.012237704861745888,-0.07022425904985197,-0.02515092899078436,-0.025052944857681197,2463.7724032634396,0.024638319843592788,2463.7724032634396,4619409.775579667,0,0,6856,0,0,99997.5817711509,9.799194258641229e-07,1.2315015181925121e-06,0.09800819488799573,0.12315912387878009,100016.58534482987,100007.28546363632,budget_exhausted,1.000095017868383,-19.003573676600354
12,45,-0.025127707215698625,-0.012448120515596477,-0.07043904582763283,-0.025223618356449318,-0.025127707215698597,3015.623594695598,0.030156855762176013,3015.623594695598,4618014.771734232,0,0,6994,0,0,99997.94469547848,9.773166173933473e-07,1.2294908244815912e-06,0.09773322721224498,0.12295684556869418,100001.60180731853,100006.31409391634,budget_exhausted,1.0000182855591888,-3.6571118377614766
12,46,-0.05380753352728568,-0.02309684884661439,-0.15079312351904484,-0.0539847168237263,-0.05380753352728561,3427.422568090053,0.03428265087846496,3427.422568090053,4639988.510455716,0,0,4898,0,0,99975.42431128124,6.911697089772442e-07,1.23112704289219e-06,0.0691092981397893,0.1230940149635156,99988.89887991986,99984.81933622425,budget_exhausted,1.0000673728431952,-13.474568639067002
12,47,-0.08276005287247662,-0.0340150745689908,-0.23198279664116073,-0.08300119346099233,-0.0827600528724767,3485.0047867573976,0.034850859675569404,3485.0047867573976,4660099.093962209,0,0,2986,0,0,99997.67062275368,3.9940485055846556e-07,1.2294218767078648e-06,0.039947251662739186,0.12294844512373229,100016.94172437608,100005.08975239856,budget_exhausted,1.0000963555081184,-19.271101623686263
12,48,-0.0840838514749917,-0.033516694877623626,-0.23574285985971732,-0.0843399415360791,-0.0840838514749918,3065.1832410315947,0.03065253668065887,3065.1832410315947,4660068.870511908,0,0,2989,0,0,99997.70240763346,4.0782976810980927e-07,1.251209499462377e-06,0.04078701100139673,0.12512695253747638,100009.89184883315,100004.79743099876,budget_exhausted,1.000060947205987,-12.189441197406268
12,49,-0.05366655576441587,-0.021982064164921794,-0.1503996476032664,-0.05384845978642128,-0.05366655576441591,2555.7313960128126,0.025558095520845713,2555.7313960128126,4639490.135635859,0,0,4947,0,0,99996.94202286335,6.913798556333065e-07,1.2298540625993983e-06,0.0691449244324214,0.12299338421884279,100010.03626159226,100006.48691511096,budget_exhausted,1.000065471193631,-13.094238726247568
12,50,-0.08271525605574637,-0.03253663387356894,-0.23192850339284,-0.08294471685876131,-0.0827152560557464,3498.7811896761286,0.034995414502167005,3498.7811896761286,4660099.093962208,0,0,2986,0,0,99978.27542404093,4.0027447167551686e-07,1.2299478880108532e-06,0.040024876626360506,0.1229695934851226,99993.578053628,99979.51513539044,budget_exhausted,1.0000765131479348,-15.302629586949479
12,51,-0.02265943169422785,-0.010656014018000383,-0.06351074357128039,-0.022774348174084413,-0.022659431694227905,949.1576144434501,0.009493565533705985,949.1576144434501,4618004.697250798,0,0,6995,0,0,99979.04486713216,1.0030718411299001e-06,1.2306747362443211e-06,0.10028793383717641,0.12306228201126071,99980.80867688208,99995.78149041456,budget_exhausted,1.000008819048735,-1.7638097470335197
13,42,-0.059237051085205994,-0.023617785102922364,-0.15762044026148414,-0.05943759924056152,-0.05923705108520591,2561.688971024733,0.025617517397695303,2561.688971024733,4639490.135635812,0,0,4947,0,0,99997.5497725317,7.725402983907624e-07,1.3670079462044988e-06,0.07726170590431969,0.1366993051448812,100009.93613570636,99998.91041191618,budget_exhausted,1.000061931815859,-12.386363171797711
13,43,-0.08818013689764259,-0.03446749925054136,-0.2346182215144167,-0.08843327937061901,-0.0881801368976426,3239.1390296973013,0.03239776798441436,3239.1390296973013,4660028.572578119,0,0,2993,0,0,99980.31442337504,4.791821951692167e-07,1.3637177363906617e-06,0.04791718171737108,0.1363504610879906,99997.8342276465,99984.37172846928,budget_exhausted,1.000087599021363,-17.519804272596957
13,44,-0.030081105790640605,-0.013854026918208029,-0.08004457173982482,-0.030198342498862107,-0.030081105790640605,3077.7252137030996,0.03077799641941976,3077.7252137030996,4619409.775579622,0,0,6856,0,0,99997.58177115032,1.064931064934257e-06,1.366782302812074e-06,0.10649244134005673,0.1366907838389189,99999.37540241722,100009.1847528942,budget_exhausted,1.000008968156328,-1.7936312656092923
13,45,-0.028666366092241102,-0.014237671656350107,-0.076282698892841,-0.028813753802528097,-0.02866636609224109,3583.0751406908557,0.03583148785309733,3583.0751406908557,4618014.771734189,0,0,6994,0,0,99997.94469548184,1.0792564139774141e-06,1.3675187566717303e-06,0.1079363955730708,0.1367501493755988,100009.96443031527,99998.73764687628,budget_exhausted,1.0000600986741692,-12.019734833826078
13,46,-0.057413692116352,-0.023730173713348814,-0.15274940529887127,-0.057623205520656584,-0.057413692116351986,2407.5653507762318,0.024081571719866142,2407.5653507762318,4639988.510455664,0,0,4898,0,0,99975.42431128387,7.900986615953178e-07,1.3664707082886364e-06,0.07899731033966281,0.1366205158603194,99984.10854178184,99980.56674879076,budget_exhausted,1.000043421152489,-8.68423049771809
13,47,-0.08814624487376199,-0.03493153092866917,-0.2345687493755635,-0.08842129185469971,-0.08814624487376202,3236.5788235261143,0.03236654217412962,3236.5788235261143,4660099.093962155,0,0,2986,0,0,99997.67062275475,4.78854892426648e-07,1.3629162566231113e-06,0.047884707120502995,0.1363059989752031,99998.36668232032,100010.54599856897,budget_exhausted,1.000003480297838,-0.6960595675918739
13,48,-0.0917574909288486,-0.03503375704853115,-0.24421384547626013,-0.09203055386221781,-0.0917574909288486,3065.183241031578,0.030652536680661004,3065.183241031578,4660068.870511854,0,0,2989,0,0,99997.70240762595,4.857324508353617e-07,1.406018584605878e-06,0.04857804987551262,0.14060860373773093,100009.89184883196,100004.79743099913,budget_exhausted,1.0000609472060225,-12.189441204478499
13,49,-0.06116053061711363,-0.024927139884361113,-0.16270842874492886,-0.06135492723951991,-0.06116053061711359,4137.7718124152725,0.04137898348400749,4137.7718124152725,4639490.135635812,0,0,4947,0,0,99996.94202286228,7.534385407357069e-07,1.3669771066297071e-06,0.0753513865158986,0.1367063137554185,100009.99742105116,100006.29351611382,budget_exhausted,1.000065276990939,-13.055398187832907
13,50,-0.08778440434119211,-0.03439452771459954,-0.2336723652211099,-0.08803466135373139,-0.08778440434119208,2856.5405294878005,0.028571612356506196,2856.5405294878005,4660099.093962154,0,0,2986,0,0,99978.2754240442,4.88689283060571e-07,1.3692090710699922e-06,0.0488588917601972,0.13689355311392887,99979.46231642929,99980.0220480215,budget_exhausted,1.000005934461921,-1.186892384197563
13,51,-0.0266079993694448,-0.011796334846605836,-0.07079739388146122,-0.026746161028893267,-0.0266079993694448,1334.0013774950921,0.013342809778468342,1334.0013774950921,4618004.6972507555,0,0,6995,0,0,99979.04486713186,1.096670060650903e-06,1.3639729845312686e-06,0.10964827548584041,0.13639443651473368,99982.92049731096,99997.90176313928,budget_exhausted,1.000019378150892,-3.8756301784014795
14,42,-0.04307770793933552,-0.02385212529051964,-0.1295511187651759,-0.043349612401897,-0.043077707939335595,4008.6372381329275,0.040094269946461855,4008.6372381329275,4645108.718364916,0,0,4379,0,0,99980.3025092036,5.605302923050752e-07,9.940704546451506e-07,0.05604377843760758,0.09939339083950458,99983.49635509992,99986.26392631762,budget_exhausted,1.0000159692294834,-3.1938458966906182
14,43,-0.03449111890752338,-0.01772530152881783,-0.10372455080956022,-0.03468389392549326,-0.034491118907523405,2953.5537796890485,0.029541250407633682,2953.5537796890485,4644272.536239936,0,0,4462,0,0,99980.66225814963,6.452176752904651e-07,9.92152876831197e-07,0.0645200378823304,0.09920393180782366,99997.31928187596,99988.5543089566,budget_exhausted,1.0000832851186376,-16.65702372751548
14,44,-0.06959381788985591,-0.03239377319391705,-0.20936241631268437,-0.06996727649303752,-0.06959381788985591,4145.3365870789,0.0414586762944381,4145.3365870789,4660856.610456876,0,0,2869,0,0,99987.191043893,4.4882466450335764e-07,1.1484124799245832e-06,0.04487716431162078,0.1148444408046577,99988.18661465308,100002.78019636254,budget_exhausted,1.000004977853817,-0.9955707633926068
14,45,-0.043720290418932606,-0.018354870095543194,-0.13149849373123013,-0.04396532645728041,-0.04372029041893259,2655.221681721241,0.026557605349222857,2655.221681721241,4628041.068943162,0,0,6020,0,0,99979.71002302508,9.490837180567661e-07,1.388829470952261e-06,0.09490254417590319,0.1388678706331836,99993.8597305353,99989.14448292044,budget_exhausted,1.0000707485375513,-14.149707510252483
14,46,-0.03053838400253439,-0.012767150319354258,-0.09182646762967484,-0.030715969148423394,-0.03053838400253439,1317.7490875669757,0.013177742082913316,1317.7490875669757,4605731.475154549,0,0,8152,0,0,99998.09370040802,1.0793222672921016e-06,1.3864296507566272e-06,0.10794735821748769,0.13866332736591108,100014.019434914,100014.68685427873,budget_exhausted,1.000079628672522,-15.925734504387947
14,47,-0.023586727436616495,-0.014799988573037352,-0.07094163479092574,-0.023787920348966762,-0.02358672743661651,2746.3396029990427,0.02746771920950092,2746.3396029990427,4643558.399711212,0,0,4532,0,0,99984.26087190742,7.553187995181016e-07,9.93368779442054e-07,0.0755347686632673,0.09932268901223407,100003.8244929942,99985.71634999511,budget_exhausted,1.000097818105449,-19.56362108979374
14,48,-0.06928024923238862,-0.03233063846132096,-0.20827180103182819,-0.06965451199010869,-0.0692802492323886,4170.184761218988,0.04170915526078969,4170.184761218988,4660856.610456876,0,0,2869,0,0,99982.47950946473,4.512646438007822e-07,1.147913783118919e-06,0.045121130403786014,0.1147756423938942,99988.17993750346,99986.2917248411,budget_exhausted,1.000028502140196,-5.700428039213875
14,49,-0.05185697073555351,-0.026494257991603744,-0.15591039962440278,-0.052162544164048696,-0.0518569707355535,4306.005423475996,0.04306870418923289,4306.005423475996,4659749.569074251,0,0,2978,0,0,99979.91591659012,4.4553059946203884e-07,9.671956563009395e-07,0.0445459243567741,0.0967084685208223,99983.98406430804,99988.52651043316,budget_exhausted,1.00002034073861,-4.068147721962305
14,50,-0.00026786770656622716,-0.00344550470872024,-0.0008058482052044624,-0.0004207459897304089,-0.0002678677065661994,2582.6765803453422,0.025832352253707863,2582.6765803453422,4620392.474830753,0,0,6749,0,0,99978.37420998454,9.887993020202275e-07,9.928779964429867e-07,0.09886153011146911,0.09928227610119952,99981.3914810457,99994.43683602726,budget_exhausted,1.0000150863552943,-3.017271058866754
14,51,-0.04935396853201751,-0.025786094668183147,-0.14845529016317405,-0.04967203010632992,-0.0493539685320175,3971.721220759017,0.039723328844907514,3971.721220759017,4658642.527691626,0,0,3087,0,0,99984.60190146392,4.708115398460224e-07,9.674968656091605e-07,0.04707981650745327,0.0967518466137823,99997.15920907672,100002.23262001463,budget_exhausted,1.0000627865380631,-12.557307612645673
15,42,-0.05138794319974782,-0.020581224518070464,-0.1392150604446516,-0.051526080582198985,-0.0513879431997479,2318.708509943714,0.02318765324968632,2318.708509943714,4639490.135635812,0,0,4947,0,0,99997.5497725317,3.169442804075287e-07,8.32165752897219e-07,0.03169605387981139,0.08322213446201038,100005.12973149864,100006.68036658457,budget_exhausted,1.0000378997948172,-7.579958963440731
15,43,-0.08532356328233798,-0.031699819524390285,-0.2311523903652527,-0.08557018877176786,-0.085323563282338,2866.718245416816,0.028672826865471304,2866.718245416816,4660028.572578119,0,0,2993,0,0,99980.31442337504,2.0010097700737445e-07,1.0557730330567866e-06,0.020006847484908108,0.10557703625667608,99983.75712163956,99999.74705832198,budget_exhausted,1.0000172134913243,-3.442698264872888
15,44,-0.030327664186901193,-0.0126239593845095,-0.08215632535240369,-0.030399241046276115,-0.030327664186901207,2463.772403263542,0.02463831984359395,2463.772403263542,4619409.775579622,0,0,6856,0,0,99997.58177115032,7.504595990488445e-07,1.054499650635315e-06,0.07505840653611578,0.10545764758239179,100016.58534483016,100007.28546363734,budget_exhausted,1.0000950178683905,-19.003573678113753
15,45,-0.06975670612136647,-0.026141530840590753,-0.18897621152640465,-0.06990162147924878,-0.06975670612136652,2596.7964630017536,0.025968498361737667,2596.7964630017536,4618014.771734189,0,0,6994,0,0,99997.94469548184,6.481452725987533e-07,1.3471791942141178e-06,0.06481744777977733,0.1347190692590261,100004.50596498264,100000.85351497355,budget_exhausted,1.0000328063474953,-6.561269499070477
15,46,-0.06930026265810635,-0.026010688727603253,-0.1876991045675206,-0.0694990260940962,-0.0693002626581063,2917.2091479257556,0.029179262483975277,2917.2091479257556,4639988.510455664,0,0,4898,0,0,99975.42431128387,6.516240010374156e-07,1.3467529615684645e-06,0.06515009842043351,0.1346491245145297,99981.121500607,99980.56685742406,budget_exhausted,1.0000284859466169,-5.697189323371276
15,47,-0.09919382081730777,-0.03689443828137671,-0.26875993838891254,-0.09946296419227069,-0.0991938208173078,4717.277926061447,0.04717387811819705,4717.277926061447,4660099.093962154,0,0,2986,0,0,99997.67062275475,2.0041715309879007e-07,1.1949295138769108e-06,0.02004258892036631,0.119505553112637,100004.35896066677,100010.5459985711,budget_exhausted,1.0000334416895686,-6.688337913772557
15,48,-0.08517684661999891,-0.03167468221033323,-0.23081049757123917,-0.0854368986928929,-0.08517684661999891,2876.9413838314385,0.028770074857360314,2876.9413838314385,4660068.870511854,0,0,2989,0,0,99997.70240762595,2.005666747585797e-07,1.0548605969074976e-06,0.020056453564675725,0.10549335225756862,99998.93346597832,100006.91329910344,budget_exhausted,1.0000061552917492,-1.2310583498328924
15,49,-0.08804913849795071,-0.03214548780685562,-0.23848068900601416,-0.08823909317092032,-0.0880491384979507,4137.7718124152725,0.04137898348400749,4137.7718124152725,4639490.135635812,0,0,4947,0,0,99996.94202286228,3.1205520963101894e-07,1.1944021689204751e-06,0.031208640710423785,0.119447733881344,100009.99742105116,100006.29351611382,budget_exhausted,1.000065276990939,-13.055398187832907
15,50,-0.08095933474451367,-0.031489083553412844,-0.21942357434766147,-0.08117233802649693,-0.0809593347445136,3498.7811896762432,0.034995414502167005,3498.7811896762432,4660099.093962154,0,0,2986,0,0,99978.2754240442,1.878267370575226e-07,9.997428511596492e-07,0.01878146749251952,0.09995380551901634,99993.57805362732,99979.51513539224,budget_exhausted,1.0000765131479177,-15.302629583515227
15,51,-0.017692943595995714,-0.008554112498026966,-0.04792908419465092,-0.01777991278046126,-0.017692943595995603,1334.0013774950921,0.013342809778468342,1334.0013774950921,4618004.6972507555,0,0,6995,0,0,99979.04486713186,6.549684925660414e-07,8.326732264659209e-07,0.06548566272047412,0.08326557550093538,99982.92049731096,99997.90176313928,budget_exhausted,1.000019378150892,-3.8756301784014795
20,42,-0.040796771265187895,-0.016243280094733505,-0.2727943048490359,-0.040984646797766394,-0.0407967712651879,3080.407794435855,0.03080493414621812,3080.407794435855,15955482.09325486,0,0,3231,0,0,99997.22056909616,1.878508311787131e-07,5.976806953469097e-07,0.01878758429899831,0.059772231096764494,100013.31471951072,100006.96285174663,budget_exhausted,1.0000804707520543,-16.094150410906877
20,43,-0.0559594653205823,-0.023371055865735908,-0.37424768854831925,-0.0561859108618033,-0.05595946532058241,3661.356423166487,0.036620789644444866,3661.356423166487,15975518.457447024,0,0,1320,0,0,99980.26964232571,9.711265851192042e-08,6.58969148029904e-07,0.009710830225843597,0.0658967410876469,99995.5142269286,99999.7363831918,budget_exhausted,1.000076222923024,-15.244584604806732
20,44,-0.03653108389444819,-0.014208323128285945,-0.24429261485309228,-0.0367077990044823,-0.0365310838944482,3442.0896148213515,0.03442180006262766,3442.0896148213515,15935878.441210764,0,0,5099,0,0,99997.3740059715,2.924224700644601e-07,6.594313938864423e-07,0.029243253384117096,0.0659510523885994,100003.44151963036,100011.9997319335,budget_exhausted,1.00003033756828,-6.067513655987568
20,45,-0.030243354986756316,-0.012760618486207896,-0.202193432217602,-0.030381243381325793,-0.0302433549867564,1811.3751484853594,0.018114164092913054,1811.3751484853594,15935848.217760464,0,0,5102,0,0,99997.7221799618,3.008409984249128e-07,6.046669541878851e-07,0.030086240595686903,0.060467483977012584,100007.1158957949,100001.30411992686,budget_exhausted,1.00004696857917,-9.393715834012255
20,46,-0.03934579119292289,-0.015856956264099734,-0.26298777014846597,-0.039526260749158396,-0.0393457911929229,2707.287863183567,0.02707958227322618,2707.287863183567,15955854.358502327,0,0,3194,0,0,99975.24466469655,2.096036572792528e-07,6.04919171707817e-07,0.0209565128844858,0.060482773633644196,99981.61843409848,99984.88469606328,budget_exhausted,1.0000318688470156,-6.373769403115148
20,47,-0.03923172342377701,-0.0160342078120145,-0.2623646441987907,-0.039408699326397206,-0.039231723423777,2680.509745799949,0.026805796946120786,2680.509745799949,15955844.284018893,0,0,3195,0,0,99997.39053413448,2.1039135371515143e-07,6.044733249194649e-07,0.021041971066448797,0.060450670392846004,100013.47819139704,100005.5219986754,budget_exhausted,1.0000804382863115,-16.08765726230922
20,48,-0.030090748141906487,-0.012063844246682323,-0.20122190457049627,-0.030231533272520095,-0.0300907481419066,4185.4057438470245,0.04185507479986032,4185.4057438470245,15935838.14327703,0,0,5103,0,0,99997.5693236843,2.9186085897430696e-07,5.941690346026848e-07,0.029188471956559506,0.0594200052290796,100008.17533100257,100005.22034746088,budget_exhausted,1.0000530300365926,-10.606007318507181
20,49,-0.03026383496976169,-0.012056296379257711,-0.20234428389088766,-0.03040593219324629,-0.030263834969761698,1825.6262358092667,0.018256869217297172,1825.6262358092667,15935848.217760464,0,0,5102,0,0,99996.67599522525,3.003725894963775e-07,6.044257049662889e-07,0.0300407550543563,0.0604466872476027,100011.6392268829,100006.81101240398,budget_exhausted,1.0000748161582935,-14.963231658708537
20,50,-0.0495726701260359,-0.019251713530919996,-0.3315277415445811,-0.0497910845098931,-0.049572670126035896,3952.848855821187,0.03953717407262692,3952.848855821187,15975518.457447022,0,0,1320,0,0,99978.0320303138,9.633922456993221e-08,5.943320842127102e-07,0.009632070552332506,0.059423155062225716,99980.77725174784,99983.08460991364,budget_exhausted,1.0000137261071695,-2.7452214339282364
20,51,-0.04962645372781299,-0.019170626128190534,-0.3318446149893972,-0.04982254392398258,-0.049626453727813,3953.137501092875,0.03953976809669488,3953.137501092875,15975518.457447022,0,0,1320,0,0,99978.77305262488,9.544380807998259e-08,5.936633187242413e-07,0.009542791679747309,0.05936533560372989,99983.3501168602,99998.32182878272,budget_exhausted,1.0000228853211586,-4.577064231707482
25,42,-0.0005143942373096871,-0.0007228125708902373,-0.004831928841822042,-0.0005110377488117962,-0.000514394237309701,293.9563296093724,0.002939563472118918,293.9563296093724,15895986.562888674,0,0,8903,0,0,99999.9940118594,4.7044471429346353e-07,4.755677122320149e-07,0.04704957219963931,0.047560609948451106,100010.84244362405,100008.07187946296,budget_exhausted,1.0000542421588137,-10.848431762715336
25,43,-0.001571229863224291,-0.001373212134893426,-0.014744116280829389,-0.0015721735801417919,-0.001571229863224402,2887.540166872206,0.02888166048301609,2887.540166872206,15895895.892537775,0,0,8912,0,0,99978.32945132186,4.5859440653891336e-07,4.743796434094068e-07,0.045855599141600506,0.0474277727217423,99991.62329013164,99978.51590105104,budget_exhausted,1.000066469194003,-13.293838800600497
25,44,-0.0005039841880467022,-0.0007261960172412898,-0.0047318145004894285,-0.0005091897078765978,-0.0005039841880467022,251.31097291831344,0.0025134825233924553,251.31097291831344,15896016.786338974,0,0,8900,0,0,99985.16821955786,4.705734120509915e-07,4.756607897606583e-07,0.0470583840985359,0.0475675738064125,100002.21621836264,100003.14263941626,budget_exhausted,1.0000852399940152,-17.04799880302744
25,45,-0.0015516209581164092,-0.001358047064564309,-0.01456846622479957,-0.0015521754782301944,-0.0015516209581164023,2897.376981930179,0.02897981380270936,2897.376981930179,15895946.264954941,0,0,8907,0,0,99979.14416066054,4.588672793881115e-07,4.7439362155998074e-07,0.045882716726462304,0.0474348922046925,99991.25844764047,99990.57754762622,budget_exhausted,1.0000605714348814,-12.11428697622614
25,46,-0.0017967623831034035,-0.0014394405575041997,-0.01686910848899159,-0.0017980075814058999,-0.0017967623831032994,2935.889454132227,0.029359073758754742,2935.889454132227,15895936.190471508,0,0,8908,0,0,99999.3895671439,4.585082931307047e-07,4.7652325333996607e-07,0.045857437453710195,0.047655445035116,100014.4122597971,100006.54679723922,budget_exhausted,1.0000751134632566,-15.022692651371472
25,47,-0.0011507714222735027,-0.0010854041533968682,-0.010804020312080498,-0.001155672937502794,-0.0011507714222734958,1498.0531168598573,0.014981155805576263,1498.0531168598573,15895905.967021208,0,0,8911,0,0,99995.83051544357,4.6460138883159013e-07,4.762266122542523e-07,0.046465168823073104,0.0476208417605759,100010.8263557428,99996.1794137444,budget_exhausted,1.0000749792014874,-14.99584029748803
25,48,-0.0011592721862072053,-0.0010735363412742323,-0.010885316162435932,-0.001161445699906491,-0.0011592721862073024,1471.3917075909233,0.014717195508779545,1471.3917075909233,15895956.339438373,0,0,8906,0,0,99977.72379344722,4.650560461111364e-07,4.766947758076534e-07,0.046502345843982,0.047663791543888494,99992.9927432212,99988.07195470684,budget_exhausted,1.000076344748858,-15.268949771561893
25,49,-0.0015701554338650031,-0.0013620196741885675,-0.014741022968645878,-0.001563600265646406,-0.0015701554338650031,2859.1915283746016,0.028593011962948247,2859.1915283746016,15895916.04150464,0,0,8910,0,0,99996.16452018538,4.585739856929264e-07,4.741251536879282e-07,0.0458562088887765,0.047419809154422905,99997.40569558402,100015.38367153346,budget_exhausted,1.0000062058769814,-1.241175396280596
25,50,-0.0005075829301266072,-0.0007159918271239762,-0.004767190910429986,-0.0005138701726895983,-0.0005075829301266974,305.8695332005526,0.0030593631952033785,305.8695332005526,15895905.967021208,0,0,8911,0,0,99978.1698623132,4.7045710806388654e-07,4.7557798822952325e-07,0.0470429952434292,0.047556865416118796,99994.22782032004,99998.0373212036,budget_exhausted,1.0000802897900165,-16.05795800330816
25,51,-0.0008856998987953058,-0.0009962845603644556,-0.008316939387431388,-0.0008833832140933001,-0.0008856998987952988,1901.9142488036193,0.019023476672894543,1901.9142488036193,15895926.115988076,0,0,8909,0,0,99977.21665217732,4.6308188280617355e-07,4.719347945176597e-07,0.0463042144766864,0.0471875976907797,99991.4187877382,99987.53692023858,budget_exhausted,1.0000710106777917,-14.202135558298323
30,42,-0.0390304016814324,-0.016095272261392613,-0.17826648366511277,-0.03917272830676141,-0.039030401681432306,2533.405880504699,0.025335199677338886,2533.405880504699,15935848.217760501,0,0,5102,0,0,99995.49688849338,5.533240397575251e-07,9.449929595474168e-07,0.05533795573040988,0.09451068403717129,100010.03346006764,100012.05097066022,budget_exhausted,1.000072682857857,-14.53657157139969
30,43,-0.0699667816078445,-0.026997193369779345,-0.3193345982756072,-0.07025513434028471,-0.0699667816078445,2818.5414515434386,0.028192361532612578,2818.5414515434386,15955370.783297595,0,0,3242,0,0,99975.35851272992,3.090913528910429e-07,1.0117731987388789e-06,0.030906892331001592,0.1011620266712858,99992.74338126346,99984.88475221409,budget_exhausted,1.0000869243426616,-17.384868532331893
30,44,-0.07322564817211238,-0.029690101238973417,-0.3343943008293586,-0.07357606039131112,-0.0732256481721124,3667.020290847886,0.03667041302960457,3667.020290847886,15975518.457447058,0,0,1320,0,0,99999.42700092978,1.6547562413655053e-07,9.012109356085896e-07,0.016549188196867792,0.09012524858817861,100009.82491059467,100004.61049367631,budget_exhausted,1.0000519895483193,-10.397909663879545
30,45,-0.0521996104280133,-0.02178283188364011,-0.2384178168413753,-0.05240841793337361,-0.0521996104280133,3003.2497685864664,0.030034255774528867,3003.2497685864664,15955925.370525928,0,0,3187,0,0,99994.14638845256,4.142435575620209e-07,9.382320923628207e-07,0.041423248371179805,0.09383166630455331,99997.32672964474,100009.01383393307,budget_exhausted,1.0000159017059589,-3.1803411917644553
30,46,-0.04239908058844058,-0.016815791514557837,-0.1934298793243966,-0.04256878011667109,-0.042399080588440705,3850.4809912853793,0.038513349204792074,3850.4809912853793,15934931.439768054,0,0,5193,0,0,99977.82770879554,5.208837152661261e-07,9.46673856539148e-07,0.05208041197089351,0.0946491920875646,99984.71913118837,99980.78158995886,budget_exhausted,1.000034457111962,-6.891422392363893
30,47,-0.06280380176740788,-0.025120670731312182,-0.2867277888802937,-0.06304475664255049,-0.0628038017674079,3027.159879988939,0.030277342383868408,3027.159879988939,15955441.30468163,0,0,3235,0,0,99981.030092053,3.079312053927915e-07,9.383965194415546e-07,0.03079000571519759,0.09383476235774758,99989.88467545022,99994.78942397315,budget_exhausted,1.0000442729169916,-8.854583398322575
30,48,-0.04821505602508769,-0.02041692394358117,-0.22017577964496104,-0.04843199689505148,-0.0482150560250876,2694.1600264047884,0.02694320043381164,2694.1600264047884,15955925.370525926,0,0,3187,0,0,99994.06095141634,4.1588699712332256e-07,9.001885179607902e-07,0.0415929860489566,0.09002498294400789,100010.30649348018,100006.81095993398,budget_exhausted,1.0000812277103122,-16.245542062446475
30,49,-0.06285742802815081,-0.025143121755573768,-0.2868218871777811,-0.06309710121928688,-0.0628574280281508,3045.6599914171957,0.030463653176277784,3045.6599914171957,15955431.230198197,0,0,3236,0,0,99976.8469590137,3.0773410683948253e-07,9.387591774343809e-07,0.030769831315735394,0.09386693253502189,99988.36863339713,99990.4286332084,budget_exhausted,1.000057608371913,-11.521674382587662
30,50,-0.06982163179823839,-0.027014053410411715,-0.31880935548338496,-0.07010653221930971,-0.0698216317982384,2794.7535838843414,0.027953658825429196,2794.7535838843414,15955431.230198197,0,0,3236,0,0,99978.09593862464,3.110227845139525e-07,1.0122592363142325e-06,0.031100466401407387,0.1012069986207166,99994.1738995402,99981.30418569896,budget_exhausted,1.000080389804584,-16.077960916794837
30,51,-0.0409265268875082,-0.016793920212524092,-0.18683409510761406,-0.04108183376861391,-0.0409265268875083,4172.840054716496,0.04172901885435259,4172.840054716496,15935807.919826766,0,0,5106,0,0,99998.51828007316,5.472230501193044e-07,9.579908168621767e-07,0.054723662807040885,0.09580549657565479,100002.48124619412,100006.69619094902,budget_exhausted,1.0000198148306008,-3.962966120161582
