dataset,planning_seed,L_os,L_os3,L_dyn,L_dyn3,implementation_version,git_commit,experiment_id,config_hash,source_hash,belief_model,planning_mode,revisit_weight,simulation_num_victims,evaluation_num_victims,victim_model,simulation_victim_model,victim_sampling_model,detection_probability,decay_tau,victim_seed,sensor_seed,budget,size
1,42,0.12659455088001081,0.22939641734499197,0.28506951261714786,0.36912745943611097,revision_B@ff544e3dab27,ff544e3dab270c9412bea847c1119b0311242e63,b5-contrasts_20260825_153608_604640_b5b93fdc,b5b93fdc655e4ae53a3edeb7713100a5719263d98438f703238f4438fc509f05,cef0d7e99cf98289cf781ea358600304c52099759ac7cef6c0a3cc8b44b6bdc2,evidence,,0.5,0,1,random_walk,random_walk,none_planning_only,0.8,10000.0,,,200000.0,xlarge
1,43,0.06978772661727632,0.20317482475508775,0.31870063451618835,0.3469037888909899,revision_B@ff544e3dab27,ff544e3dab270c9412bea847c1119b0311242e63,b5-contrasts_20260825_153608_604640_b5b93fdc,b5b93fdc655e4ae53a3edeb7713100a5719263d98438f703238f4438fc509f05,cef0d7e99cf98289cf781ea358600304c52099759ac7cef6c0a3cc8b44b6bdc2,evidence,,0.5,0,1,random_walk,random_walk,none_planning_only,0.8,10000.0,,,200000.0,xlarge
1,44,0.11517700184411951,0.23617276061434028,0.3302742651124479,0.35460008385150577,revision_B@ff544e3dab27,ff544e3dab270c9412bea847c1119b0311242e63,b5-contrasts_20260825_153608_604640_b5b93fdc,b5b93fdc655e4ae53a3edeb7713100a5719263d98438f703238f4438fc509f05,cef0d7e99cf98289cf781ea358600304c52099759ac7cef6c0a3cc8b44b6bdc2,evidence,,0.5,0,1,random_walk,random_walk,none_planning_only,0.8,10000.0,,,200000.0,xlarge
1,45,0.2046768870394393,0.15117452602681275,0.29348983274024515,0.3623940635953106,revision_B@ff544e3dab27,ff544e3dab270c9412bea847c1119b0311242e63,b5-contrasts_20260825_153608_604640_b5b93fdc,b5b93fdc655e4ae53a3edeb7713100a5719263d98438f703238f4438fc509f05,cef0d7e99cf98289cf781ea358600304c52099759ac7cef6c0a3cc8b44b6bdc2,evidence,,0.5,0,1,random_walk,random_walk,none_planning_only,0.8,10000.0,,,200000.0,xlarge
1,46,0.07011951775361032,0.2557455837397967,0.3327725004168034,0.3237583279015717,revision_B@ff544e3dab27,ff544e3dab270c9412bea847c1119b0311242e63,b5-contrasts_20260825_153608_604640_b5b93fdc,b5b93fdc655e4ae53a3edeb7713100a5719263d98438f703238f4438fc509f05,cef0d7e99cf98289cf781ea358600304c52099759ac7cef6c0a3cc8b44b6bdc2,evidence,,0.5,0,1,random_walk,random_walk,none_planning_only,0.8,10000.0,,,200000.0,xlarge
1,47,0.19309966241865548,0.23536067665800503,0.3061336422497854,0.35115673310369283,revision_B@ff544e3dab27,ff544e3dab270c9412bea847c1119b0311242e63,b5-contrasts_20260825_153608_604640_b5b93fdc,b5b93fdc655e4ae53a3edeb7713100a5719263d98438f703238f4438fc509f05,cef0d7e99cf98289cf781ea358600304c52099759ac7cef6c0a3cc8b44b6bdc2,evidence,,0.5,0,1,random_walk,random_walk,none_planning_only,0.8,10000.0,,,200000.0,xlarge
1,48,0.07026973811503662,0.3089269027049688,0.266294679108221,0.35343074693952603,revision_B@ff544e3dab27,ff544e3dab270c9412bea847c1119b0311242e63,b5-contrasts_20260825_153608_604640_b5b93fdc,b5b93fdc655e4ae53a3edeb7713100a5719263d98438f703238f4438fc509f05,cef0d7e99cf98289cf781ea358600304c52099759ac7cef6c0a3cc8b44b6bdc2,evidence,,0.5,0,1,random_walk,random_walk,none_planning_only,0.8,10000.0,,,200000.0,xlarge
1,49,0.14484256118602504,0.22317148440613982,0.25125618836403385,0.36847859780995884,revision_B@ff544e3dab27,ff544e3dab270c9412bea847c1119b0311242e63,b5-contrasts_20260825_153608_604640_b5b93fdc,b5b93fdc655e4ae53a3edeb7713100a5719263d98438f703238f4438fc509f05,cef0d7e99cf98289cf781ea358600304c52099759ac7cef6c0a3cc8b44b6bdc2,evidence,,0.5,0,1,random_walk,random_walk,none_planning_only,0.8,10000.0,,,200000.0,xlarge
1,50,0.21848373763719756,0.2665890215865684,0.2359119613180246,0.34500220555269373,revision_B@ff544e3dab27,ff544e3dab270c9412bea847c1119b0311242e63,b5-contrasts_20260825_153608_604640_b5b93fdc,b5b93fdc655e4ae53a3edeb7713100a5719263d98438f703238f4438fc509f05,cef0d7e99cf98289cf781ea358600304c52099759ac7cef6c0a3cc8b44b6bdc2,evidence,,0.5,0,1,random_walk,random_walk,none_planning_only,0.8,10000.0,,,200000.0,xlarge
1,51,0.1354802403302038,0.2207034878299234,0.2809029392214704,0.3649098547220396,revision_B@ff544e3dab27,ff544e3dab270c9412bea847c1119b0311242e63,b5-contrasts_20260825_153608_604640_b5b93fdc,b5b93fdc655e4ae53a3edeb7713100a5719263d98438f703238f4438fc509f05,cef0d7e99cf98289cf781ea358600304c52099759ac7cef6c0a3cc8b44b6bdc2,evidence,,0.5,0,1,random_walk,random_walk,none_planning_only,0.8,10000.0,,,200000.0,xlarge
5,42,0.054235277200116595,0.11417035245979922,0.2094667587144344,0.27151791833122996,revision_B@ff544e3dab27,ff544e3dab270c9412bea847c1119b0311242e63,b5-contrasts_20260825_153608_604640_b5b93fdc,b5b93fdc655e4ae53a3edeb7713100a5719263d98438f703238f4438fc509f05,cef0d7e99cf98289cf781ea358600304c52099759ac7cef6c0a3cc8b44b6bdc2,evidence,,0.5,0,1,random_walk,random_walk,none_planning_only,0.8,10000.0,,,200000.0,xlarge
5,43,0.08029576629767197,0.20127131695619624,0.23006125993214985,0.27200755335736193,revision_B@ff544e3dab27,ff544e3dab270c9412bea847c1119b0311242e63,b5-contrasts_20260825_153608_604640_b5b93fdc,b5b93fdc655e4ae53a3edeb7713100a5719263d98438f703238f4438fc509f05,cef0d7e99cf98289cf781ea358600304c52099759ac7cef6c0a3cc8b44b6bdc2,evidence,,0.5,0,1,random_walk,random_walk,none_planning_only,0.8,10000.0,,,200000.0,xlarge
5,44,0.06490810790258032,0.15568141597225102,0.19582689328125413,0.27801465609053827,revision_B@ff544e3dab27,ff544e3dab270c9412bea847c1119b0311242e63,b5-contrasts_20260825_153608_604640_b5b93fdc,b5b93fdc655e4ae53a3edeb7713100a5719263d98438f703238f4438fc509f05,cef0d7e99cf98289cf781ea358600304c52099759ac7cef6c0a3cc8b44b6bdc2,evidence,,0.5,0,1,random_walk,random_walk,none_planning_only,0.8,10000.0,,,200000.0,xlarge
5,45,0.07421118623275276,0.1454904762439568,0.22046230609778228,0.27897160807925064,revision_B@ff544e3dab27,ff544e3dab270c9412bea847c1119b0311242e63,b5-contrasts_20260825_153608_604640_b5b93fdc,b5b93fdc655e4ae53a3edeb7713100a5719263d98438f703238f4438fc509f05,cef0d7e99cf98289cf781ea358600304c52099759ac7cef6c0a3cc8b44b6bdc2,evidence,,0.5,0,1,random_walk,random_walk,none_planning_only,0.8,10000.0,,,200000.0,xlarge
5,46,0.05429936904040151,0.19640675870342592,0.20346076837004834,0.26765282390972195,revision_B@ff544e3dab27,ff544e3dab270c9412bea847c1119b0311242e63,b5-contrasts_20260825_153608_604640_b5b93fdc,b5b93fdc655e4ae53a3edeb7713100a5719263d98438f703238f4438fc509f05,cef0d7e99cf98289cf781ea358600304c52099759ac7cef6c0a3cc8b44b6bdc2,evidence,,0.5,0,1,random_walk,random_walk,none_planning_only,0.8,10000.0,,,200000.0,xlarge
5,47,0.050604027023585685,0.1193332970801297,0.20913847315016595,0.26258237042334714,revision_B@ff544e3dab27,ff544e3dab270c9412bea847c1119b0311242e63,b5-contrasts_20260825_153608_604640_b5b93fdc,b5b93fdc655e4ae53a3edeb7713100a5719263d98438f703238f4438fc509f05,cef0d7e99cf98289cf781ea358600304c52099759ac7cef6c0a3cc8b44b6bdc2,evidence,,0.5,0,1,random_walk,random_walk,none_planning_only,0.8,10000.0,,,200000.0,xlarge
5,48,0.10972453610485167,0.2004816317221942,0.21416081026343464,0.2756738501997736,revision_B@ff544e3dab27,ff544e3dab270c9412bea847c1119b0311242e63,b5-contrasts_20260825_153608_604640_b5b93fdc,b5b93fdc655e4ae53a3edeb7713100a5719263d98438f703238f4438fc509f05,cef0d7e99cf98289cf781ea358600304c52099759ac7cef6c0a3cc8b44b6bdc2,evidence,,0.5,0,1,random_walk,random_walk,none_planning_only,0.8,10000.0,,,200000.0,xlarge
5,49,0.09855034756407942,0.15232410284326314,0.2064165255167676,0.2730695556497469,revision_B@ff544e3dab27,ff544e3dab270c9412bea847c1119b0311242e63,b5-contrasts_20260825_153608_604640_b5b93fdc,b5b93fdc655e4ae53a3edeb7713100a5719263d98438f703238f4438fc509f05,cef0d7e99cf98289cf781ea358600304c52099759ac7cef6c0a3cc8b44b6bdc2,evidence,,0.5,0,1,random_walk,random_walk,none_planning_only,0.8,10000.0,,,200000.0,xlarge
5,50,0.06232517160163446,0.1476887835174574,0.2266755244059357,0.27046683549018447,revision_B@ff544e3dab27,ff544e3dab270c9412bea847c1119b0311242e63,b5-contrasts_20260825_153608_604640_b5b93fdc,b5b93fdc655e4ae53a3edeb7713100a5719263d98438f703238f4438fc509f05,cef0d7e99cf98289cf781ea358600304c52099759ac7cef6c0a3cc8b44b6bdc2,evidence,,0.5,0,1,random_walk,random_walk,none_planning_only,0.8,10000.0,,,200000.0,xlarge
5,51,0.09910562140993927,0.21054644333791958,0.212863439169133,0.2687912568759886,revision_B@ff544e3dab27,ff544e3dab270c9412bea847c1119b0311242e63,b5-contrasts_20260825_153608_604640_b5b93fdc,b5b93fdc655e4ae53a3edeb7713100a5719263d98438f703238f4438fc509f05,cef0d7e99cf98289cf781ea358600304c52099759ac7cef6c0a3cc8b44b6bdc2,evidence,,0.5,0,1,random_walk,random_walk,none_planning_only,0.8,10000.0,,,200000.0,xlarge
7,42,0.03686715067605617,0.09439282076718422,0.21057320366208498,0.16825988868682137,revision_B@ff544e3dab27,ff544e3dab270c9412bea847c1119b0311242e63,b5-contrasts_20260825_153608_604640_b5b93fdc,b5b93fdc655e4ae53a3edeb7713100a5719263d98438f703238f4438fc509f05,cef0d7e99cf98289cf781ea358600304c52099759ac7cef6c0a3cc8b44b6bdc2,evidence,,0.5,0,1,random_walk,random_walk,none_planning_only,0.8,10000.0,,,200000.0,xlarge
7,43,0.03932001614730162,0.047191893550107514,0.2246040393006248,0.16642666019378305,revision_B@ff544e3dab27,ff544e3dab270c9412bea847c1119b0311242e63,b5-contrasts_20260825_153608_604640_b5b93fdc,b5b93fdc655e4ae53a3edeb7713100a5719263d98438f703238f4438fc509f05,cef0d7e99cf98289cf781ea358600304c52099759ac7cef6c0a3cc8b44b6bdc2,evidence,,0.5,0,1,random_walk,random_walk,none_planning_only,0.8,10000.0,,,200000.0,xlarge
7,44,0.06378261030473655,0.04348878332077574,0.2085875481509938,0.20809800284907318,revision_B@ff544e3dab27,ff544e3dab270c9412bea847c1119b0311242e63,b5-contrasts_20260825_153608_604640_b5b93fdc,b5b93fdc655e4ae53a3edeb7713100a5719263d98438f703238f4438fc509f05,cef0d7e99cf98289cf781ea358600304c52099759ac7cef6c0a3cc8b44b6bdc2,evidence,,0.5,0,1,random_walk,random_walk,none_planning_only,0.8,10000.0,,,200000.0,xlarge
7,45,0.024925753201676996,0.06827380338869694,0.2245469607200755,0.19231706462925435,revision_B@ff544e3dab27,ff544e3dab270c9412bea847c1119b0311242e63,b5-contrasts_20260825_153608_604640_b5b93fdc,b5b93fdc655e4ae53a3edeb7713100a5719263d98438f703238f4438fc509f05,cef0d7e99cf98289cf781ea358600304c52099759ac7cef6c0a3cc8b44b6bdc2,evidence,,0.5,0,1,random_walk,random_walk,none_planning_only,0.8,10000.0,,,200000.0,xlarge
7,46,0.05927309129421254,0.09732404921106151,0.18741789739000794,0.20329067186751007,revision_B@ff544e3dab27,ff544e3dab270c9412bea847c1119b0311242e63,b5-contrasts_20260825_153608_604640_b5b93fdc,b5b93fdc655e4ae53a3edeb7713100a5719263d98438f703238f4438fc509f05,cef0d7e99cf98289cf781ea358600304c52099759ac7cef6c0a3cc8b44b6bdc2,evidence,,0.5,0,1,random_walk,random_walk,none_planning_only,0.8,10000.0,,,200000.0,xlarge
7,47,0.060649258150952866,0.09680407238961947,0.18456925861908294,0.1798511018438559,revision_B@ff544e3dab27,ff544e3dab270c9412bea847c1119b0311242e63,b5-contrasts_20260825_153608_604640_b5b93fdc,b5b93fdc655e4ae53a3edeb7713100a5719263d98438f703238f4438fc509f05,cef0d7e99cf98289cf781ea358600304c52099759ac7cef6c0a3cc8b44b6bdc2,evidence,,0.5,0,1,random_walk,random_walk,none_planning_only,0.8,10000.0,,,200000.0,xlarge
7,48,0.049399405766066815,0.04255096617166943,0.2138398841614142,0.1856665764877897,revision_B@ff544e3dab27,ff544e3dab270c9412bea847c1119b0311242e63,b5-contrasts_20260825_153608_604640_b5b93fdc,b5b93fdc655e4ae53a3edeb7713100a5719263d98438f703238f4438fc509f05,cef0d7e99cf98289cf781ea358600304c52099759ac7cef6c0a3cc8b44b6bdc2,evidence,,0.5,0,1,random_walk,random_walk,none_planning_only,0.8,10000.0,,,200000.0,xlarge
7,49,0.05049478807911179,0.07043413989833351,0.2261949056797436,0.21310982823229202,revision_B@ff544e3dab27,ff544e3dab270c9412bea847c1119b0311242e63,b5-contrasts_20260825_153608_604640_b5b93fdc,b5b93fdc655e4ae53a3edeb7713100a5719263d98438f703238f4438fc509f05,cef0d7e99cf98289cf781ea358600304c52099759ac7cef6c0a3cc8b44b6bdc2,evidence,,0.5,0,1,random_walk,random_walk,none_planning_only,0.8,10000.0,,,200000.0,xlarge
7,50,0.040567874149859226,0.08353056994169528,0.18525842000561452,0.16603905077471934,revision_B@ff544e3dab27,ff544e3dab270c9412bea847c1119b0311242e63,b5-contrasts_20260825_153608_604640_b5b93fdc,b5b93fdc655e4ae53a3edeb7713100a5719263d98438f703238f4438fc509f05,cef0d7e99cf98289cf781ea358600304c52099759ac7cef6c0a3cc8b44b6bdc2,evidence,,0.5,0,1,random_walk,random_walk,none_planning_only,0.8,10000.0,,,200000.0,xlarge
7,51,0.05433450479079525,0.06664308871963529,0.2083106198628703,0.20264381273025472,revision_B@ff544e3dab27,ff544e3dab270c9412bea847c1119b0311242e63,b5-contrasts_20260825_153608_604640_b5b93fdc,b5b93fdc655e4ae53a3edeb7713100a5719263d98438f703238f4438fc509f05,cef0d7e99cf98289cf781ea358600304c52099759ac7cef6c0a3cc8b44b6bdc2,evidence,,0.5,0,1,random_walk,random_walk,none_planning_only,0.8,10000.0,,,200000.0,xlarge
9,42,0.028007139237166464,0.11167484729356746,0.22614897082396343,0.23019570770773418,revision_B@ff544e3dab27,ff544e3dab270c9412bea847c1119b0311242e63,b5-contrasts_20260825_153608_604640_b5b93fdc,b5b93fdc655e4ae53a3edeb7713100a5719263d98438f703238f4438fc509f05,cef0d7e99cf98289cf781ea358600304c52099759ac7cef6c0a3cc8b44b6bdc2,evidence,,0.5,0,1,random_walk,random_walk,none_planning_only,0.8,10000.0,,,200000.0,xlarge
9,43,0.03847659785001486,0.11250558141753439,0.23038886594487207,0.19317691485242425,revision_B@ff544e3dab27,ff544e3dab270c9412bea847c1119b0311242e63,b5-contrasts_20260825_153608_604640_b5b93fdc,b5b93fdc655e4ae53a3edeb7713100a5719263d98438f703238f4438fc509f05,cef0d7e99cf98289cf781ea358600304c52099759ac7cef6c0a3cc8b44b6bdc2,evidence,,0.5,0,1,random_walk,random_walk,none_planning_only,0.8,10000.0,,,200000.0,xlarge
9,44,0.041975045087499815,0.10472729419231543,0.2387126059940066,0.24136442422671558,revision_B@ff544e3dab27,ff544e3dab270c9412bea847c1119b0311242e63,b5-contrasts_20260825_153608_604640_b5b93fdc,b5b93fdc655e4ae53a3edeb7713100a5719263d98438f703238f4438fc509f05,cef0d7e99cf98289cf781ea358600304c52099759ac7cef6c0a3cc8b44b6bdc2,evidence,,0.5,0,1,random_walk,random_walk,none_planning_only,0.8,10000.0,,,200000.0,xlarge
9,45,0.0716607994094972,0.09462286849878751,0.23057351884457347,0.22677813106366046,revision_B@ff544e3dab27,ff544e3dab270c9412bea847c1119b0311242e63,b5-contrasts_20260825_153608_604640_b5b93fdc,b5b93fdc655e4ae53a3edeb7713100a5719263d98438f703238f4438fc509f05,cef0d7e99cf98289cf781ea358600304c52099759ac7cef6c0a3cc8b44b6bdc2,evidence,,0.5,0,1,random_walk,random_walk,none_planning_only,0.8,10000.0,,,200000.0,xlarge
9,46,0.05155971674724392,0.09053083855488898,0.2295460096270503,0.20107393963955486,revision_B@ff544e3dab27,ff544e3dab270c9412bea847c1119b0311242e63,b5-contrasts_20260825_153608_604640_b5b93fdc,b5b93fdc655e4ae53a3edeb7713100a5719263d98438f703238f4438fc509f05,cef0d7e99cf98289cf781ea358600304c52099759ac7cef6c0a3cc8b44b6bdc2,evidence,,0.5,0,1,random_walk,random_walk,none_planning_only,0.8,10000.0,,,200000.0,xlarge
9,47,0.060782416176736055,0.0945223632787488,0.23432275310413067,0.2342838765744753,revision_B@ff544e3dab27,ff544e3dab270c9412bea847c1119b0311242e63,b5-contrasts_20260825_153608_604640_b5b93fdc,b5b93fdc655e4ae53a3edeb7713100a5719263d98438f703238f4438fc509f05,cef0d7e99cf98289cf781ea358600304c52099759ac7cef6c0a3cc8b44b6bdc2,evidence,,0.5,0,1,random_walk,random_walk,none_planning_only,0.8,10000.0,,,200000.0,xlarge
9,48,0.040884268496026714,0.12035437396960372,0.2366747972657751,0.23649338426369945,revision_B@ff544e3dab27,ff544e3dab270c9412bea847c1119b0311242e63,b5-contrasts_20260825_153608_604640_b5b93fdc,b5b93fdc655e4ae53a3edeb7713100a5719263d98438f703238f4438fc509f05,cef0d7e99cf98289cf781ea358600304c52099759ac7cef6c0a3cc8b44b6bdc2,evidence,,0.5,0,1,random_walk,random_walk,none_planning_only,0.8,10000.0,,,200000.0,xlarge
9,49,0.06190555538978284,0.06108861419484265,0.21462424897087104,0.1931951273867922,revision_B@ff544e3dab27,ff544e3dab270c9412bea847c1119b0311242e63,b5-contrasts_20260825_153608_604640_b5b93fdc,b5b93fdc655e4ae53a3edeb7713100a5719263d98438f703238f4438fc509f05,cef0d7e99cf98289cf781ea358600304c52099759ac7cef6c0a3cc8b44b6bdc2,evidence,,0.5,0,1,random_walk,random_walk,none_planning_only,0.8,10000.0,,,200000.0,xlarge
9,50,0.045565021645497174,0.08532162077843558,0.21739261253559986,0.20730372444165582,revision_B@ff544e3dab27,ff544e3dab270c9412bea847c1119b0311242e63,b5-contrasts_20260825_153608_604640_b5b93fdc,b5b93fdc655e4ae53a3edeb7713100a5719263d98438f703238f4438fc509f05,cef0d7e99cf98289cf781ea358600304c52099759ac7cef6c0a3cc8b44b6bdc2,evidence,,0.5,0,1,random_walk,random_walk,none_planning_only,0.8,10000.0,,,200000.0,xlarge
9,51,0.05177586907648151,0.05532070040764411,0.24465813521966465,0.23726360757286233,revision_B@ff544e3dab27,ff544e3dab270c9412bea847c1119b0311242e63,b5-contrasts_20260825_153608_604640_b5b93fdc,b5b93fdc655e4ae53a3edeb7713100a5719263d98438f703238f4438fc509f05,cef0d7e99cf98289cf781ea358600304c52099759ac7cef6c0a3cc8b44b6bdc2,evidence,,0.5,0,1,random_walk,random_walk,none_planning_only,0.8,10000.0,,,200000.0,xlarge
10,42,0.1027872403367714,0.12053670466528876,0.2210267054094766,0.2821802535055239,revision_B@ff544e3dab27,ff544e3dab270c9412bea847c1119b0311242e63,b5-contrasts_20260825_153608_604640_b5b93fdc,b5b93fdc655e4ae53a3edeb7713100a5719263d98438f703238f4438fc509f05,cef0d7e99cf98289cf781ea358600304c52099759ac7cef6c0a3cc8b44b6bdc2,evidence,,0.5,0,1,random_walk,random_walk,none_planning_only,0.8,10000.0,,,200000.0,xlarge
10,43,0.07813639497397688,0.12259824451411054,0.213017821385785,0.24985652675709116,revision_B@ff544e3dab27,ff544e3dab270c9412bea847c1119b0311242e63,b5-contrasts_20260825_153608_604640_b5b93fdc,b5b93fdc655e4ae53a3edeb7713100a5719263d98438f703238f4438fc509f05,cef0d7e99cf98289cf781ea358600304c52099759ac7cef6c0a3cc8b44b6bdc2,evidence,,0.5,0,1,random_walk,random_walk,none_planning_only,0.8,10000.0,,,200000.0,xlarge
10,44,0.10756176262636717,0.12679831316162474,0.2328816154945089,0.29429717264798194,revision_B@ff544e3dab27,ff544e3dab270c9412bea847c1119b0311242e63,b5-contrasts_20260825_153608_604640_b5b93fdc,b5b93fdc655e4ae53a3edeb7713100a5719263d98438f703238f4438fc509f05,cef0d7e99cf98289cf781ea358600304c52099759ac7cef6c0a3cc8b44b6bdc2,evidence,,0.5,0,1,random_walk,random_walk,none_planning_only,0.8,10000.0,,,200000.0,xlarge
10,45,0.10757432509544529,0.13261970110905538,0.24515197604886751,0.2892423617195634,revision_B@ff544e3dab27,ff544e3dab270c9412bea847c1119b0311242e63,b5-contrasts_20260825_153608_604640_b5b93fdc,b5b93fdc655e4ae53a3edeb7713100a5719263d98438f703238f4438fc509f05,cef0d7e99cf98289cf781ea358600304c52099759ac7cef6c0a3cc8b44b6bdc2,evidence,,0.5,0,1,random_walk,random_walk,none_planning_only,0.8,10000.0,,,200000.0,xlarge
10,46,0.10607164276005986,0.14299873930168,0.24598651655062076,0.26938232217854297,revision_B@ff544e3dab27,ff544e3dab270c9412bea847c1119b0311242e63,b5-contrasts_20260825_153608_604640_b5b93fdc,b5b93fdc655e4ae53a3edeb7713100a5719263d98438f703238f4438fc509f05,cef0d7e99cf98289cf781ea358600304c52099759ac7cef6c0a3cc8b44b6bdc2,evidence,,0.5,0,1,random_walk,random_walk,none_planning_only,0.8,10000.0,,,200000.0,xlarge
10,47,0.10758205225340102,0.1214171906708496,0.24654902704505655,0.2956272645666049,revision_B@ff544e3dab27,ff544e3dab270c9412bea847c1119b0311242e63,b5-contrasts_20260825_153608_604640_b5b93fdc,b5b93fdc655e4ae53a3edeb7713100a5719263d98438f703238f4438fc509f05,cef0d7e99cf98289cf781ea358600304c52099759ac7cef6c0a3cc8b44b6bdc2,evidence,,0.5,0,1,random_walk,random_walk,none_planning_only,0.8,10000.0,,,200000.0,xlarge
10,48,0.03275724842414975,0.14256958849907575,0.24994928673632327,0.26771085694036584,revision_B@ff544e3dab27,ff544e3dab270c9412bea847c1119b0311242e63,b5-contrasts_20260825_153608_604640_b5b93fdc,b5b93fdc655e4ae53a3edeb7713100a5719263d98438f703238f4438fc509f05,cef0d7e99cf98289cf781ea358600304c52099759ac7cef6c0a3cc8b44b6bdc2,evidence,,0.5,0,1,random_walk,random_walk,none_planning_only,0.8,10000.0,,,200000.0,xlarge
10,49,0.10351869068501116,0.1328589943208701,0.2420852685846031,0.2752449100885253,revision_B@ff544e3dab27,ff544e3dab270c9412bea847c1119b0311242e63,b5-contrasts_20260825_153608_604640_b5b93fdc,b5b93fdc655e4ae53a3edeb7713100a5719263d98438f703238f4438fc509f05,cef0d7e99cf98289cf781ea358600304c52099759ac7cef6c0a3cc8b44b6bdc2,evidence,,0.5,0,1,random_walk,random_walk,none_planning_only,0.8,10000.0,,,200000.0,xlarge
10,50,0.10447489678109714,0.140980298164099,0.25456372298067886,0.29743384552396934,revision_B@ff544e3dab27,ff544e3dab270c9412bea847c1119b0311242e63,b5-contrasts_20260825_153608_604640_b5b93fdc,b5b93fdc655e4ae53a3edeb7713100a5719263d98438f703238f4438fc509f05,cef0d7e99cf98289cf781ea358600304c52099759ac7cef6c0a3cc8b44b6bdc2,evidence,,0.5,0,1,random_walk,random_walk,none_planning_only,0.8,10000.0,,,200000.0,xlarge
10,51,0.08028918015459569,0.11642898669662738,0.2303340019381745,0.3095201798468323,revision_B@ff544e3dab27,ff544e3dab270c9412bea847c1119b0311242e63,b5-contrasts_20260825_153608_604640_b5b93fdc,b5b93fdc655e4ae53a3edeb7713100a5719263d98438f703238f4438fc509f05,cef0d7e99cf98289cf781ea358600304c52099759ac7cef6c0a3cc8b44b6bdc2,evidence,,0.5,0,1,random_walk,random_walk,none_planning_only,0.8,10000.0,,,200000.0,xlarge
12,42,0.16759483000231967,0.3069530734494444,0.2641480272462871,0.3286831401404902,revision_B@ff544e3dab27,ff544e3dab270c9412bea847c1119b0311242e63,b5-contrasts_20260825_153608_604640_b5b93fdc,b5b93fdc655e4ae53a3edeb7713100a5719263d98438f703238f4438fc509f05,cef0d7e99cf98289cf781ea358600304c52099759ac7cef6c0a3cc8b44b6bdc2,evidence,,0.5,0,1,random_walk,random_walk,none_planning_only,0.8,10000.0,,,200000.0,xlarge
12,43,0.158333223137572,0.2672595439380625,0.25894775987203517,0.3270941027899173,revision_B@ff544e3dab27,ff544e3dab270c9412bea847c1119b0311242e63,b5-contrasts_20260825_153608_604640_b5b93fdc,b5b93fdc655e4ae53a3edeb7713100a5719263d98438f703238f4438fc509f05,cef0d7e99cf98289cf781ea358600304c52099759ac7cef6c0a3cc8b44b6bdc2,evidence,,0.5,0,1,random_walk,random_walk,none_planning_only,0.8,10000.0,,,200000.0,xlarge
12,44,0.1596321030890319,0.3079668664149489,0.273450359382259,0.330916101862445,revision_B@ff544e3dab27,ff544e3dab270c9412bea847c1119b0311242e63,b5-contrasts_20260825_153608_604640_b5b93fdc,b5b93fdc655e4ae53a3edeb7713100a5719263d98438f703238f4438fc509f05,cef0d7e99cf98289cf781ea358600304c52099759ac7cef6c0a3cc8b44b6bdc2,evidence,,0.5,0,1,random_walk,random_walk,none_planning_only,0.8,10000.0,,,200000.0,xlarge
12,45,0.10406012616792798,0.28548488190697496,0.26553736373016856,0.3188626157915912,revision_B@ff544e3dab27,ff544e3dab270c9412bea847c1119b0311242e63,b5-contrasts_20260825_153608_604640_b5b93fdc,b5b93fdc655e4ae53a3edeb7713100a5719263d98438f703238f4438fc509f05,cef0d7e99cf98289cf781ea358600304c52099759ac7cef6c0a3cc8b44b6bdc2,evidence,,0.5,0,1,random_walk,random_walk,none_planning_only,0.8,10000.0,,,200000.0,xlarge
12,46,0.2231274358123443,0.2649858166778953,0.23837640780510283,0.3117016233372236,revision_B@ff544e3dab27,ff544e3dab270c9412bea847c1119b0311242e63,b5-contrasts_20260825_153608_604640_b5b93fdc,b5b93fdc655e4ae53a3edeb7713100a5719263d98438f703238f4438fc509f05,cef0d7e99cf98289cf781ea358600304c52099759ac7cef6c0a3cc8b44b6bdc2,evidence,,0.5,0,1,random_walk,random_walk,none_planning_only,0.8,10000.0,,,200000.0,xlarge
12,47,0.16480572128458454,0.30684771317772497,0.26021953583116736,0.3360295508159289,revision_B@ff544e3dab27,ff544e3dab270c9412bea847c1119b0311242e63,b5-contrasts_20260825_153608_604640_b5b93fdc,b5b93fdc655e4ae53a3edeb7713100a5719263d98438f703238f4438fc509f05,cef0d7e99cf98289cf781ea358600304c52099759ac7cef6c0a3cc8b44b6bdc2,evidence,,0.5,0,1,random_walk,random_walk,none_planning_only,0.8,10000.0,,,200000.0,xlarge
12,48,0.14814696852105572,0.2808094550566428,0.26841272257641746,0.326423679271564,revision_B@ff544e3dab27,ff544e3dab270c9412bea847c1119b0311242e63,b5-contrasts_20260825_153608_604640_b5b93fdc,b5b93fdc655e4ae53a3edeb7713100a5719263d98438f703238f4438fc509f05,cef0d7e99cf98289cf781ea358600304c52099759ac7cef6c0a3cc8b44b6bdc2,evidence,,0.5,0,1,random_walk,random_walk,none_planning_only,0.8,10000.0,,,200000.0,xlarge
12,49,0.18780289397657973,0.2464256978995968,0.24422715622515295,0.33078284751385195,revision_B@ff544e3dab27,ff544e3dab270c9412bea847c1119b0311242e63,b5-contrasts_20260825_153608_604640_b5b93fdc,b5b93fdc655e4ae53a3edeb7713100a5719263d98438f703238f4438fc509f05,cef0d7e99cf98289cf781ea358600304c52099759ac7cef6c0a3cc8b44b6bdc2,evidence,,0.5,0,1,random_walk,random_walk,none_planning_only,0.8,10000.0,,,200000.0,xlarge
12,50,0.18342762313348787,0.29002190991709226,0.2554149683144571,0.3457850299674744,revision_B@ff544e3dab27,ff544e3dab270c9412bea847c1119b0311242e63,b5-contrasts_20260825_153608_604640_b5b93fdc,b5b93fdc655e4ae53a3edeb7713100a5719263d98438f703238f4438fc509f05,cef0d7e99cf98289cf781ea358600304c52099759ac7cef6c0a3cc8b44b6bdc2,evidence,,0.5,0,1,random_walk,random_walk,none_planning_only,0.8,10000.0,,,200000.0,xlarge
12,51,0.20641132944033116,0.24680984484623988,0.25561080291899957,0.34877503440293184,revision_B@ff544e3dab27,ff544e3dab270c9412bea847c1119b0311242e63,b5-contrasts_20260825_153608_604640_b5b93fdc,b5b93fdc655e4ae53a3edeb7713100a5719263d98438f703238f4438fc509f05,cef0d7e99cf98289cf781ea358600304c52099759ac7cef6c0a3cc8b44b6bdc2,evidence,,0.5,0,1,random_walk,random_walk,none_planning_only,0.8,10000.0,,,200000.0,xlarge
