dataset,planning_seed,L_os,L_os3,L_dyn,L_dyn3,implementation_version,git_commit,experiment_id,config_hash,source_hash,belief_model,planning_mode,revisit_weight,simulation_num_victims,evaluation_num_victims,victim_model,simulation_victim_model,victim_sampling_model,detection_probability,decay_tau,victim_seed,sensor_seed,budget,size,D1_B,D3_B,I_B,H_S_B,H_D_B
1,42,0.1265945508800108,0.2293964173449919,0.2850695126171478,0.3691274594361109,revision_B@ff544e3dab27,ff544e3dab270c9412bea847c1119b0311242e63,b5-contrasts_20260825_153608_604640_b5b93fdc,b5b93fdc655e4ae53a3edeb7713100a5719263d98438f703238f4438fc509f05,cef0d7e99cf98289cf781ea358600304c52099759ac7cef6c0a3cc8b44b6bdc2,evidence,,0.5,0,1,random_walk,random_walk,none_planning_only,0.8,10000.0,,,200000.0,xlarge,0.15847496173713702,0.13973104209111903,-0.018743919646017987,0.1028018664649811,0.08405794681896311
1,43,0.0697877266172763,0.2031748247550877,0.3187006345161883,0.3469037888909899,revision_B@ff544e3dab27,ff544e3dab270c9412bea847c1119b0311242e63,b5-contrasts_20260825_153608_604640_b5b93fdc,b5b93fdc655e4ae53a3edeb7713100a5719263d98438f703238f4438fc509f05,cef0d7e99cf98289cf781ea358600304c52099759ac7cef6c0a3cc8b44b6bdc2,evidence,,0.5,0,1,random_walk,random_walk,none_planning_only,0.8,10000.0,,,200000.0,xlarge,0.24891290789891202,0.1437289641359022,-0.10518394376300982,0.1333870981378114,0.028203154374801587
1,44,0.1151770018441195,0.2361727606143402,0.3302742651124479,0.3546000838515057,revision_B@ff544e3dab27,ff544e3dab270c9412bea847c1119b0311242e63,b5-contrasts_20260825_153608_604640_b5b93fdc,b5b93fdc655e4ae53a3edeb7713100a5719263d98438f703238f4438fc509f05,cef0d7e99cf98289cf781ea358600304c52099759ac7cef6c0a3cc8b44b6bdc2,evidence,,0.5,0,1,random_walk,random_walk,none_planning_only,0.8,10000.0,,,200000.0,xlarge,0.2150972632683284,0.11842732323716551,-0.09666994003116289,0.1209957587702207,0.024325818739057814
1,45,0.2046768870394393,0.1511745260268127,0.2934898327402451,0.3623940635953106,revision_B@ff544e3dab27,ff544e3dab270c9412bea847c1119b0311242e63,b5-contrasts_20260825_153608_604640_b5b93fdc,b5b93fdc655e4ae53a3edeb7713100a5719263d98438f703238f4438fc509f05,cef0d7e99cf98289cf781ea358600304c52099759ac7cef6c0a3cc8b44b6bdc2,evidence,,0.5,0,1,random_walk,random_walk,none_planning_only,0.8,10000.0,,,200000.0,xlarge,0.0888129457008058,0.21121953756849793,0.12240659186769212,-0.05350236101262659,0.06890423085506553
1,46,0.0701195177536103,0.2557455837397967,0.3327725004168034,0.3237583279015717,revision_B@ff544e3dab27,ff544e3dab270c9412bea847c1119b0311242e63,b5-contrasts_20260825_153608_604640_b5b93fdc,b5b93fdc655e4ae53a3edeb7713100a5719263d98438f703238f4438fc509f05,cef0d7e99cf98289cf781ea358600304c52099759ac7cef6c0a3cc8b44b6bdc2,evidence,,0.5,0,1,random_walk,random_walk,none_planning_only,0.8,10000.0,,,200000.0,xlarge,0.2626529826631931,0.068012744161775,-0.1946402385014181,0.18562606598618642,-0.009014172515231678
1,47,0.1930996624186554,0.235360676658005,0.3061336422497854,0.3511567331036928,revision_B@ff544e3dab27,ff544e3dab270c9412bea847c1119b0311242e63,b5-contrasts_20260825_153608_604640_b5b93fdc,b5b93fdc655e4ae53a3edeb7713100a5719263d98438f703238f4438fc509f05,cef0d7e99cf98289cf781ea358600304c52099759ac7cef6c0a3cc8b44b6bdc2,evidence,,0.5,0,1,random_walk,random_walk,none_planning_only,0.8,10000.0,,,200000.0,xlarge,0.11303397983113,0.11579605644568777,0.002762076614557768,0.04226101423934961,0.04502309085390738
1,48,0.0702697381150366,0.3089269027049688,0.266294679108221,0.353430746939526,revision_B@ff544e3dab27,ff544e3dab270c9412bea847c1119b0311242e63,b5-contrasts_20260825_153608_604640_b5b93fdc,b5b93fdc655e4ae53a3edeb7713100a5719263d98438f703238f4438fc509f05,cef0d7e99cf98289cf781ea358600304c52099759ac7cef6c0a3cc8b44b6bdc2,evidence,,0.5,0,1,random_walk,random_walk,none_planning_only,0.8,10000.0,,,200000.0,xlarge,0.1960249409931844,0.044503844234557166,-0.15152109675862724,0.2386571645899322,0.08713606783130495
1,49,0.144842561186025,0.2231714844061398,0.2512561883640338,0.3684785978099588,revision_B@ff544e3dab27,ff544e3dab270c9412bea847c1119b0311242e63,b5-contrasts_20260825_153608_604640_b5b93fdc,b5b93fdc655e4ae53a3edeb7713100a5719263d98438f703238f4438fc509f05,cef0d7e99cf98289cf781ea358600304c52099759ac7cef6c0a3cc8b44b6bdc2,evidence,,0.5,0,1,random_walk,random_walk,none_planning_only,0.8,10000.0,,,200000.0,xlarge,0.10641362717800879,0.145307113403819,0.03889348622581021,0.07832892322011478,0.11722240944592499
1,50,0.2184837376371975,0.2665890215865684,0.2359119613180246,0.3450022055526937,revision_B@ff544e3dab27,ff544e3dab270c9412bea847c1119b0311242e63,b5-contrasts_20260825_153608_604640_b5b93fdc,b5b93fdc655e4ae53a3edeb7713100a5719263d98438f703238f4438fc509f05,cef0d7e99cf98289cf781ea358600304c52099759ac7cef6c0a3cc8b44b6bdc2,evidence,,0.5,0,1,random_walk,random_walk,none_planning_only,0.8,10000.0,,,200000.0,xlarge,0.01742822368082711,0.07841318396612529,0.06098496028529818,0.048105283949370886,0.10909024423466906
1,51,0.1354802403302038,0.2207034878299234,0.2809029392214704,0.3649098547220396,revision_B@ff544e3dab27,ff544e3dab270c9412bea847c1119b0311242e63,b5-contrasts_20260825_153608_604640_b5b93fdc,b5b93fdc655e4ae53a3edeb7713100a5719263d98438f703238f4438fc509f05,cef0d7e99cf98289cf781ea358600304c52099759ac7cef6c0a3cc8b44b6bdc2,evidence,,0.5,0,1,random_walk,random_walk,none_planning_only,0.8,10000.0,,,200000.0,xlarge,0.1454226988912666,0.14420636689211616,-0.001216331999150444,0.0852232474997196,0.08400691550056916
5,42,0.0542352772001165,0.1141703524597992,0.2094667587144344,0.2715179183312299,revision_B@ff544e3dab27,ff544e3dab270c9412bea847c1119b0311242e63,b5-contrasts_20260825_153608_604640_b5b93fdc,b5b93fdc655e4ae53a3edeb7713100a5719263d98438f703238f4438fc509f05,cef0d7e99cf98289cf781ea358600304c52099759ac7cef6c0a3cc8b44b6bdc2,evidence,,0.5,0,1,random_walk,random_walk,none_planning_only,0.8,10000.0,,,200000.0,xlarge,0.1552314815143179,0.1573475658714307,0.002116084357112802,0.0599350752596827,0.0620511596167955
5,43,0.0802957662976719,0.2012713169561962,0.2300612599321498,0.2720075533573619,revision_B@ff544e3dab27,ff544e3dab270c9412bea847c1119b0311242e63,b5-contrasts_20260825_153608_604640_b5b93fdc,b5b93fdc655e4ae53a3edeb7713100a5719263d98438f703238f4438fc509f05,cef0d7e99cf98289cf781ea358600304c52099759ac7cef6c0a3cc8b44b6bdc2,evidence,,0.5,0,1,random_walk,random_walk,none_planning_only,0.8,10000.0,,,200000.0,xlarge,0.1497654936344779,0.07073623640116566,-0.07902925723331222,0.1209755506585243,0.04194629342521208
5,44,0.0649081079025803,0.155681415972251,0.1958268932812541,0.2780146560905382,revision_B@ff544e3dab27,ff544e3dab270c9412bea847c1119b0311242e63,b5-contrasts_20260825_153608_604640_b5b93fdc,b5b93fdc655e4ae53a3edeb7713100a5719263d98438f703238f4438fc509f05,cef0d7e99cf98289cf781ea358600304c52099759ac7cef6c0a3cc8b44b6bdc2,evidence,,0.5,0,1,random_walk,random_walk,none_planning_only,0.8,10000.0,,,200000.0,xlarge,0.1309187853786738,0.12233324011828722,-0.008585545260386573,0.0907733080696707,0.08218776280928411
5,45,0.0742111862327527,0.1454904762439568,0.2204623060977822,0.2789716080792506,revision_B@ff544e3dab27,ff544e3dab270c9412bea847c1119b0311242e63,b5-contrasts_20260825_153608_604640_b5b93fdc,b5b93fdc655e4ae53a3edeb7713100a5719263d98438f703238f4438fc509f05,cef0d7e99cf98289cf781ea358600304c52099759ac7cef6c0a3cc8b44b6bdc2,evidence,,0.5,0,1,random_walk,random_walk,none_planning_only,0.8,10000.0,,,200000.0,xlarge,0.14625111986502948,0.13348113183529378,-0.012769988029735696,0.0712792900112041,0.05850930198146839
5,46,0.0542993690404015,0.1964067587034259,0.2034607683700483,0.2676528239097219,revision_B@ff544e3dab27,ff544e3dab270c9412bea847c1119b0311242e63,b5-contrasts_20260825_153608_604640_b5b93fdc,b5b93fdc655e4ae53a3edeb7713100a5719263d98438f703238f4438fc509f05,cef0d7e99cf98289cf781ea358600304c52099759ac7cef6c0a3cc8b44b6bdc2,evidence,,0.5,0,1,random_walk,random_walk,none_planning_only,0.8,10000.0,,,200000.0,xlarge,0.1491613993296468,0.071246065206296,-0.0779153341233508,0.14210738966302439,0.06419205553967358
5,47,0.0506040270235856,0.1193332970801297,0.2091384731501659,0.2625823704233471,revision_B@ff544e3dab27,ff544e3dab270c9412bea847c1119b0311242e63,b5-contrasts_20260825_153608_604640_b5b93fdc,b5b93fdc655e4ae53a3edeb7713100a5719263d98438f703238f4438fc509f05,cef0d7e99cf98289cf781ea358600304c52099759ac7cef6c0a3cc8b44b6bdc2,evidence,,0.5,0,1,random_walk,random_walk,none_planning_only,0.8,10000.0,,,200000.0,xlarge,0.1585344461265803,0.1432490733432174,-0.015285372783362894,0.0687292700565441,0.05344389727318119
5,48,0.1097245361048516,0.2004816317221942,0.2141608102634346,0.2756738501997736,revision_B@ff544e3dab27,ff544e3dab270c9412bea847c1119b0311242e63,b5-contrasts_20260825_153608_604640_b5b93fdc,b5b93fdc655e4ae53a3edeb7713100a5719263d98438f703238f4438fc509f05,cef0d7e99cf98289cf781ea358600304c52099759ac7cef6c0a3cc8b44b6bdc2,evidence,,0.5,0,1,random_walk,random_walk,none_planning_only,0.8,10000.0,,,200000.0,xlarge,0.10443627415858299,0.0751922184775794,-0.029244055681003592,0.09075709561734259,0.061513039936339
5,49,0.0985503475640794,0.1523241028432631,0.2064165255167676,0.2730695556497469,revision_B@ff544e3dab27,ff544e3dab270c9412bea847c1119b0311242e63,b5-contrasts_20260825_153608_604640_b5b93fdc,b5b93fdc655e4ae53a3edeb7713100a5719263d98438f703238f4438fc509f05,cef0d7e99cf98289cf781ea358600304c52099759ac7cef6c0a3cc8b44b6bdc2,evidence,,0.5,0,1,random_walk,random_walk,none_planning_only,0.8,10000.0,,,200000.0,xlarge,0.10786617795268819,0.1207454528064838,0.012879274853795614,0.05377375527918368,0.0666530301329793
5,50,0.0623251716016344,0.1476887835174574,0.2266755244059357,0.2704668354901844,revision_B@ff544e3dab27,ff544e3dab270c9412bea847c1119b0311242e63,b5-contrasts_20260825_153608_604640_b5b93fdc,b5b93fdc655e4ae53a3edeb7713100a5719263d98438f703238f4438fc509f05,cef0d7e99cf98289cf781ea358600304c52099759ac7cef6c0a3cc8b44b6bdc2,evidence,,0.5,0,1,random_walk,random_walk,none_planning_only,0.8,10000.0,,,200000.0,xlarge,0.1643503528043013,0.12277805197272701,-0.04157230083157429,0.085363611915823,0.04379131108424872
5,51,0.0991056214099392,0.2105464433379195,0.212863439169133,0.2687912568759886,revision_B@ff544e3dab27,ff544e3dab270c9412bea847c1119b0311242e63,b5-contrasts_20260825_153608_604640_b5b93fdc,b5b93fdc655e4ae53a3edeb7713100a5719263d98438f703238f4438fc509f05,cef0d7e99cf98289cf781ea358600304c52099759ac7cef6c0a3cc8b44b6bdc2,evidence,,0.5,0,1,random_walk,random_walk,none_planning_only,0.8,10000.0,,,200000.0,xlarge,0.1137578177591938,0.058244813538069096,-0.05551300422112471,0.1114408219279803,0.05592781770685559
7,42,0.0368671506760561,0.0943928207671842,0.2105732036620849,0.1682598886868213,revision_B@ff544e3dab27,ff544e3dab270c9412bea847c1119b0311242e63,b5-contrasts_20260825_153608_604640_b5b93fdc,b5b93fdc655e4ae53a3edeb7713100a5719263d98438f703238f4438fc509f05,cef0d7e99cf98289cf781ea358600304c52099759ac7cef6c0a3cc8b44b6bdc2,evidence,,0.5,0,1,random_walk,random_walk,none_planning_only,0.8,10000.0,,,200000.0,xlarge,0.1737060529860288,0.0738670679196371,-0.09983898506639172,0.05752567009112809,-0.04231331497526361
7,43,0.0393200161473016,0.0471918935501075,0.2246040393006248,0.166426660193783,revision_B@ff544e3dab27,ff544e3dab270c9412bea847c1119b0311242e63,b5-contrasts_20260825_153608_604640_b5b93fdc,b5b93fdc655e4ae53a3edeb7713100a5719263d98438f703238f4438fc509f05,cef0d7e99cf98289cf781ea358600304c52099759ac7cef6c0a3cc8b44b6bdc2,evidence,,0.5,0,1,random_walk,random_walk,none_planning_only,0.8,10000.0,,,200000.0,xlarge,0.1852840231533232,0.1192347666436755,-0.06604925650964771,0.007871877402805899,-0.058177379106841814
7,44,0.0637826103047365,0.0434887833207757,0.2085875481509938,0.2080980028490731,revision_B@ff544e3dab27,ff544e3dab270c9412bea847c1119b0311242e63,b5-contrasts_20260825_153608_604640_b5b93fdc,b5b93fdc655e4ae53a3edeb7713100a5719263d98438f703238f4438fc509f05,cef0d7e99cf98289cf781ea358600304c52099759ac7cef6c0a3cc8b44b6bdc2,evidence,,0.5,0,1,random_walk,random_walk,none_planning_only,0.8,10000.0,,,200000.0,xlarge,0.1448049378462573,0.16460921952829738,0.01980428168204007,-0.020293826983960803,-0.0004895453019207185
7,45,0.0249257532016769,0.0682738033886969,0.2245469607200755,0.1923170646292543,revision_B@ff544e3dab27,ff544e3dab270c9412bea847c1119b0311242e63,b5-contrasts_20260825_153608_604640_b5b93fdc,b5b93fdc655e4ae53a3edeb7713100a5719263d98438f703238f4438fc509f05,cef0d7e99cf98289cf781ea358600304c52099759ac7cef6c0a3cc8b44b6bdc2,evidence,,0.5,0,1,random_walk,random_walk,none_planning_only,0.8,10000.0,,,200000.0,xlarge,0.1996212075183986,0.1240432612405574,-0.0755779462778412,0.04334805018702,-0.03222989609082119
7,46,0.0592730912942125,0.0973240492110615,0.1874178973900079,0.20329067186751,revision_B@ff544e3dab27,ff544e3dab270c9412bea847c1119b0311242e63,b5-contrasts_20260825_153608_604640_b5b93fdc,b5b93fdc655e4ae53a3edeb7713100a5719263d98438f703238f4438fc509f05,cef0d7e99cf98289cf781ea358600304c52099759ac7cef6c0a3cc8b44b6bdc2,evidence,,0.5,0,1,random_walk,random_walk,none_planning_only,0.8,10000.0,,,200000.0,xlarge,0.12814480609579537,0.10596662265644849,-0.022178183439346882,0.038050957916848996,0.0158727744775021
7,47,0.0606492581509528,0.0968040723896194,0.1845692586190829,0.1798511018438559,revision_B@ff544e3dab27,ff544e3dab270c9412bea847c1119b0311242e63,b5-contrasts_20260825_153608_604640_b5b93fdc,b5b93fdc655e4ae53a3edeb7713100a5719263d98438f703238f4438fc509f05,cef0d7e99cf98289cf781ea358600304c52099759ac7cef6c0a3cc8b44b6bdc2,evidence,,0.5,0,1,random_walk,random_walk,none_planning_only,0.8,10000.0,,,200000.0,xlarge,0.1239200004681301,0.08304702945423649,-0.040872971013893616,0.036154814238666594,-0.004718156775227023
7,48,0.0493994057660668,0.0425509661716694,0.2138398841614142,0.1856665764877897,revision_B@ff544e3dab27,ff544e3dab270c9412bea847c1119b0311242e63,b5-contrasts_20260825_153608_604640_b5b93fdc,b5b93fdc655e4ae53a3edeb7713100a5719263d98438f703238f4438fc509f05,cef0d7e99cf98289cf781ea358600304c52099759ac7cef6c0a3cc8b44b6bdc2,evidence,,0.5,0,1,random_walk,random_walk,none_planning_only,0.8,10000.0,,,200000.0,xlarge,0.1644404783953474,0.1431156103161203,-0.021324868079227094,-0.006848439594397404,-0.028173307673624498
7,49,0.0504947880791117,0.0704341398983335,0.2261949056797436,0.213109828232292,revision_B@ff544e3dab27,ff544e3dab270c9412bea847c1119b0311242e63,b5-contrasts_20260825_153608_604640_b5b93fdc,b5b93fdc655e4ae53a3edeb7713100a5719263d98438f703238f4438fc509f05,cef0d7e99cf98289cf781ea358600304c52099759ac7cef6c0a3cc8b44b6bdc2,evidence,,0.5,0,1,random_walk,random_walk,none_planning_only,0.8,10000.0,,,200000.0,xlarge,0.1757001176006319,0.1426756883339585,-0.0330244292666734,0.019939351819221796,-0.013085077447451604
7,50,0.0405678741498592,0.0835305699416952,0.1852584200056145,0.1660390507747193,revision_B@ff544e3dab27,ff544e3dab270c9412bea847c1119b0311242e63,b5-contrasts_20260825_153608_604640_b5b93fdc,b5b93fdc655e4ae53a3edeb7713100a5719263d98438f703238f4438fc509f05,cef0d7e99cf98289cf781ea358600304c52099759ac7cef6c0a3cc8b44b6bdc2,evidence,,0.5,0,1,random_walk,random_walk,none_planning_only,0.8,10000.0,,,200000.0,xlarge,0.1446905458557553,0.0825084808330241,-0.0621820650227312,0.04296269579183601,-0.019219369230895178
7,51,0.0543345047907952,0.0666430887196352,0.2083106198628703,0.2026438127302547,revision_B@ff544e3dab27,ff544e3dab270c9412bea847c1119b0311242e63,b5-contrasts_20260825_153608_604640_b5b93fdc,b5b93fdc655e4ae53a3edeb7713100a5719263d98438f703238f4438fc509f05,cef0d7e99cf98289cf781ea358600304c52099759ac7cef6c0a3cc8b44b6bdc2,evidence,,0.5,0,1,random_walk,random_walk,none_planning_only,0.8,10000.0,,,200000.0,xlarge,0.1539761150720751,0.1360007240106195,-0.017975391061455598,0.012308583928840003,-0.005666807132615609
9,42,0.0280071392371664,0.1116748472935674,0.2261489708239634,0.2301957077077341,revision_B@ff544e3dab27,ff544e3dab270c9412bea847c1119b0311242e63,b5-contrasts_20260825_153608_604640_b5b93fdc,b5b93fdc655e4ae53a3edeb7713100a5719263d98438f703238f4438fc509f05,cef0d7e99cf98289cf781ea358600304c52099759ac7cef6c0a3cc8b44b6bdc2,evidence,,0.5,0,1,random_walk,random_walk,none_planning_only,0.8,10000.0,,,200000.0,xlarge,0.198141831586797,0.11852086041416669,-0.0796209711726303,0.083667708056401,0.004046736883770691
9,43,0.0384765978500148,0.1125055814175343,0.230388865944872,0.1931769148524242,revision_B@ff544e3dab27,ff544e3dab270c9412bea847c1119b0311242e63,b5-contrasts_20260825_153608_604640_b5b93fdc,b5b93fdc655e4ae53a3edeb7713100a5719263d98438f703238f4438fc509f05,cef0d7e99cf98289cf781ea358600304c52099759ac7cef6c0a3cc8b44b6bdc2,evidence,,0.5,0,1,random_walk,random_walk,none_planning_only,0.8,10000.0,,,200000.0,xlarge,0.1919122680948572,0.08067133343488989,-0.11124093465996732,0.0740289835675195,-0.03721195109244782
9,44,0.0419750450874998,0.1047272941923154,0.2387126059940066,0.2413644242267155,revision_B@ff544e3dab27,ff544e3dab270c9412bea847c1119b0311242e63,b5-contrasts_20260825_153608_604640_b5b93fdc,b5b93fdc655e4ae53a3edeb7713100a5719263d98438f703238f4438fc509f05,cef0d7e99cf98289cf781ea358600304c52099759ac7cef6c0a3cc8b44b6bdc2,evidence,,0.5,0,1,random_walk,random_walk,none_planning_only,0.8,10000.0,,,200000.0,xlarge,0.1967375609065068,0.1366371300344001,-0.0601004308721067,0.0627522491048156,0.002651818232708908
9,45,0.0716607994094972,0.0946228684987875,0.2305735188445734,0.2267781310636604,revision_B@ff544e3dab27,ff544e3dab270c9412bea847c1119b0311242e63,b5-contrasts_20260825_153608_604640_b5b93fdc,b5b93fdc655e4ae53a3edeb7713100a5719263d98438f703238f4438fc509f05,cef0d7e99cf98289cf781ea358600304c52099759ac7cef6c0a3cc8b44b6bdc2,evidence,,0.5,0,1,random_walk,random_walk,none_planning_only,0.8,10000.0,,,200000.0,xlarge,0.15891271943507618,0.13215526256487292,-0.026757456870203256,0.0229620690892903,-0.0037953877809129843
9,46,0.0515597167472439,0.0905308385548889,0.2295460096270503,0.2010739396395548,revision_B@ff544e3dab27,ff544e3dab270c9412bea847c1119b0311242e63,b5-contrasts_20260825_153608_604640_b5b93fdc,b5b93fdc655e4ae53a3edeb7713100a5719263d98438f703238f4438fc509f05,cef0d7e99cf98289cf781ea358600304c52099759ac7cef6c0a3cc8b44b6bdc2,evidence,,0.5,0,1,random_walk,random_walk,none_planning_only,0.8,10000.0,,,200000.0,xlarge,0.17798629287980638,0.1105431010846659,-0.06744319179514048,0.038971121807645004,-0.02847206998749549
9,47,0.060782416176736,0.0945223632787488,0.2343227531041306,0.2342838765744753,revision_B@ff544e3dab27,ff544e3dab270c9412bea847c1119b0311242e63,b5-contrasts_20260825_153608_604640_b5b93fdc,b5b93fdc655e4ae53a3edeb7713100a5719263d98438f703238f4438fc509f05,cef0d7e99cf98289cf781ea358600304c52099759ac7cef6c0a3cc8b44b6bdc2,evidence,,0.5,0,1,random_walk,random_walk,none_planning_only,0.8,10000.0,,,200000.0,xlarge,0.1735403369273946,0.1397615132957265,-0.03377882363166809,0.0337399471020128,-3.88765296552851e-05
9,48,0.0408842684960267,0.1203543739696037,0.2366747972657751,0.2364933842636994,revision_B@ff544e3dab27,ff544e3dab270c9412bea847c1119b0311242e63,b5-contrasts_20260825_153608_604640_b5b93fdc,b5b93fdc655e4ae53a3edeb7713100a5719263d98438f703238f4438fc509f05,cef0d7e99cf98289cf781ea358600304c52099759ac7cef6c0a3cc8b44b6bdc2,evidence,,0.5,0,1,random_walk,random_walk,none_planning_only,0.8,10000.0,,,200000.0,xlarge,0.1957905287697484,0.1161390102940957,-0.0796515184756527,0.079470105473577,-0.0001814130020756921
9,49,0.0619055553897828,0.0610886141948426,0.214624248970871,0.1931951273867922,revision_B@ff544e3dab27,ff544e3dab270c9412bea847c1119b0311242e63,b5-contrasts_20260825_153608_604640_b5b93fdc,b5b93fdc655e4ae53a3edeb7713100a5719263d98438f703238f4438fc509f05,cef0d7e99cf98289cf781ea358600304c52099759ac7cef6c0a3cc8b44b6bdc2,evidence,,0.5,0,1,random_walk,random_walk,none_planning_only,0.8,10000.0,,,200000.0,xlarge,0.15271869358108822,0.1321065131919496,-0.020612180389138618,-0.0008169411949401975,-0.02142912158407881
9,50,0.0455650216454971,0.0853216207784355,0.2173926125355998,0.2073037244416558,revision_B@ff544e3dab27,ff544e3dab270c9412bea847c1119b0311242e63,b5-contrasts_20260825_153608_604640_b5b93fdc,b5b93fdc655e4ae53a3edeb7713100a5719263d98438f703238f4438fc509f05,cef0d7e99cf98289cf781ea358600304c52099759ac7cef6c0a3cc8b44b6bdc2,evidence,,0.5,0,1,random_walk,random_walk,none_planning_only,0.8,10000.0,,,200000.0,xlarge,0.1718275908901027,0.12198210366322029,-0.049845487226882396,0.0397565991329384,-0.01008888809394401
9,51,0.0517758690764815,0.0553207004076441,0.2446581352196646,0.2372636075728623,revision_B@ff544e3dab27,ff544e3dab270c9412bea847c1119b0311242e63,b5-contrasts_20260825_153608_604640_b5b93fdc,b5b93fdc655e4ae53a3edeb7713100a5719263d98438f703238f4438fc509f05,cef0d7e99cf98289cf781ea358600304c52099759ac7cef6c0a3cc8b44b6bdc2,evidence,,0.5,0,1,random_walk,random_walk,none_planning_only,0.8,10000.0,,,200000.0,xlarge,0.1928822661431831,0.18194290716521822,-0.010939358977964886,0.0035448313311626026,-0.00739452764680229
10,42,0.1027872403367714,0.1205367046652887,0.2210267054094766,0.2821802535055239,revision_B@ff544e3dab27,ff544e3dab270c9412bea847c1119b0311242e63,b5-contrasts_20260825_153608_604640_b5b93fdc,b5b93fdc655e4ae53a3edeb7713100a5719263d98438f703238f4438fc509f05,cef0d7e99cf98289cf781ea358600304c52099759ac7cef6c0a3cc8b44b6bdc2,evidence,,0.5,0,1,random_walk,random_walk,none_planning_only,0.8,10000.0,,,200000.0,xlarge,0.1182394650727052,0.16164354884023518,0.04340408376752998,0.01774946432851729,0.06115354809604728
10,43,0.0781363949739768,0.1225982445141105,0.213017821385785,0.2498565267570911,revision_B@ff544e3dab27,ff544e3dab270c9412bea847c1119b0311242e63,b5-contrasts_20260825_153608_604640_b5b93fdc,b5b93fdc655e4ae53a3edeb7713100a5719263d98438f703238f4438fc509f05,cef0d7e99cf98289cf781ea358600304c52099759ac7cef6c0a3cc8b44b6bdc2,evidence,,0.5,0,1,random_walk,random_walk,none_planning_only,0.8,10000.0,,,200000.0,xlarge,0.13488142641180823,0.1272582822429806,-0.007623144168827617,0.0444618495401337,0.036838705371306096
10,44,0.1075617626263671,0.1267983131616247,0.2328816154945089,0.2942971726479819,revision_B@ff544e3dab27,ff544e3dab270c9412bea847c1119b0311242e63,b5-contrasts_20260825_153608_604640_b5b93fdc,b5b93fdc655e4ae53a3edeb7713100a5719263d98438f703238f4438fc509f05,cef0d7e99cf98289cf781ea358600304c52099759ac7cef6c0a3cc8b44b6bdc2,evidence,,0.5,0,1,random_walk,random_walk,none_planning_only,0.8,10000.0,,,200000.0,xlarge,0.1253198528681418,0.16749885948635718,0.04217900661821539,0.019236550535257607,0.061415557153472994
10,45,0.1075743250954452,0.1326197011090553,0.2451519760488675,0.2892423617195634,revision_B@ff544e3dab27,ff544e3dab270c9412bea847c1119b0311242e63,b5-contrasts_20260825_153608_604640_b5b93fdc,b5b93fdc655e4ae53a3edeb7713100a5719263d98438f703238f4438fc509f05,cef0d7e99cf98289cf781ea358600304c52099759ac7cef6c0a3cc8b44b6bdc2,evidence,,0.5,0,1,random_walk,random_walk,none_planning_only,0.8,10000.0,,,200000.0,xlarge,0.13757765095342228,0.1566226606105081,0.019045009657085832,0.025045376013610093,0.044090385670695925
10,46,0.1060716427600598,0.14299873930168,0.2459865165506207,0.2693823221785429,revision_B@ff544e3dab27,ff544e3dab270c9412bea847c1119b0311242e63,b5-contrasts_20260825_153608_604640_b5b93fdc,b5b93fdc655e4ae53a3edeb7713100a5719263d98438f703238f4438fc509f05,cef0d7e99cf98289cf781ea358600304c52099759ac7cef6c0a3cc8b44b6bdc2,evidence,,0.5,0,1,random_walk,random_walk,none_planning_only,0.8,10000.0,,,200000.0,xlarge,0.1399148737905609,0.1263835828768629,-0.01353129091369798,0.0369270965416202,0.023395805627922206
10,47,0.107582052253401,0.1214171906708496,0.2465490270450565,0.2956272645666049,revision_B@ff544e3dab27,ff544e3dab270c9412bea847c1119b0311242e63,b5-contrasts_20260825_153608_604640_b5b93fdc,b5b93fdc655e4ae53a3edeb7713100a5719263d98438f703238f4438fc509f05,cef0d7e99cf98289cf781ea358600304c52099759ac7cef6c0a3cc8b44b6bdc2,evidence,,0.5,0,1,random_walk,random_walk,none_planning_only,0.8,10000.0,,,200000.0,xlarge,0.13896697479165548,0.17421007389575527,0.035243099104099784,0.0138351384174486,0.049078237521548385
10,48,0.0327572484241497,0.1425695884990757,0.2499492867363232,0.2677108569403658,revision_B@ff544e3dab27,ff544e3dab270c9412bea847c1119b0311242e63,b5-contrasts_20260825_153608_604640_b5b93fdc,b5b93fdc655e4ae53a3edeb7713100a5719263d98438f703238f4438fc509f05,cef0d7e99cf98289cf781ea358600304c52099759ac7cef6c0a3cc8b44b6bdc2,evidence,,0.5,0,1,random_walk,random_walk,none_planning_only,0.8,10000.0,,,200000.0,xlarge,0.21719203831217349,0.1251412684412901,-0.0920507698708834,0.10981234007492599,0.017761570204042593
10,49,0.1035186906850111,0.1328589943208701,0.2420852685846031,0.2752449100885253,revision_B@ff544e3dab27,ff544e3dab270c9412bea847c1119b0311242e63,b5-contrasts_20260825_153608_604640_b5b93fdc,b5b93fdc655e4ae53a3edeb7713100a5719263d98438f703238f4438fc509f05,cef0d7e99cf98289cf781ea358600304c52099759ac7cef6c0a3cc8b44b6bdc2,evidence,,0.5,0,1,random_walk,random_walk,none_planning_only,0.8,10000.0,,,200000.0,xlarge,0.138566577899592,0.14238591576765522,0.0038193378680632106,0.02934030363585899,0.0331596415039222
10,50,0.1044748967810971,0.140980298164099,0.2545637229806788,0.2974338455239693,revision_B@ff544e3dab27,ff544e3dab270c9412bea847c1119b0311242e63,b5-contrasts_20260825_153608_604640_b5b93fdc,b5b93fdc655e4ae53a3edeb7713100a5719263d98438f703238f4438fc509f05,cef0d7e99cf98289cf781ea358600304c52099759ac7cef6c0a3cc8b44b6bdc2,evidence,,0.5,0,1,random_walk,random_walk,none_planning_only,0.8,10000.0,,,200000.0,xlarge,0.1500888261995817,0.1564535473598703,0.006364721160288606,0.03650540138300189,0.04287012254329048
10,51,0.0802891801545956,0.1164289866966273,0.2303340019381745,0.3095201798468323,revision_B@ff544e3dab27,ff544e3dab270c9412bea847c1119b0311242e63,b5-contrasts_20260825_153608_604640_b5b93fdc,b5b93fdc655e4ae53a3edeb7713100a5719263d98438f703238f4438fc509f05,cef0d7e99cf98289cf781ea358600304c52099759ac7cef6c0a3cc8b44b6bdc2,evidence,,0.5,0,1,random_walk,random_walk,none_planning_only,0.8,10000.0,,,200000.0,xlarge,0.1500448217835789,0.19309119315020498,0.04304637136662609,0.036139806542031694,0.07918617790865778
12,42,0.1675948300023196,0.3069530734494444,0.2641480272462871,0.3286831401404902,revision_B@ff544e3dab27,ff544e3dab270c9412bea847c1119b0311242e63,b5-contrasts_20260825_153608_604640_b5b93fdc,b5b93fdc655e4ae53a3edeb7713100a5719263d98438f703238f4438fc509f05,cef0d7e99cf98289cf781ea358600304c52099759ac7cef6c0a3cc8b44b6bdc2,evidence,,0.5,0,1,random_walk,random_walk,none_planning_only,0.8,10000.0,,,200000.0,xlarge,0.09655319724396752,0.021730066691045824,-0.0748231305529217,0.1393582434471248,0.0645351128942031
12,43,0.158333223137572,0.2672595439380625,0.2589477598720351,0.3270941027899173,revision_B@ff544e3dab27,ff544e3dab270c9412bea847c1119b0311242e63,b5-contrasts_20260825_153608_604640_b5b93fdc,b5b93fdc655e4ae53a3edeb7713100a5719263d98438f703238f4438fc509f05,cef0d7e99cf98289cf781ea358600304c52099759ac7cef6c0a3cc8b44b6bdc2,evidence,,0.5,0,1,random_walk,random_walk,none_planning_only,0.8,10000.0,,,200000.0,xlarge,0.1006145367344631,0.05983455885185479,-0.040779977882608315,0.1089263208004905,0.06814634291788219
12,44,0.1596321030890319,0.3079668664149489,0.273450359382259,0.330916101862445,revision_B@ff544e3dab27,ff544e3dab270c9412bea847c1119b0311242e63,b5-contrasts_20260825_153608_604640_b5b93fdc,b5b93fdc655e4ae53a3edeb7713100a5719263d98438f703238f4438fc509f05,cef0d7e99cf98289cf781ea358600304c52099759ac7cef6c0a3cc8b44b6bdc2,evidence,,0.5,0,1,random_walk,random_walk,none_planning_only,0.8,10000.0,,,200000.0,xlarge,0.11381825629322709,0.022949235447496108,-0.09086902084573098,0.14833476332591702,0.057465742480186044
12,45,0.1040601261679279,0.2854848819069749,0.2655373637301685,0.3188626157915912,revision_B@ff544e3dab27,ff544e3dab270c9412bea847c1119b0311242e63,b5-contrasts_20260825_153608_604640_b5b93fdc,b5b93fdc655e4ae53a3edeb7713100a5719263d98438f703238f4438fc509f05,cef0d7e99cf98289cf781ea358600304c52099759ac7cef6c0a3cc8b44b6bdc2,evidence,,0.5,0,1,random_walk,random_walk,none_planning_only,0.8,10000.0,,,200000.0,xlarge,0.1614772375622406,0.03337773388461629,-0.12809950367762432,0.181424755739047,0.05332525206142269
12,46,0.2231274358123443,0.2649858166778953,0.2383764078051028,0.3117016233372236,revision_B@ff544e3dab27,ff544e3dab270c9412bea847c1119b0311242e63,b5-contrasts_20260825_153608_604640_b5b93fdc,b5b93fdc655e4ae53a3edeb7713100a5719263d98438f703238f4438fc509f05,cef0d7e99cf98289cf781ea358600304c52099759ac7cef6c0a3cc8b44b6bdc2,evidence,,0.5,0,1,random_walk,random_walk,none_planning_only,0.8,10000.0,,,200000.0,xlarge,0.015248971992758514,0.04671580665932834,0.031466834666569826,0.04185838086555099,0.07332521553212082
12,47,0.1648057212845845,0.3068477131777249,0.2602195358311673,0.3360295508159289,revision_B@ff544e3dab27,ff544e3dab270c9412bea847c1119b0311242e63,b5-contrasts_20260825_153608_604640_b5b93fdc,b5b93fdc655e4ae53a3edeb7713100a5719263d98438f703238f4438fc509f05,cef0d7e99cf98289cf781ea358600304c52099759ac7cef6c0a3cc8b44b6bdc2,evidence,,0.5,0,1,random_walk,random_walk,none_planning_only,0.8,10000.0,,,200000.0,xlarge,0.09541381454658279,0.029181837638203978,-0.06623197690837881,0.1420419918931404,0.07581001498476159
12,48,0.1481469685210557,0.2808094550566428,0.2684127225764174,0.326423679271564,revision_B@ff544e3dab27,ff544e3dab270c9412bea847c1119b0311242e63,b5-contrasts_20260825_153608_604640_b5b93fdc,b5b93fdc655e4ae53a3edeb7713100a5719263d98438f703238f4438fc509f05,cef0d7e99cf98289cf781ea358600304c52099759ac7cef6c0a3cc8b44b6bdc2,evidence,,0.5,0,1,random_walk,random_walk,none_planning_only,0.8,10000.0,,,200000.0,xlarge,0.12026575405536172,0.04561422421492123,-0.07465152984044049,0.1326624865355871,0.05801095669514661
12,49,0.1878028939765797,0.2464256978995968,0.2442271562251529,0.3307828475138519,revision_B@ff544e3dab27,ff544e3dab270c9412bea847c1119b0311242e63,b5-contrasts_20260825_153608_604640_b5b93fdc,b5b93fdc655e4ae53a3edeb7713100a5719263d98438f703238f4438fc509f05,cef0d7e99cf98289cf781ea358600304c52099759ac7cef6c0a3cc8b44b6bdc2,evidence,,0.5,0,1,random_walk,random_walk,none_planning_only,0.8,10000.0,,,200000.0,xlarge,0.05642426224857319,0.08435714961425508,0.02793288736568189,0.05862280392301711,0.086555691288699
12,50,0.1834276231334878,0.2900219099170922,0.2554149683144571,0.3457850299674744,revision_B@ff544e3dab27,ff544e3dab270c9412bea847c1119b0311242e63,b5-contrasts_20260825_153608_604640_b5b93fdc,b5b93fdc655e4ae53a3edeb7713100a5719263d98438f703238f4438fc509f05,cef0d7e99cf98289cf781ea358600304c52099759ac7cef6c0a3cc8b44b6bdc2,evidence,,0.5,0,1,random_walk,random_walk,none_planning_only,0.8,10000.0,,,200000.0,xlarge,0.0719873451809693,0.0557631200503822,-0.016224225130587105,0.10659428678360441,0.09037006165301731
12,51,0.2064113294403311,0.2468098448462398,0.2556108029189995,0.3487750344029318,revision_B@ff544e3dab27,ff544e3dab270c9412bea847c1119b0311242e63,b5-contrasts_20260825_153608_604640_b5b93fdc,b5b93fdc655e4ae53a3edeb7713100a5719263d98438f703238f4438fc509f05,cef0d7e99cf98289cf781ea358600304c52099759ac7cef6c0a3cc8b44b6bdc2,evidence,,0.5,0,1,random_walk,random_walk,none_planning_only,0.8,10000.0,,,200000.0,xlarge,0.049199473478668404,0.10196518955669198,0.05276571607802358,0.04039851540590869,0.09316423148393227
