dataset,planning_seed,condition_id,control,method,dPdet,dRMST_rel,dL,H_common,exposure_multiplicity_control,exposure_multiplicity_method,revisit_fraction_control,revisit_fraction_method,replans_control,replans_method,planner_wall_time_control,planner_wall_time_method,initial_positions_hash,planning_seed_common,alpha,w
1,42,alpha_0,online_static_3step,dynamic_3step,0.1395724279194343,0.06163638800335964,0.13977042616814828,8677.0,26.572261429886467,11.750780978826796,0.9623667709788797,0.9148992733502688,4219.0,3967.0,410.3893054977525,429.3568546148017,e1541ec4c3203a188985ea123665c7c591f0a562c0e752375a546fd88a55f8b9,42,0.0,0.5
1,42,alpha_0.25,online_static_3step,dynamic_3step,0.11044363316607123,0.048397492820376885,0.13977042616814828,8677.0,26.572261429886467,11.750780978826796,0.9623667709788797,0.9148992733502688,4219.0,3967.0,410.3893054977525,429.3568546148017,e1541ec4c3203a188985ea123665c7c591f0a562c0e752375a546fd88a55f8b9,42,0.25,0.5
1,42,alpha_0.5,online_static_3step,dynamic_3step,0.08131483841270812,0.03515859763741112,0.13977042616814828,8677.0,26.572261429886467,11.750780978826796,0.9623667709788797,0.9148992733502688,4219.0,3967.0,410.3893054977525,429.3568546148017,e1541ec4c3203a188985ea123665c7c591f0a562c0e752375a546fd88a55f8b9,42,0.5,0.5
1,42,alpha_0.75,online_static_3step,dynamic_3step,0.052186043659344955,0.021919702454389164,0.13977042616814828,8677.0,26.572261429886467,11.750780978826796,0.9623667709788797,0.9148992733502688,4219.0,3967.0,410.3893054977525,429.3568546148017,e1541ec4c3203a188985ea123665c7c591f0a562c0e752375a546fd88a55f8b9,42,0.75,0.5
1,43,alpha_0,online_static_3step,dynamic_3step,0.14367248296997479,0.058307794678936486,0.14376947505251764,8800.0,32.17416144489495,13.238550066546622,0.9689191588811814,0.9244630269196197,4919.0,3905.0,478.70528348488733,398.8919639592059,523844ed78a0f583e442b643c9217c5abbf3c0623bfd68739147060cf00e4cb4,43,0.0,0.5
1,43,alpha_0.25,online_static_3step,dynamic_3step,0.1131252137815058,0.04588466253341546,0.14376947505251764,8800.0,32.17416144489495,13.238550066546622,0.9689191588811814,0.9244630269196197,4919.0,3905.0,478.70528348488733,398.8919639592059,523844ed78a0f583e442b643c9217c5abbf3c0623bfd68739147060cf00e4cb4,43,0.25,0.5
1,43,alpha_0.5,online_static_3step,dynamic_3step,0.08257794459303676,0.03346153038770322,0.14376947505251764,8800.0,32.17416144489495,13.238550066546622,0.9689191588811814,0.9244630269196197,4919.0,3905.0,478.70528348488733,398.8919639592059,523844ed78a0f583e442b643c9217c5abbf3c0623bfd68739147060cf00e4cb4,43,0.5,0.5
1,43,alpha_0.75,online_static_3step,dynamic_3step,0.05203067540456771,0.02103839824215935,0.14376947505251764,8800.0,32.17416144489495,13.238550066546622,0.9689191588811814,0.9244630269196197,4919.0,3905.0,478.70528348488733,398.8919639592059,523844ed78a0f583e442b643c9217c5abbf3c0623bfd68739147060cf00e4cb4,43,0.75,0.5
1,44,alpha_0,online_static_3step,dynamic_3step,0.11833838863986101,0.02799403782195581,0.11846070272643969,8676.0,25.704022561971204,12.625307766917855,0.9610955834796268,0.9207940100580911,4234.0,4035.0,413.2793191373348,429.0732842669822,2dab5376247a9528a31142c1fd9440d80012f57468cb93f8a65ac77b40067382,44,0.0,0.5
1,44,alpha_0.25,online_static_3step,dynamic_3step,0.09362655964038841,0.022434877994755804,0.11846070272643969,8676.0,25.704022561971204,12.625307766917855,0.9610955834796268,0.9207940100580911,4234.0,4035.0,413.2793191373348,429.0732842669822,2dab5376247a9528a31142c1fd9440d80012f57468cb93f8a65ac77b40067382,44,0.25,0.5
1,44,alpha_0.5,online_static_3step,dynamic_3step,0.06891473064091583,0.016875718167561147,0.11846070272643969,8676.0,25.704022561971204,12.625307766917855,0.9610955834796268,0.9207940100580911,4234.0,4035.0,413.2793191373348,429.0732842669822,2dab5376247a9528a31142c1fd9440d80012f57468cb93f8a65ac77b40067382,44,0.5,0.5
1,44,alpha_0.75,online_static_3step,dynamic_3step,0.044202901641443165,0.01131655834032634,0.11846070272643969,8676.0,25.704022561971204,12.625307766917855,0.9610955834796268,0.9207940100580911,4234.0,4035.0,413.2793191373348,429.0732842669822,2dab5376247a9528a31142c1fd9440d80012f57468cb93f8a65ac77b40067382,44,0.75,0.5
1,45,alpha_0,online_static_3step,dynamic_3step,0.21108826066311817,0.09004592581381948,0.2112790711296382,8670.0,48.3993851313583,12.180301941049605,0.9793385804946498,0.9179002290058313,3929.0,3893.0,380.7250131140463,426.69538342859596,ca931493022139a148c52ef6d877841359de94e3965a4155825ef527a006aee9,45,0.0,0.5
1,45,alpha_0.25,online_static_3step,dynamic_3step,0.16586888211586953,0.0703235685188879,0.2112790711296382,8670.0,48.3993851313583,12.180301941049605,0.9793385804946498,0.9179002290058313,3929.0,3893.0,380.7250131140463,426.69538342859596,ca931493022139a148c52ef6d877841359de94e3965a4155825ef527a006aee9,45,0.25,0.5
1,45,alpha_0.5,online_static_3step,dynamic_3step,0.12064950356862075,0.050601211223953356,0.2112790711296382,8670.0,48.3993851313583,12.180301941049605,0.9793385804946498,0.9179002290058313,3929.0,3893.0,380.7250131140463,426.69538342859596,ca931493022139a148c52ef6d877841359de94e3965a4155825ef527a006aee9,45,0.5,0.5
1,45,alpha_0.75,online_static_3step,dynamic_3step,0.07543012502137206,0.03087885392906572,0.2112790711296382,8670.0,48.3993851313583,12.180301941049605,0.9793385804946498,0.9179002290058313,3929.0,3893.0,380.7250131140463,426.69538342859596,ca931493022139a148c52ef6d877841359de94e3965a4155825ef527a006aee9,45,0.75,0.5
1,46,alpha_0,online_static_3step,dynamic_3step,0.06805365127499063,0.023251678340813667,0.0680319139834189,8626.0,22.55229357798165,14.64469938756146,0.9556586119925149,0.9317159080199793,4148.0,4081.0,408.91344971442595,433.55885073309764,c3a107a1fc646545ced1bed510f83f2557068c38968fadd0196b04e59ec82149,46,0.0,0.5
1,46,alpha_0.25,online_static_3step,dynamic_3step,0.05393903434760322,0.018468256227366222,0.0680319139834189,8626.0,22.55229357798165,14.64469938756146,0.9556586119925149,0.9317159080199793,4148.0,4081.0,408.91344971442595,433.55885073309764,c3a107a1fc646545ced1bed510f83f2557068c38968fadd0196b04e59ec82149,46,0.25,0.5
1,46,alpha_0.5,online_static_3step,dynamic_3step,0.03982441742021586,0.013684834113918989,0.0680319139834189,8626.0,22.55229357798165,14.64469938756146,0.9556586119925149,0.9317159080199793,4148.0,4081.0,408.91344971442595,433.55885073309764,c3a107a1fc646545ced1bed510f83f2557068c38968fadd0196b04e59ec82149,46,0.5,0.5
1,46,alpha_0.75,online_static_3step,dynamic_3step,0.02570980049282845,0.008901412000440862,0.0680319139834189,8626.0,22.55229357798165,14.64469938756146,0.9556586119925149,0.9317159080199793,4148.0,4081.0,408.91344971442595,433.55885073309764,c3a107a1fc646545ced1bed510f83f2557068c38968fadd0196b04e59ec82149,46,0.75,0.5
1,47,alpha_0,online_static_3step,dynamic_3step,0.11580449611450574,0.0601386503702604,0.11582869429579282,8943.0,26.513666072489602,12.976128538638102,0.9622836013222029,0.9229354119741978,4051.0,3984.0,392.83365798019804,425.64264281466603,2fe61a766d51c57514713696731290ae92df7697333ae2dbc77e0f14e0d3ee88,47,0.0,0.5
1,47,alpha_0.25,online_static_3step,dynamic_3step,0.09148758038022639,0.047366849024285916,0.11582869429579282,8943.0,26.513666072489602,12.976128538638102,0.9622836013222029,0.9229354119741978,4051.0,3984.0,392.83365798019804,425.64264281466603,2fe61a766d51c57514713696731290ae92df7697333ae2dbc77e0f14e0d3ee88,47,0.25,0.5
1,47,alpha_0.5,online_static_3step,dynamic_3step,0.06717066464594698,0.034595047678293536,0.11582869429579282,8943.0,26.513666072489602,12.976128538638102,0.9622836013222029,0.9229354119741978,4051.0,3984.0,392.83365798019804,425.64264281466603,2fe61a766d51c57514713696731290ae92df7697333ae2dbc77e0f14e0d3ee88,47,0.5,0.5
1,47,alpha_0.75,online_static_3step,dynamic_3step,0.04285374891166757,0.02182324633229088,0.11582869429579282,8943.0,26.513666072489602,12.976128538638102,0.9622836013222029,0.9229354119741978,4051.0,3984.0,392.83365798019804,425.64264281466603,2fe61a766d51c57514713696731290ae92df7697333ae2dbc77e0f14e0d3ee88,47,0.75,0.5
1,48,alpha_0,online_static_3step,dynamic_3step,0.044541589960545136,0.012925503086258252,0.04451638792423157,8710.0,16.098961231682434,12.232387264082986,0.9378841910599784,0.9182498086096225,4320.0,4024.0,429.13963434426114,422.6868262011558,4aae7d3fd5610a876fe9bbaab463a83d8aeb4baf283a46ff967cce3f9e26de26,48,0.0,0.5
1,48,alpha_0.25,online_static_3step,dynamic_3step,0.03567265668066302,0.010274934521381599,0.04451638792423157,8710.0,16.098961231682434,12.232387264082986,0.9378841910599784,0.9182498086096225,4320.0,4024.0,429.13963434426114,422.6868262011558,4aae7d3fd5610a876fe9bbaab463a83d8aeb4baf283a46ff967cce3f9e26de26,48,0.25,0.5
1,48,alpha_0.5,online_static_3step,dynamic_3step,0.026803723400780965,0.007624365956626384,0.04451638792423157,8710.0,16.098961231682434,12.232387264082986,0.9378841910599784,0.9182498086096225,4320.0,4024.0,429.13963434426114,422.6868262011558,4aae7d3fd5610a876fe9bbaab463a83d8aeb4baf283a46ff967cce3f9e26de26,48,0.5,0.5
1,48,alpha_0.75,online_static_3step,dynamic_3step,0.017934790120898866,0.004973797391751715,0.04451638792423157,8710.0,16.098961231682434,12.232387264082986,0.9378841910599784,0.9182498086096225,4320.0,4024.0,429.13963434426114,422.6868262011558,4aae7d3fd5610a876fe9bbaab463a83d8aeb4baf283a46ff967cce3f9e26de26,48,0.75,0.5
1,49,alpha_0,online_static_3step,dynamic_3step,0.14521108955322798,0.06869087727407261,0.14534806913177659,8619.0,27.639562911778885,11.591065056272303,0.9638199777908268,0.9137266510760487,4174.0,4006.0,402.7102649335284,426.27120195585303,8542f702a4f00f38f331770accdb832ab7fd5821d0a61dc5c15feb3cec0e38d0,49,0.0,0.5
1,49,alpha_0.25,online_static_3step,dynamic_3step,0.1150107167520007,0.053995804219035715,0.14534806913177659,8619.0,27.639562911778885,11.591065056272303,0.9638199777908268,0.9137266510760487,4174.0,4006.0,402.7102649335284,426.27120195585303,8542f702a4f00f38f331770accdb832ab7fd5821d0a61dc5c15feb3cec0e38d0,49,0.25,0.5
1,49,alpha_0.5,online_static_3step,dynamic_3step,0.08481034395077348,0.03930073116399786,0.14534806913177659,8619.0,27.639562911778885,11.591065056272303,0.9638199777908268,0.9137266510760487,4174.0,4006.0,402.7102649335284,426.27120195585303,8542f702a4f00f38f331770accdb832ab7fd5821d0a61dc5c15feb3cec0e38d0,49,0.5,0.5
1,49,alpha_0.75,online_static_3step,dynamic_3step,0.0546099711495462,0.024605658108943124,0.14534806913177659,8619.0,27.639562911778885,11.591065056272303,0.9638199777908268,0.9137266510760487,4174.0,4006.0,402.7102649335284,426.27120195585303,8542f702a4f00f38f331770accdb832ab7fd5821d0a61dc5c15feb3cec0e38d0,49,0.75,0.5
1,50,alpha_0,online_static_3step,dynamic_3step,0.0784627856079893,0.029359818266322404,0.0784352852174387,8593.0,20.74228675136116,13.794802867383513,0.9517893079009537,0.9275089314712569,4166.0,4149.0,409.10184011468664,441.43138685822487,0bcd08d9c5dd844ced37907c5e74335e22a8594076973ffb45d7b8eedb9ffc21,50,0.0,0.5
1,50,alpha_0.25,online_static_3step,dynamic_3step,0.06178012172208952,0.022934557518899827,0.0784352852174387,8593.0,20.74228675136116,13.794802867383513,0.9517893079009537,0.9275089314712569,4166.0,4149.0,409.10184011468664,441.43138685822487,0bcd08d9c5dd844ced37907c5e74335e22a8594076973ffb45d7b8eedb9ffc21,50,0.25,0.5
1,50,alpha_0.5,online_static_3step,dynamic_3step,0.04509745783618979,0.016509296771581503,0.0784352852174387,8593.0,20.74228675136116,13.794802867383513,0.9517893079009537,0.9275089314712569,4166.0,4149.0,409.10184011468664,441.43138685822487,0bcd08d9c5dd844ced37907c5e74335e22a8594076973ffb45d7b8eedb9ffc21,50,0.5,0.5
1,50,alpha_0.75,online_static_3step,dynamic_3step,0.028414793950290076,0.010084036024197772,0.0784352852174387,8593.0,20.74228675136116,13.794802867383513,0.9517893079009537,0.9275089314712569,4166.0,4149.0,409.10184011468664,441.43138685822487,0bcd08d9c5dd844ced37907c5e74335e22a8594076973ffb45d7b8eedb9ffc21,50,0.75,0.5
1,51,alpha_0,online_static_3step,dynamic_3step,0.144099647348699,0.06698689598050903,0.1442470123677147,8976.0,28.973152191492805,11.897232368642877,0.9654852881249966,0.9159468379691679,3549.0,4061.0,351.19914664607495,442.50360047305,6fd43b0bf15e2a3328db22762d4ed33f7ce69b03a8096df04e90603800be5e91,51,0.0,0.5
1,51,alpha_0.25,online_static_3step,dynamic_3step,0.1139613007844198,0.05262100674049866,0.1442470123677147,8976.0,28.973152191492805,11.897232368642877,0.9654852881249966,0.9159468379691679,3549.0,4061.0,351.19914664607495,442.50360047305,6fd43b0bf15e2a3328db22762d4ed33f7ce69b03a8096df04e90603800be5e91,51,0.25,0.5
1,51,alpha_0.5,online_static_3step,dynamic_3step,0.08382295422014058,0.038255117500283126,0.1442470123677147,8976.0,28.973152191492805,11.897232368642877,0.9654852881249966,0.9159468379691679,3549.0,4061.0,351.19914664607495,442.50360047305,6fd43b0bf15e2a3328db22762d4ed33f7ce69b03a8096df04e90603800be5e91,51,0.5,0.5
1,51,alpha_0.75,online_static_3step,dynamic_3step,0.05368460765586143,0.023889228260106997,0.1442470123677147,8976.0,28.973152191492805,11.897232368642877,0.9654852881249966,0.9159468379691679,3549.0,4061.0,351.19914664607495,442.50360047305,6fd43b0bf15e2a3328db22762d4ed33f7ce69b03a8096df04e90603800be5e91,51,0.75,0.5
7,42,alpha_0,online_static_3step,dynamic_3step,0.0737841651679558,0.028107375943839778,0.07388801555826498,8233.0,24.62956629877196,10.141508840369974,0.9593983918405473,0.901395343065784,5622.0,4811.0,483.59430618886836,504.27060986938886,006da335f256203469592a62a852eccffab880f7309f6633631136cbb4337c3b,42,0.0,0.5
7,42,alpha_0.25,online_static_3step,dynamic_3step,0.06224255149683049,0.02365990200833883,0.07388801555826498,8233.0,24.62956629877196,10.141508840369974,0.9593983918405473,0.901395343065784,5622.0,4811.0,483.59430618886836,504.27060986938886,006da335f256203469592a62a852eccffab880f7309f6633631136cbb4337c3b,42,0.25,0.5
7,42,alpha_0.5,online_static_3step,dynamic_3step,0.05070093782570516,0.019212428072831585,0.07388801555826498,8233.0,24.62956629877196,10.141508840369974,0.9593983918405473,0.901395343065784,5622.0,4811.0,483.59430618886836,504.27060986938886,006da335f256203469592a62a852eccffab880f7309f6633631136cbb4337c3b,42,0.5,0.5
7,42,alpha_0.75,online_static_3step,dynamic_3step,0.039159324154579844,0.014764954137336713,0.07388801555826498,8233.0,24.62956629877196,10.141508840369974,0.9593983918405473,0.901395343065784,5622.0,4811.0,483.59430618886836,504.27060986938886,006da335f256203469592a62a852eccffab880f7309f6633631136cbb4337c3b,42,0.75,0.5
7,43,alpha_0,online_static_3step,dynamic_3step,0.11912062131705234,0.07284086124351122,0.11926857990950414,8246.0,57.58216654384672,9.524163130598774,0.9826335120746362,0.8950038983701101,4503.0,4436.0,399.6417626941111,488.1612991322763,70146d654c8d3e205eae3a8c1c32c196b80ae26034bb8660a9cf58293ef56344,43,0.0,0.5
7,43,alpha_0.25,online_static_3step,dynamic_3step,0.0997420930964956,0.059247525857756236,0.11926857990950414,8246.0,57.58216654384672,9.524163130598774,0.9826335120746362,0.8950038983701101,4503.0,4436.0,399.6417626941111,488.1612991322763,70146d654c8d3e205eae3a8c1c32c196b80ae26034bb8660a9cf58293ef56344,43,0.25,0.5
7,43,alpha_0.5,online_static_3step,dynamic_3step,0.08036356487593882,0.045654190472005564,0.11926857990950414,8246.0,57.58216654384672,9.524163130598774,0.9826335120746362,0.8950038983701101,4503.0,4436.0,399.6417626941111,488.1612991322763,70146d654c8d3e205eae3a8c1c32c196b80ae26034bb8660a9cf58293ef56344,43,0.5,0.5
7,43,alpha_0.75,online_static_3step,dynamic_3step,0.06098503665538206,0.032060855086243636,0.11926857990950414,8246.0,57.58216654384672,9.524163130598774,0.9826335120746362,0.8950038983701101,4503.0,4436.0,399.6417626941111,488.1612991322763,70146d654c8d3e205eae3a8c1c32c196b80ae26034bb8660a9cf58293ef56344,43,0.75,0.5
7,44,alpha_0,online_static_3step,dynamic_3step,0.16444703417075152,0.07932145673488988,0.16465590033671007,8255.0,40.003819709702064,9.661137299361537,0.9750023870906139,0.8964925174941789,5735.0,4676.0,535.9285435322672,485.19025383749977,11105a2cc12ea269694f1fa8b45ff83d4588344c41b1c28dbb5cea328ef765c7,44,0.0,0.5
7,44,alpha_0.25,online_static_3step,dynamic_3step,0.1327004330942848,0.06359924863800348,0.16465590033671007,8255.0,40.003819709702064,9.661137299361537,0.9750023870906139,0.8964925174941789,5735.0,4676.0,535.9285435322672,485.19025383749977,11105a2cc12ea269694f1fa8b45ff83d4588344c41b1c28dbb5cea328ef765c7,44,0.25,0.5
7,44,alpha_0.5,online_static_3step,dynamic_3step,0.10095383201781812,0.04787704054109559,0.16465590033671007,8255.0,40.003819709702064,9.661137299361537,0.9750023870906139,0.8964925174941789,5735.0,4676.0,535.9285435322672,485.19025383749977,11105a2cc12ea269694f1fa8b45ff83d4588344c41b1c28dbb5cea328ef765c7,44,0.5,0.5
7,44,alpha_0.75,online_static_3step,dynamic_3step,0.06920723094135144,0.032154832444179986,0.16465590033671007,8255.0,40.003819709702064,9.661137299361537,0.9750023870906139,0.8964925174941789,5735.0,4676.0,535.9285435322672,485.19025383749977,11105a2cc12ea269694f1fa8b45ff83d4588344c41b1c28dbb5cea328ef765c7,44,0.75,0.5
7,45,alpha_0,online_static_3step,dynamic_3step,0.12391732306303388,0.05295083167767049,0.12407843812633106,8263.0,31.14429729195493,9.774770973963356,0.9678913930654548,0.8976958127547277,4465.0,3920.0,424.4287522980012,427.0415766702499,b98c42be92a0d05dad7817d60024cbaa2a663d58f33ed7d93a3770ce5fd54421,45,0.0,0.5
7,45,alpha_0.25,online_static_3step,dynamic_3step,0.10135469118462728,0.043141823170419966,0.12407843812633106,8263.0,31.14429729195493,9.774770973963356,0.9678913930654548,0.8976958127547277,4465.0,3920.0,424.4287522980012,427.0415766702499,b98c42be92a0d05dad7817d60024cbaa2a663d58f33ed7d93a3770ce5fd54421,45,0.25,0.5
7,45,alpha_0.5,online_static_3step,dynamic_3step,0.07879205930622066,0.033332814663172956,0.12407843812633106,8263.0,31.14429729195493,9.774770973963356,0.9678913930654548,0.8976958127547277,4465.0,3920.0,424.4287522980012,427.0415766702499,b98c42be92a0d05dad7817d60024cbaa2a663d58f33ed7d93a3770ce5fd54421,45,0.5,0.5
7,45,alpha_0.75,online_static_3step,dynamic_3step,0.05622942742781405,0.02352380615592672,0.12407843812633106,8263.0,31.14429729195493,9.774770973963356,0.9678913930654548,0.8976958127547277,4465.0,3920.0,424.4287522980012,427.0415766702499,b98c42be92a0d05dad7817d60024cbaa2a663d58f33ed7d93a3770ce5fd54421,45,0.75,0.5
7,46,alpha_0,online_static_3step,dynamic_3step,0.10583680231203658,0.03768748338484084,0.1059966732673705,8253.0,24.00946420393833,9.629105188005711,0.9583497577661076,0.8961481902549338,5282.0,4696.0,503.6486027617939,487.4133548035752,72b2a4b6cfa190859e858989a9c94ff8592eebd82cfee1e5bcbe8e4fddf368a3,46,0.0,0.5
7,46,alpha_0.25,online_static_3step,dynamic_3step,0.08686253248286394,0.03125060293806126,0.1059966732673705,8253.0,24.00946420393833,9.629105188005711,0.9583497577661076,0.8961481902549338,5282.0,4696.0,503.6486027617939,487.4133548035752,72b2a4b6cfa190859e858989a9c94ff8592eebd82cfee1e5bcbe8e4fddf368a3,46,0.25,0.5
7,46,alpha_0.5,online_static_3step,dynamic_3step,0.06788826265369126,0.02481372249127452,0.1059966732673705,8253.0,24.00946420393833,9.629105188005711,0.9583497577661076,0.8961481902549338,5282.0,4696.0,503.6486027617939,487.4133548035752,72b2a4b6cfa190859e858989a9c94ff8592eebd82cfee1e5bcbe8e4fddf368a3,46,0.5,0.5
7,46,alpha_0.75,online_static_3step,dynamic_3step,0.04891399282451855,0.018376842044484473,0.1059966732673705,8253.0,24.00946420393833,9.629105188005711,0.9583497577661076,0.8961481902549338,5282.0,4696.0,503.6486027617939,487.4133548035752,72b2a4b6cfa190859e858989a9c94ff8592eebd82cfee1e5bcbe8e4fddf368a3,46,0.75,0.5
7,47,alpha_0,online_static_3step,dynamic_3step,0.08293279129350717,0.03553451022676458,0.08307058039799396,8267.0,24.276194852941178,9.84533268635895,0.9588073828679603,0.8984290290783638,5411.0,4692.0,525.6058614959475,482.88300394592807,b7d406c52d39becdb0bc74a2cb1a4d4b67e866429a333098a2a57fcb23220f96,47,0.0,0.5
7,47,alpha_0.25,online_static_3step,dynamic_3step,0.06946623733711305,0.02923134792700124,0.08307058039799396,8267.0,24.276194852941178,9.84533268635895,0.9588073828679603,0.8984290290783638,5411.0,4692.0,525.6058614959475,482.88300394592807,b7d406c52d39becdb0bc74a2cb1a4d4b67e866429a333098a2a57fcb23220f96,47,0.25,0.5
7,47,alpha_0.5,online_static_3step,dynamic_3step,0.05599968338071892,0.022928185627215904,0.08307058039799396,8267.0,24.276194852941178,9.84533268635895,0.9588073828679603,0.8984290290783638,5411.0,4692.0,525.6058614959475,482.88300394592807,b7d406c52d39becdb0bc74a2cb1a4d4b67e866429a333098a2a57fcb23220f96,47,0.5,0.5
7,47,alpha_0.75,online_static_3step,dynamic_3step,0.042533129424324786,0.016625023327443,0.08307058039799396,8267.0,24.276194852941178,9.84533268635895,0.9588073828679603,0.8984290290783638,5411.0,4692.0,525.6058614959475,482.88300394592807,b7d406c52d39becdb0bc74a2cb1a4d4b67e866429a333098a2a57fcb23220f96,47,0.75,0.5
7,48,alpha_0,online_static_3step,dynamic_3step,0.1429530679161994,0.07001379790336067,0.14315619584592892,8272.0,61.69616752271829,9.964736906660125,0.983791537786658,0.8996461211804166,5270.0,4456.0,499.392220079666,469.79789170459844,b85f9723792ce7b18415898fc551ccbb69b3a52f396789496392181de2ff1369,48,0.0,0.5
7,48,alpha_0.25,online_static_3step,dynamic_3step,0.11726589358358422,0.05699862205330151,0.14315619584592892,8272.0,61.69616752271829,9.964736906660125,0.983791537786658,0.8996461211804166,5270.0,4456.0,499.392220079666,469.79789170459844,b85f9723792ce7b18415898fc551ccbb69b3a52f396789496392181de2ff1369,48,0.25,0.5
7,48,alpha_0.5,online_static_3step,dynamic_3step,0.09157871925096893,0.04398344620325664,0.14315619584592892,8272.0,61.69616752271829,9.964736906660125,0.983791537786658,0.8996461211804166,5270.0,4456.0,499.392220079666,469.79789170459844,b85f9723792ce7b18415898fc551ccbb69b3a52f396789496392181de2ff1369,48,0.5,0.5
7,48,alpha_0.75,online_static_3step,dynamic_3step,0.06589154491835367,0.030968270353200336,0.14315619584592892,8272.0,61.69616752271829,9.964736906660125,0.983791537786658,0.8996461211804166,5270.0,4456.0,499.392220079666,469.79789170459844,b85f9723792ce7b18415898fc551ccbb69b3a52f396789496392181de2ff1369,48,0.75,0.5
7,49,alpha_0,online_static_3step,dynamic_3step,0.14252317188193764,0.05446814701234685,0.14271614910821662,8261.0,30.668936004668353,9.78512795750845,0.9673937172177156,0.8978040957315568,4641.0,4781.0,446.0564849160146,500.8814917332493,7137273470d24672442ea78e63e70285e5d060f4e2f115c218a2de9cd51b6c0a,49,0.0,0.5
7,49,alpha_0.25,online_static_3step,dynamic_3step,0.11523157989041927,0.044185560931278844,0.14271614910821662,8261.0,30.668936004668353,9.78512795750845,0.9673937172177156,0.8978040957315568,4641.0,4781.0,446.0564849160146,500.8814917332493,7137273470d24672442ea78e63e70285e5d060f4e2f115c218a2de9cd51b6c0a,49,0.25,0.5
7,49,alpha_0.5,online_static_3step,dynamic_3step,0.0879399878989009,0.03390297485022527,0.14271614910821662,8261.0,30.668936004668353,9.78512795750845,0.9673937172177156,0.8978040957315568,4641.0,4781.0,446.0564849160146,500.8814917332493,7137273470d24672442ea78e63e70285e5d060f4e2f115c218a2de9cd51b6c0a,49,0.5,0.5
7,49,alpha_0.75,online_static_3step,dynamic_3step,0.06064839590738248,0.023620388769154732,0.14271614910821662,8261.0,30.668936004668353,9.78512795750845,0.9673937172177156,0.8978040957315568,4641.0,4781.0,446.0564849160146,500.8814917332493,7137273470d24672442ea78e63e70285e5d060f4e2f115c218a2de9cd51b6c0a,49,0.75,0.5
7,50,alpha_0,online_static_3step,dynamic_3step,0.08245198813364087,0.022687872301611338,0.08253187905213454,8264.0,27.15844646846537,11.763451776649747,0.9631790426171418,0.9149909381203073,4893.0,4760.0,475.9566463008523,494.58175743278116,fdf9951f218e61b913618a579bd13a77417b8831a28d26d86ea79bbbe03fffcf,50,0.0,0.5
7,50,alpha_0.25,online_static_3step,dynamic_3step,0.06765858598069835,0.018770280019937705,0.08253187905213454,8264.0,27.15844646846537,11.763451776649747,0.9631790426171418,0.9149909381203073,4893.0,4760.0,475.9566463008523,494.58175743278116,fdf9951f218e61b913618a579bd13a77417b8831a28d26d86ea79bbbe03fffcf,50,0.25,0.5
7,50,alpha_0.5,online_static_3step,dynamic_3step,0.05286518382775578,0.014852687738257136,0.08253187905213454,8264.0,27.15844646846537,11.763451776649747,0.9631790426171418,0.9149909381203073,4893.0,4760.0,475.9566463008523,494.58175743278116,fdf9951f218e61b913618a579bd13a77417b8831a28d26d86ea79bbbe03fffcf,50,0.5,0.5
7,50,alpha_0.75,online_static_3step,dynamic_3step,0.038071781674813246,0.010935095456576126,0.08253187905213454,8264.0,27.15844646846537,11.763451776649747,0.9631790426171418,0.9149909381203073,4893.0,4760.0,475.9566463008523,494.58175743278116,fdf9951f218e61b913618a579bd13a77417b8831a28d26d86ea79bbbe03fffcf,50,0.75,0.5
7,51,alpha_0,online_static_3step,dynamic_3step,0.13587042723596432,0.05600069840463899,0.13603929186094788,8275.0,31.455670926517573,9.891288477917021,0.9682092299879388,0.8989009366946916,4162.0,3990.0,399.90013862703927,431.86028417991474,a8f19df2d616560c37b26732016a8ecb989b028f1788c364e916ef8c4d117ae0,51,0.0,0.5
7,51,alpha_0.25,online_static_3step,dynamic_3step,0.11024447830033454,0.04540031824037616,0.13603929186094788,8275.0,31.455670926517573,9.891288477917021,0.9682092299879388,0.8989009366946916,4162.0,3990.0,399.90013862703927,431.86028417991474,a8f19df2d616560c37b26732016a8ecb989b028f1788c364e916ef8c4d117ae0,51,0.25,0.5
7,51,alpha_0.5,online_static_3step,dynamic_3step,0.08461852936470474,0.03479993807612849,0.13603929186094788,8275.0,31.455670926517573,9.891288477917021,0.9682092299879388,0.8989009366946916,4162.0,3990.0,399.90013862703927,431.86028417991474,a8f19df2d616560c37b26732016a8ecb989b028f1788c364e916ef8c4d117ae0,51,0.5,0.5
7,51,alpha_0.75,online_static_3step,dynamic_3step,0.058992580429074924,0.024199557911878843,0.13603929186094788,8275.0,31.455670926517573,9.891288477917021,0.9682092299879388,0.8989009366946916,4162.0,3990.0,399.90013862703927,431.86028417991474,a8f19df2d616560c37b26732016a8ecb989b028f1788c364e916ef8c4d117ae0,51,0.75,0.5
10,42,alpha_0,online_static_3step,dynamic_3step,0.16158474064414996,0.07710832173236405,0.16169795489706573,9037.0,91.83993902439025,15.473851309639297,0.989111491028599,0.9353748475418618,4426.0,4227.0,400.61185821704566,449.29527059500106,3c195b87f1445e5f24bb317d5a82c31328f4e3a706c1cec8193eed5382ff055c,42,0.0,0.5
10,42,alpha_0.25,online_static_3step,dynamic_3step,0.12805060006787006,0.060858585264864866,0.16169795489706573,9037.0,91.83993902439025,15.473851309639297,0.989111491028599,0.9353748475418618,4426.0,4227.0,400.61185821704566,449.29527059500106,3c195b87f1445e5f24bb317d5a82c31328f4e3a706c1cec8193eed5382ff055c,42,0.25,0.5
10,42,alpha_0.5,online_static_3step,dynamic_3step,0.09451645949159013,0.04460884879719178,0.16169795489706573,9037.0,91.83993902439025,15.473851309639297,0.989111491028599,0.9353748475418618,4426.0,4227.0,400.61185821704566,449.29527059500106,3c195b87f1445e5f24bb317d5a82c31328f4e3a706c1cec8193eed5382ff055c,42,0.5,0.5
10,42,alpha_0.75,online_static_3step,dynamic_3step,0.06098231891531024,0.028359112329519792,0.16169795489706573,9037.0,91.83993902439025,15.473851309639297,0.989111491028599,0.9353748475418618,4426.0,4227.0,400.61185821704566,449.29527059500106,3c195b87f1445e5f24bb317d5a82c31328f4e3a706c1cec8193eed5382ff055c,42,0.75,0.5
10,43,alpha_0,online_static_3step,dynamic_3step,0.12724720920706023,0.06790390071044555,0.1273011148916412,8741.0,84.52169673330083,19.967561393489433,0.9881687183451204,0.9499187717371408,3307.0,4241.0,300.0985209052451,458.82905026432127,5aae0438e1e54d69e9da0ba68887ca5e3f1f7a67ff645ed335b0fcf02051ca64,43,0.0,0.5
10,43,alpha_0.25,online_static_3step,dynamic_3step,0.10034389798699674,0.05342763942100034,0.1273011148916412,8741.0,84.52169673330083,19.967561393489433,0.9881687183451204,0.9499187717371408,3307.0,4241.0,300.0985209052451,458.82905026432127,5aae0438e1e54d69e9da0ba68887ca5e3f1f7a67ff645ed335b0fcf02051ca64,43,0.25,0.5
10,43,alpha_0.5,online_static_3step,dynamic_3step,0.07344058676693323,0.038951378130955186,0.1273011148916412,8741.0,84.52169673330083,19.967561393489433,0.9881687183451204,0.9499187717371408,3307.0,4241.0,300.0985209052451,458.82905026432127,5aae0438e1e54d69e9da0ba68887ca5e3f1f7a67ff645ed335b0fcf02051ca64,43,0.5,0.5
10,43,alpha_0.75,online_static_3step,dynamic_3step,0.046537275546869705,0.024475116841312494,0.1273011148916412,8741.0,84.52169673330083,19.967561393489433,0.9881687183451204,0.9499187717371408,3307.0,4241.0,300.0985209052451,458.82905026432127,5aae0438e1e54d69e9da0ba68887ca5e3f1f7a67ff645ed335b0fcf02051ca64,43,0.75,0.5
10,44,alpha_0,online_static_3step,dynamic_3step,0.1674308890858066,0.07897667457972413,0.16755523632622116,8934.0,83.92625645843118,14.761262021258647,0.9880847777298956,0.9322551148702709,4049.0,4162.0,369.9321954937186,443.49335020338185,c7b98fa8a6fd7a67d10513d55076aade048023f35a0553cb06267d4f6ef018b5,44,0.0,0.5
10,44,alpha_0.25,online_static_3step,dynamic_3step,0.13269371718685707,0.06226060161785493,0.16755523632622116,8934.0,83.92625645843118,14.761262021258647,0.9880847777298956,0.9322551148702709,4049.0,4162.0,369.9321954937186,443.49335020338185,c7b98fa8a6fd7a67d10513d55076aade048023f35a0553cb06267d4f6ef018b5,44,0.25,0.5
10,44,alpha_0.5,online_static_3step,dynamic_3step,0.09795654528790747,0.04554452865550473,0.16755523632622116,8934.0,83.92625645843118,14.761262021258647,0.9880847777298956,0.9322551148702709,4049.0,4162.0,369.9321954937186,443.49335020338185,c7b98fa8a6fd7a67d10513d55076aade048023f35a0553cb06267d4f6ef018b5,44,0.5,0.5
10,44,alpha_0.75,online_static_3step,dynamic_3step,0.06321937338895789,0.028828455693252864,0.16755523632622116,8934.0,83.92625645843118,14.761262021258647,0.9880847777298956,0.9322551148702709,4049.0,4162.0,369.9321954937186,443.49335020338185,c7b98fa8a6fd7a67d10513d55076aade048023f35a0553cb06267d4f6ef018b5,44,0.75,0.5
10,45,alpha_0,online_static_3step,dynamic_3step,0.15660254123042183,0.07044074956996067,0.15667537673456683,9074.0,69.58665644171779,15.403235733755386,0.9856294288138768,0.9350785758729543,5376.0,4231.0,503.97254767199047,411.76289012120105,8a7e98c8245c80a6f01e0226d2d2656885f2cb7610bee2dc775b06c99ab4ad79,45,0.0,0.5
10,45,alpha_0.25,online_static_3step,dynamic_3step,0.12386900903243608,0.05546975047129514,0.15667537673456683,9074.0,69.58665644171779,15.403235733755386,0.9856294288138768,0.9350785758729543,5376.0,4231.0,503.97254767199047,411.76289012120105,8a7e98c8245c80a6f01e0226d2d2656885f2cb7610bee2dc775b06c99ab4ad79,45,0.25,0.5
10,45,alpha_0.5,online_static_3step,dynamic_3step,0.0911354768344503,0.04049875137286124,0.15667537673456683,9074.0,69.58665644171779,15.403235733755386,0.9856294288138768,0.9350785758729543,5376.0,4231.0,503.97254767199047,411.76289012120105,8a7e98c8245c80a6f01e0226d2d2656885f2cb7610bee2dc775b06c99ab4ad79,45,0.5,0.5
10,45,alpha_0.75,online_static_3step,dynamic_3step,0.05840194463646453,0.025527752273819145,0.15667537673456683,9074.0,69.58665644171779,15.403235733755386,0.9856294288138768,0.9350785758729543,5376.0,4231.0,503.97254767199047,411.76289012120105,8a7e98c8245c80a6f01e0226d2d2656885f2cb7610bee2dc775b06c99ab4ad79,45,0.75,0.5
10,46,alpha_0,online_static_3step,dynamic_3step,0.12635748563643628,0.06295627274180937,0.1264261211188262,8810.0,62.30304101838755,15.637760114316334,0.9839494191029156,0.936052222780646,4051.0,4139.0,382.2181637880858,431.3751525352709,9ee63faabcca9d7ea56158b9a7b93c43e3bd66789637b328ac894e71f26729ce,46,0.0,0.5
10,46,alpha_0.25,online_static_3step,dynamic_3step,0.1008939700076833,0.04991373963551451,0.1264261211188262,8810.0,62.30304101838755,15.637760114316334,0.9839494191029156,0.936052222780646,4051.0,4139.0,382.2181637880858,431.3751525352709,9ee63faabcca9d7ea56158b9a7b93c43e3bd66789637b328ac894e71f26729ce,46,0.25,0.5
10,46,alpha_0.5,online_static_3step,dynamic_3step,0.07543045437893027,0.03687120653015733,0.1264261211188262,8810.0,62.30304101838755,15.637760114316334,0.9839494191029156,0.936052222780646,4051.0,4139.0,382.2181637880858,431.3751525352709,9ee63faabcca9d7ea56158b9a7b93c43e3bd66789637b328ac894e71f26729ce,46,0.5,0.5
10,46,alpha_0.75,online_static_3step,dynamic_3step,0.049966938750177284,0.023828673423956722,0.1264261211188262,8810.0,62.30304101838755,15.637760114316334,0.9839494191029156,0.936052222780646,4051.0,4139.0,382.2181637880858,431.3751525352709,9ee63faabcca9d7ea56158b9a7b93c43e3bd66789637b328ac894e71f26729ce,46,0.75,0.5
10,47,alpha_0,online_static_3step,dynamic_3step,0.17416214357904067,0.08012487403978619,0.17426870959912136,9074.0,89.52738036507154,14.462989000082706,0.988830232763181,0.9308579989935496,3485.0,4069.0,329.1445806277916,419.21734954742715,534d6bf750939fd4a2adea1cb6e5bf6962100438a5d1f081e7ea7ace1d556989,47,0.0,0.5
10,47,alpha_0.25,online_static_3step,dynamic_3step,0.13798978810508788,0.06322625183977161,0.17426870959912136,9074.0,89.52738036507154,14.462989000082706,0.988830232763181,0.9308579989935496,3485.0,4069.0,329.1445806277916,419.21734954742715,534d6bf750939fd4a2adea1cb6e5bf6962100438a5d1f081e7ea7ace1d556989,47,0.25,0.5
10,47,alpha_0.5,online_static_3step,dynamic_3step,0.10181743263113505,0.046327629640153745,0.17426870959912136,9074.0,89.52738036507154,14.462989000082706,0.988830232763181,0.9308579989935496,3485.0,4069.0,329.1445806277916,419.21734954742715,534d6bf750939fd4a2adea1cb6e5bf6962100438a5d1f081e7ea7ace1d556989,47,0.5,0.5
10,47,alpha_0.75,online_static_3step,dynamic_3step,0.06564507715718226,0.029429007439941313,0.17426870959912136,9074.0,89.52738036507154,14.462989000082706,0.988830232763181,0.9308579989935496,3485.0,4069.0,329.1445806277916,419.21734954742715,534d6bf750939fd4a2adea1cb6e5bf6962100438a5d1f081e7ea7ace1d556989,47,0.75,0.5
10,48,alpha_0,online_static_3step,dynamic_3step,0.12510996563207247,0.05627253119396082,0.12518338854451305,8943.0,63.46983676366217,15.057484103797904,0.9842444844513525,0.9335878428888547,4869.0,4266.0,472.9718368651811,396.9913003509864,f1d4268a7fc06b15f7692db6342f402bb3f8002b9b7058c5a0ea51e1aecefd26,48,0.0,0.5
10,48,alpha_0.25,online_static_3step,dynamic_3step,0.10028830360687613,0.044822279050450387,0.12518338854451305,8943.0,63.46983676366217,15.057484103797904,0.9842444844513525,0.9335878428888547,4869.0,4266.0,472.9718368651811,396.9913003509864,f1d4268a7fc06b15f7692db6342f402bb3f8002b9b7058c5a0ea51e1aecefd26,48,0.25,0.5
10,48,alpha_0.5,online_static_3step,dynamic_3step,0.07546664158167968,0.033372026907430546,0.12518338854451305,8943.0,63.46983676366217,15.057484103797904,0.9842444844513525,0.9335878428888547,4869.0,4266.0,472.9718368651811,396.9913003509864,f1d4268a7fc06b15f7692db6342f402bb3f8002b9b7058c5a0ea51e1aecefd26,48,0.5,0.5
10,48,alpha_0.75,online_static_3step,dynamic_3step,0.050644979556483255,0.02192177476432589,0.12518338854451305,8943.0,63.46983676366217,15.057484103797904,0.9842444844513525,0.9335878428888547,4869.0,4266.0,472.9718368651811,396.9913003509864,f1d4268a7fc06b15f7692db6342f402bb3f8002b9b7058c5a0ea51e1aecefd26,48,0.75,0.5
10,49,alpha_0,online_static_3step,dynamic_3step,0.14232213227678736,0.07418035361475976,0.14243384008186843,9057.0,69.32070417145044,13.520589142504626,0.985574295415022,0.9260387258676248,4450.0,4236.0,422.77217693440616,404.5835908150766,60433548930247880d436336dc0c24b5722e1f405496f3395bc41214162a99f6,49,0.0,0.5
10,49,alpha_0.25,online_static_3step,dynamic_3step,0.11432247554237221,0.059059458038688804,0.14243384008186843,9057.0,69.32070417145044,13.520589142504626,0.985574295415022,0.9260387258676248,4450.0,4236.0,422.77217693440616,404.5835908150766,60433548930247880d436336dc0c24b5722e1f405496f3395bc41214162a99f6,49,0.25,0.5
10,49,alpha_0.5,online_static_3step,dynamic_3step,0.08632281880795707,0.043938562461941624,0.14243384008186843,9057.0,69.32070417145044,13.520589142504626,0.985574295415022,0.9260387258676248,4450.0,4236.0,422.77217693440616,404.5835908150766,60433548930247880d436336dc0c24b5722e1f405496f3395bc41214162a99f6,49,0.5,0.5
10,49,alpha_0.75,online_static_3step,dynamic_3step,0.05832316207354196,0.028817666885700564,0.14243384008186843,9057.0,69.32070417145044,13.520589142504626,0.985574295415022,0.9260387258676248,4450.0,4236.0,422.77217693440616,404.5835908150766,60433548930247880d436336dc0c24b5722e1f405496f3395bc41214162a99f6,49,0.75,0.5
10,50,alpha_0,online_static_3step,dynamic_3step,0.15644210311461454,0.0729167703777962,0.15650620656371733,8951.0,64.27935368043087,14.543472834678425,0.984442905182719,0.9312406320438449,4818.0,4138.0,471.85737170488574,385.15418657823466,8283a2834388f9c63cfd0cea6a48fcee18a5ba4c6e6ba3aa66a9c3f28824aa66,50,0.0,0.5
10,50,alpha_0.25,online_static_3step,dynamic_3step,0.12409261376394062,0.05756488548836188,0.15650620656371733,8951.0,64.27935368043087,14.543472834678425,0.984442905182719,0.9312406320438449,4818.0,4138.0,471.85737170488574,385.15418657823466,8283a2834388f9c63cfd0cea6a48fcee18a5ba4c6e6ba3aa66a9c3f28824aa66,50,0.25,0.5
10,50,alpha_0.5,online_static_3step,dynamic_3step,0.09174312441326678,0.04221300059904634,0.15650620656371733,8951.0,64.27935368043087,14.543472834678425,0.984442905182719,0.9312406320438449,4818.0,4138.0,471.85737170488574,385.15418657823466,8283a2834388f9c63cfd0cea6a48fcee18a5ba4c6e6ba3aa66a9c3f28824aa66,50,0.5,0.5
10,50,alpha_0.75,online_static_3step,dynamic_3step,0.05939363506259296,0.02686111570970804,0.15650620656371733,8951.0,64.27935368043087,14.543472834678425,0.984442905182719,0.9312406320438449,4818.0,4138.0,471.85737170488574,385.15418657823466,8283a2834388f9c63cfd0cea6a48fcee18a5ba4c6e6ba3aa66a9c3f28824aa66,50,0.75,0.5
10,51,alpha_0,online_static_3step,dynamic_3step,0.19300892442159728,0.09523029996063839,0.19315618386900152,8807.0,92.41080797481636,13.965022707353995,0.9891787549322962,0.9283925260305235,4564.0,4222.0,442.09414056758396,400.26899665640667,511218dd01b3f07057afc14325022c4e82154b26ec43f956302ef375f1badadf,51,0.0,0.5
10,51,alpha_0.25,online_static_3step,dynamic_3step,0.1525503996219868,0.07493915374414845,0.19315618386900152,8807.0,92.41080797481636,13.965022707353995,0.9891787549322962,0.9283925260305235,4564.0,4222.0,442.09414056758396,400.26899665640667,511218dd01b3f07057afc14325022c4e82154b26ec43f956302ef375f1badadf,51,0.25,0.5
10,51,alpha_0.5,online_static_3step,dynamic_3step,0.1120918748223764,0.05464800752831962,0.19315618386900152,8807.0,92.41080797481636,13.965022707353995,0.9891787549322962,0.9283925260305235,4564.0,4222.0,442.09414056758396,400.26899665640667,511218dd01b3f07057afc14325022c4e82154b26ec43f956302ef375f1badadf,51,0.5,0.5
10,51,alpha_0.75,online_static_3step,dynamic_3step,0.07163335002276598,0.03435686131269755,0.19315618386900152,8807.0,92.41080797481636,13.965022707353995,0.9891787549322962,0.9283925260305235,4564.0,4222.0,442.09414056758396,400.26899665640667,511218dd01b3f07057afc14325022c4e82154b26ec43f956302ef375f1badadf,51,0.75,0.5
