dataset,planning_seed,k,comparator,dRetention_Pdet,dDegradation_NRMST,dPdet,dRMST_rel
1,42,1,online_static_3step_vs_pizza_repartition,0.19689936701527955,0.025013767314959856,-0.03482290165963092,-0.0090616848736301
1,42,2,online_static_3step_vs_pizza_repartition,0.09845639144437046,0.023934619261120837,-0.042556977389877404,-0.010140832927469052
1,42,3,online_static_3step_vs_pizza_repartition,0.1881547691285791,0.03918199712015791,-0.006370819276484169,0.005106544931568083
1,43,1,online_static_3step_vs_pizza_repartition,0.0459989323406268,0.01787298957302752,-0.07603912501453783,-0.026892300329746616
1,43,2,online_static_3step_vs_pizza_repartition,0.1834531148602564,0.042078374221219184,-0.029500589634635144,-0.0026869156815549945
1,43,3,online_static_3step_vs_pizza_repartition,0.24141707893151565,0.05312516606251794,0.00025162420605906455,0.008359876159743687
1,44,1,online_static_3step_vs_pizza_repartition,-0.17617236453969454,-0.022665323949705662,-0.0989592972190079,-0.048026326770893475
1,44,2,online_static_3step_vs_pizza_repartition,-0.02389302938818172,0.008223766840447122,-0.04947086109432505,-0.01713723598074066
1,44,3,online_static_3step_vs_pizza_repartition,0.11321440581263797,0.031947762807189695,-0.003392105414389418,0.006586759986001984
1,45,1,online_static_3step_vs_pizza_repartition,-0.14009171964818934,-0.005129043754022677,-0.09876491192301323,-0.04588762563405212
1,45,2,online_static_3step_vs_pizza_repartition,-0.006830324662824849,0.018666847275138787,-0.05390746268295496,-0.02209173460489072
1,45,3,online_static_3step_vs_pizza_repartition,-0.17614343817019462,0.014392788616182761,-0.08322951221591718,-0.026365793263846683
1,46,1,online_static_3step_vs_pizza_repartition,0.4319519219807184,0.07045942529600668,-0.048975112887495176,-0.00887281942191543
1,46,2,online_static_3step_vs_pizza_repartition,-0.016568052406778166,0.04456990822329243,-0.10506042984682137,-0.034762336494629724
1,46,3,online_static_3step_vs_pizza_repartition,-0.058689752380299665,0.04701735754784653,-0.08791852632849032,-0.032314887170075565
1,47,1,online_static_3step_vs_pizza_repartition,-0.16848839671285465,-0.023224097837443725,-0.10283848115738414,-0.04806232747209411
1,47,2,online_static_3step_vs_pizza_repartition,-0.0219835020393091,0.005395870072530395,-0.05477609570944486,-0.019442359562120117
1,47,3,online_static_3step_vs_pizza_repartition,-0.21410540992130978,-0.007830060241941328,-0.09128953370732065,-0.03266828987659176
1,48,1,online_static_3step_vs_pizza_repartition,-0.22732393446509702,-0.015196737856702947,-0.12667381563874458,-0.043842432495370676
1,48,2,online_static_3step_vs_pizza_repartition,0.023859947261724246,0.006318235518009141,-0.05353761727118933,-0.022327459120658578
1,48,3,online_static_3step_vs_pizza_repartition,0.1801913069170572,0.03494789826258449,-0.0021844719334096763,0.006302203623916775
1,49,1,online_static_3step_vs_pizza_repartition,-0.08292676698623114,0.011248495553790261,-0.09072239351441758,-0.027318811877043058
1,49,2,online_static_3step_vs_pizza_repartition,-0.20231671375529725,0.0023539335816822327,-0.1062188824571638,-0.036213373849151125
1,49,3,online_static_3step_vs_pizza_repartition,-0.1971932692114456,0.006228673312872579,-0.09113395746561412,-0.03233863411796074
1,50,1,online_static_3step_vs_pizza_repartition,-0.13462991061065743,-0.009063108483077786,-0.1031974598304809,-0.04849686695700123
1,50,2,online_static_3step_vs_pizza_repartition,0.07037858991304236,0.029570521478759604,-0.040924448576244554,-0.009863236995163874
1,50,3,online_static_3step_vs_pizza_repartition,-0.18185321518143593,0.009926642753775305,-0.08744903415978392,-0.029507115720148164
1,51,1,online_static_3step_vs_pizza_repartition,0.1860208240135134,0.021821161129519928,-0.05272251714827492,-0.008316248236597138
1,51,2,online_static_3step_vs_pizza_repartition,-0.01592552778381473,0.01349212131298394,-0.0788320359983011,-0.01664528805313308
1,51,3,online_static_3step_vs_pizza_repartition,0.237477274793767,0.03503717794073302,-0.006370819276484169,0.004899768574615904
5,42,1,online_static_3step_vs_pizza_repartition,-0.03755601813367071,-0.0003721871210949912,-0.07808809270902115,-0.02876787694040029
5,42,2,online_static_3step_vs_pizza_repartition,0.23845304357819208,0.026579344696853524,-0.010773518165331897,-0.0018163451224517983
5,42,3,online_static_3step_vs_pizza_repartition,0.0578307378863816,0.018471990322681875,-0.03311922821308233,-0.009923699496623377
5,43,1,online_static_3step_vs_pizza_repartition,-0.20654596231625122,-0.020695667901517556,-0.11565350776944508,-0.06376501044161136
5,43,2,online_static_3step_vs_pizza_repartition,-0.04469842076740571,0.009002092389023275,-0.07119696987622409,-0.03406725015107051
5,43,3,online_static_3step_vs_pizza_repartition,0.04667664203844302,0.028108219327219075,-0.0387102072780076,-0.014961123212874725
5,44,1,online_static_3step_vs_pizza_repartition,0.06083174278773551,0.003357190688790923,-0.09294168443227588,-0.04196432132400342
5,44,2,online_static_3step_vs_pizza_repartition,0.0762394071368635,0.021434354802629008,-0.07274894481320843,-0.023887157210165308
5,44,3,online_static_3step_vs_pizza_repartition,-0.017122030843534364,0.023619398561550153,-0.06788021901217951,-0.021702113451244193
5,45,1,online_static_3step_vs_pizza_repartition,-0.3554701943600871,-0.03696088960413613,-0.13300319234295968,-0.05451915186184931
5,45,2,online_static_3step_vs_pizza_repartition,-0.10984424690477712,-0.005932901124496848,-0.07016298171352281,-0.02349116338221011
5,45,3,online_static_3step_vs_pizza_repartition,-0.011477764522694889,0.004554911004962858,-0.037951887927699685,-0.01300335125275036
5,46,1,online_static_3step_vs_pizza_repartition,0.15649780249838963,0.023248900951408635,-0.10944275706097856,-0.04384801553355775
5,46,2,online_static_3step_vs_pizza_repartition,0.11464124959369681,0.029975398109445495,-0.09263038276483684,-0.037121518375520836
5,46,3,online_static_3step_vs_pizza_repartition,0.6495768698700335,0.06880746320219411,0.003299430671262288,0.0017105467172278661
5,47,1,online_static_3step_vs_pizza_repartition,0.09784249501883602,0.01834168236774958,-0.09434949040360566,-0.03951300698463991
5,47,2,online_static_3step_vs_pizza_repartition,-0.10930776374463103,0.013523629328928255,-0.10771580935911763,-0.04433106002346119
5,47,3,online_static_3step_vs_pizza_repartition,0.16455610412742716,0.035592496035164234,-0.04377435485625325,-0.022262193317225246
5,48,1,online_static_3step_vs_pizza_repartition,0.00842615485506848,0.002345267071605095,-0.06141834500396387,-0.023794569656646093
5,48,2,online_static_3step_vs_pizza_repartition,-0.0965593087761778,-0.00753039057049909,-0.07241309825368447,-0.03367022729875035
5,48,3,online_static_3step_vs_pizza_repartition,-0.018778468101311785,0.004377495319725089,-0.04390334936270332,-0.021762341408526086
5,49,1,online_static_3step_vs_pizza_repartition,-0.2558484754297341,-0.007240145857100866,-0.11891461117195987,-0.044859147334478086
5,49,2,online_static_3step_vs_pizza_repartition,0.018734659492678385,0.020946647946604613,-0.05127860836769571,-0.01667235353077252
5,49,3,online_static_3step_vs_pizza_repartition,-0.007982305709769322,0.016045853764560025,-0.04376743388978824,-0.021573147712817143
5,50,1,online_static_3step_vs_pizza_repartition,0.5276075734232103,0.041047337327907996,-0.09003176503860508,-0.04022915040820287
5,50,2,online_static_3step_vs_pizza_repartition,0.27487217789091856,0.047345026417014546,-0.09249975265951543,-0.03393146131909623
5,50,3,online_static_3step_vs_pizza_repartition,0.4989207377565317,0.06590928573078858,-0.03870356110139696,-0.015367202005322315
5,51,1,online_static_3step_vs_pizza_repartition,0.6170971704650859,0.04794203231674621,-0.0638193501772602,-0.022257789802314538
5,51,2,online_static_3step_vs_pizza_repartition,0.00721509744982729,0.021880105074148837,-0.11413015769270807,-0.04831971704491191
5,51,3,online_static_3step_vs_pizza_repartition,0.2070525732451155,0.04549983736710095,-0.06272998840521363,-0.02469998475195976
10,42,1,online_static_3step_vs_pizza_repartition,0.1966941575601977,0.023618933250818208,-0.0659571927514993,-0.01385183617969358
10,42,2,online_static_3step_vs_pizza_repartition,0.2021724712037547,0.027807804679193415,-0.053336998437612554,-0.009662964751318535
10,42,3,online_static_3step_vs_pizza_repartition,0.288750002291435,0.046289258781831655,-0.03292992009295784,0.008818489351319778
10,43,1,online_static_3step_vs_pizza_repartition,0.06816778967242032,0.010749651075380506,-0.06718191895872229,-0.01488615587618183
10,43,2,online_static_3step_vs_pizza_repartition,0.21116799830571442,0.028347883551066877,-0.03910836238482979,0.002712076599504561
10,43,3,online_static_3step_vs_pizza_repartition,0.2613569297327958,0.04166548444306517,-0.023481888865113765,0.01602967749150282
10,44,1,online_static_3step_vs_pizza_repartition,0.07688742024749351,0.012516590087875423,-0.06941247741729847,-0.015982042450299615
10,44,2,online_static_3step_vs_pizza_repartition,0.19480951613049147,0.027366782940916545,-0.04430374920906634,-0.001131849597258511
10,44,3,online_static_3step_vs_pizza_repartition,0.331171870810665,0.04789380449893077,-0.018168435830600738,0.01939517196075561
10,45,1,online_static_3step_vs_pizza_repartition,0.06639734841505651,0.012071621433630053,-0.07196949327150107,-0.02181964871120579
10,45,2,online_static_3step_vs_pizza_repartition,0.2824626851962011,0.0372989671095616,-0.03520698962555416,0.003407696964725744
10,45,3,online_static_3step_vs_pizza_repartition,0.21465285957488378,0.03744256227880138,-0.033457273250808606,0.003551292133965545
10,46,1,online_static_3step_vs_pizza_repartition,0.09087506265803902,0.015933638980740406,-0.0689424126275103,-0.018135437368881666
10,46,2,online_static_3step_vs_pizza_repartition,0.38245802669822193,0.044909297196970344,-0.023180383998441884,0.010840220847348259
10,46,3,online_static_3step_vs_pizza_repartition,0.2947229630252548,0.048509885447969414,-0.023838790802672982,0.014440809098347404
10,47,1,online_static_3step_vs_pizza_repartition,0.1569756234971934,0.021224369956091893,-0.0688288557310093,-0.01894807120909735
10,47,2,online_static_3step_vs_pizza_repartition,0.27732444828501057,0.03800688071946212,-0.043546465573212206,-0.002165560445727071
10,47,3,online_static_3step_vs_pizza_repartition,0.3220091901824632,0.046934754871434725,-0.027878243859975255,0.006762313706245521
10,48,1,online_static_3step_vs_pizza_repartition,0.12751118602794176,0.01136671401593703,-0.039261507631950965,-0.0011435492996857376
10,48,2,online_static_3step_vs_pizza_repartition,0.15746694065288336,0.007959723663153229,-0.02708846179944796,-0.004550539652469519
10,48,3,online_static_3step_vs_pizza_repartition,0.06379929683430641,0.017143988255128195,-0.033464280221200404,0.004633724939505425
10,49,1,online_static_3step_vs_pizza_repartition,0.04434447847936818,0.004775934393685843,-0.0559201441154156,-0.01167763372146535
10,49,2,online_static_3step_vs_pizza_repartition,0.1866069347745365,0.019979386807263633,-0.027656760988713114,0.0035258186921124845
10,49,3,online_static_3step_vs_pizza_repartition,0.30092175464057447,0.03406604379032141,-0.004060822401126596,0.017612475675170238
10,50,1,online_static_3step_vs_pizza_repartition,0.08963372393013136,0.01136707451090535,-0.045972539105006954,7.754628836064776e-05
10,50,2,online_static_3step_vs_pizza_repartition,0.04984175144542935,0.010068178581489451,-0.043576331112458955,-0.0012213496410552421
10,50,3,online_static_3step_vs_pizza_repartition,0.17666905781998687,0.03013024393139918,-0.018230200255152873,0.01884071570885449
10,51,1,online_static_3step_vs_pizza_repartition,0.07704208646220889,0.011319055331275196,-0.06878922182277646,-0.019264689146247935
10,51,2,online_static_3step_vs_pizza_repartition,0.3209502610500913,0.03776753511889441,-0.028519792419406192,0.00718379064137135
10,51,3,online_static_3step_vs_pizza_repartition,0.3273620218544301,0.0487823431689941,-0.018043826460228923,0.01819859869147095
