dataset,planning_seed,k,planning_mode,P_detect,RMST,NRMST,retention_Pdet,retention_invalid_reason,degradation_NRMST,T,H,T_common,H_common,budget_total,actual_distance_total,budget_utilization,termination_reason,active_fleet,failed_drone_ids,pizza_assignment_hash
1,50,0,dynamic_evidence_3step,0.34636574097301676,6897.806292733597,0.7925779952583704,1.0,none,0.0,8518,8519,8702,8703,200000.0,200000.24292424528,1.0000012146212265,budget_exhausted,5,[],none
1,50,0,online_static_3step,0.23948073163281963,7344.432586050264,0.8438966547225398,1.0,none,0.0,8652,8653,8702,8703,200000.0,200015.00211225028,1.0000750105612515,budget_exhausted,5,[],none
1,50,0,pizza_repartition,0.32156657275877726,7001.240586051708,0.8044628962486163,1.0,none,0.0,8012,8013,8702,8703,200000.0,200015.77811239188,1.0000788905619593,budget_exhausted,5,[],411a3c6603f6ee07acaa9879b3f9db4904e22b2421d12f43dd8b99994a2262a3
1,50,1,dynamic_evidence_3step,0.3134199374276837,7092.318746956474,0.814928041704754,0.9048814601213702,none,0.02235004644638361,8504,8505,8702,8703,160000.0,160010.3686953575,1.0000648043459843,budget_exhausted,4,[2],none
1,50,1,online_static_3step,0.1747693445533251,7667.686284715619,0.8810394444117683,0.7297845774969807,none,0.03714278968922846,8663,8664,8702,8703,160000.0,160010.6659520766,1.0000666622004788,budget_exhausted,4,[2],none
1,50,1,pizza_repartition,0.277966804383806,7245.618051588837,0.832542577454767,0.8644144881076381,none,0.028079681206150675,8011,8012,8702,8703,160000.0,160017.53040080224,1.000109565005014,budget_exhausted,4,[2],524e244b8e6c0ebf481a24113c42f421bba9b3d908b884c3195eef72f3367049
1,50,2,dynamic_evidence_3step,0.2808377611959462,7226.562641191882,0.830353055405249,0.8108127565012978,none,0.03777506014687859,8506,8507,8702,8703,120000.0,120009.7323515633,1.000081102929694,budget_exhausted,3,"[2,4]",none
1,50,2,online_static_3step,0.1854205472678021,7603.194620603964,0.873629164725263,0.7742608184114599,none,0.029732510002723145,8702,8703,8702,8703,120000.0,120004.80986295304,1.0000400821912754,budget_exhausted,3,"[2,4]",none
1,50,2,pizza_repartition,0.22634499584404666,7517.354869035053,0.8637659277300991,0.7038822284984175,none,0.05930303148148275,8010,8011,8702,8703,120000.0,120008.07644025782,1.0000673036688152,budget_exhausted,3,"[2,4]",5c3df012806321605938f83701f67da402307f0df24c16ee9ece49a20d4d28cf
1,50,3,dynamic_evidence_3step,0.1975543141091129,7676.325019285317,0.8820320601270041,0.5703633204431242,none,0.08945406486863372,8493,8494,8702,8703,80000.0,80008.67351901671,1.000108418987709,budget_exhausted,2,"[2,4,1]",none
1,50,3,online_static_3step,0.08452157742752298,8078.825793686435,0.928280569192972,0.3529368598936572,none,0.08438391447043214,8483,8484,8702,8703,80000.0,80004.02219605111,1.0000502774506388,budget_exhausted,2,"[2,4,1]",none
1,50,3,pizza_repartition,0.1719706115873069,7822.025365573985,0.8987734534728238,0.5347900750750931,none,0.09431055722420745,8008,8009,8702,8703,80000.0,80006.33484019843,1.0000791855024804,budget_exhausted,2,"[2,4,1]",bffb91c572fdd6074daf22a37aaf84e88c5bc0b04fa6e6315f0f4e94e893459f
1,49,0,dynamic_evidence_3step,0.37200675925045923,6819.478128753416,0.7703884013503633,1.0,none,0.0,8506,8507,8851,8852,200000.0,200015.06935571373,1.0000753467785686,budget_exhausted,5,[],none
1,49,0,online_static_3step,0.23979777997169435,7442.220586074398,0.8407388822948936,1.0,none,0.0,8748,8749,8851,8852,200000.0,200010.2905783477,1.0000514528917384,budget_exhausted,5,[],none
1,49,0,pizza_repartition,0.3217311306112487,7100.822780696661,0.8021715748640602,1.0,none,0.0,8011,8012,8851,8852,200000.0,200006.19106095223,1.000030955304761,budget_exhausted,5,[],1857f2c34acf13f50e15d645acc088f7c229096aed22930214d37ca87deb9235
1,49,1,dynamic_evidence_3step,0.29868529251445214,7204.852796402169,0.8139237230458845,0.8029028642282214,none,0.0435353216955211,8497,8498,8851,8852,160000.0,160016.076682632,1.00010047926645,budget_exhausted,4,[3],none
1,49,1,online_static_3step,0.18743520548870807,7593.03316233807,0.8577760011678796,0.7816386186345547,none,0.01703711887298598,8838,8839,8851,8852,160000.0,160008.00993757558,1.0000500621098474,budget_exhausted,4,[3],none
1,49,1,pizza_repartition,0.27815759900312564,7351.207039602485,0.8304571892908365,0.8645653856207859,none,0.02828561442677624,8010,8011,8851,8852,160000.0,160006.67067116126,1.0000416916947579,budget_exhausted,4,[3],a7b6d6bb7b75863d5da631053a664b73786df55ac646fac07fbe42315623017c
1,49,2,dynamic_evidence_3step,0.27701602616744875,7388.843633725926,0.8347089509405701,0.7446532066395694,none,0.06432054959020672,8518,8519,8851,8852,120000.0,120000.35693068488,1.000002974422374,budget_exhausted,3,"[3,1]",none
1,49,2,online_static_3step,0.12036898937443688,7950.698386480208,0.8981810197108233,0.5019603992524251,none,0.05744213741592974,8851,8852,8851,8852,120000.0,120010.02939505948,1.0000835782921622,budget_exhausted,3,"[3,1]",none
1,49,2,pizza_repartition,0.22658787183160067,7630.137601167522,0.8619676458616722,0.7042771130077223,none,0.05979607099761197,8010,8011,8851,8852,120000.0,120010.9049912182,1.0000908749268183,budget_exhausted,3,"[3,1]",547dfc605eb48f57942cd0a283509a04b7be4dbc428bf8620e285b2e5f79f359
1,49,3,dynamic_evidence_3step,0.2034658555447298,7806.200053263394,0.8818572134278574,0.5469412866440507,none,0.11146881207749404,8525,8526,8851,8852,80000.0,80009.2280933535,1.0001153511669187,budget_exhausted,2,"[3,1,0]",none
1,49,3,online_static_3step,0.08104366400640242,8229.28983285329,0.9296531668383744,0.33796669850725386,none,0.08891428454348083,8797,8798,8851,8852,80000.0,80006.48721394503,1.000081090174313,budget_exhausted,2,"[3,1,0]",none
1,49,3,pizza_repartition,0.17217762147201654,7943.028243641102,0.8973145327204136,0.5351599677186994,none,0.0951429578563534,8007,8008,8851,8852,80000.0,80004.27092172772,1.0000533865215964,budget_exhausted,2,"[3,1,0]",666aa16649c90e48e640c78dd66fabcbd5ca468c4c0fde73182f11e86310ebf9
1,42,0,dynamic_evidence_3step,0.34411087144843133,6867.820681143963,0.7777826365961453,1.0,none,0.0,8494,8495,8829,8830,200000.0,200001.37783143646,1.0000068891571823,budget_exhausted,5,[],none
1,42,0,online_static_3step,0.2291726864278829,7387.797724276617,0.8366701839497868,1.0,none,0.0,8675,8676,8829,8830,200000.0,200000.2863851179,1.0000014319255897,budget_exhausted,5,[],none
1,42,0,pizza_repartition,0.32169882492300206,7086.911481451369,0.8025947317611969,1.0,none,0.0,8012,8013,8829,8830,200000.0,200023.0299151484,1.0001151495757419,budget_exhausted,5,[],3fb6519a682d431ecc9126ea258709ae7e02f59f156db5049ee8fd2f1a5c8933
1,42,1,dynamic_evidence_3step,0.3000533478404498,7284.875721688594,0.8250142380168284,0.8719670685714327,none,0.047231601420683056,8502,8503,8829,8830,160000.0,160012.8813804455,1.0000805086277844,budget_exhausted,4,[1],none
1,42,1,online_static_3step,0.24313974621003948,7417.601246633386,0.8400454412948342,1.060945569037311,none,0.0033752573450474,8829,8830,8829,8830,160000.0,160010.11666412448,1.000063229150778,budget_exhausted,4,[1],none
1,42,1,pizza_repartition,0.2779626478696704,7337.586569199232,0.8309837564212041,0.8640462020220315,none,0.028389024660007256,8011,8012,8829,8830,160000.0,160014.99134282646,1.0000936958926654,budget_exhausted,4,[1],07a995aab00c9aaf27cabba996185642bffbd664b9e626a808814310ce7a445c
1,42,2,dynamic_evidence_3step,0.2541751122498585,7435.201573687045,0.8420386833167661,0.738643075064687,none,0.0642560467206208,8506,8507,8829,8830,120000.0,120002.08346183451,1.0000173621819544,budget_exhausted,3,"[1,4]",none
1,42,2,online_static_3step,0.18385673071079328,7704.451595296022,0.8725313244955857,0.8022628419493182,none,0.03586114054579892,8544,8545,8829,8830,120000.0,120001.5452271751,1.0000128768931258,budget_exhausted,3,"[1,4]",none
1,42,2,pizza_repartition,0.22641370810067069,7614.90804054647,0.8623904915681166,0.7038064505049477,none,0.05979575980691976,8010,8011,8829,8830,120000.0,120014.76429591242,1.00012303579927,budget_exhausted,3,"[1,4]",02b990f496345e4b471c924f489de76deeec2d87ba261b3da6caa212b9aeaead
1,42,3,dynamic_evidence_3step,0.20804236598925263,7746.018546408479,0.8772387934777439,0.6045794633385478,none,0.09945615688159859,8513,8514,8829,8830,80000.0,80000.2547452709,1.0000031843158863,budget_exhausted,2,"[1,4,2]",none
1,42,3,online_static_3step,0.16570074236132265,7881.539694005681,0.8925866018126479,0.7230387920310307,none,0.05591641786286117,8506,8507,8829,8830,80000.0,80003.90564860591,1.000048820607574,budget_exhausted,2,"[1,4,2]",none
1,42,3,pizza_repartition,0.17207156163780682,7926.630485751427,0.897693146744216,0.5348840229024516,none,0.09509841498301908,8008,8009,8829,8830,80000.0,80003.33244863561,1.0000416556079452,budget_exhausted,2,"[1,4,2]",65256124dfd6b93ba5701370b92140b2e919f53de088060809c5a724a0c586e7
1,45,0,dynamic_evidence_3step,0.3315814911884892,7091.753664571803,0.8062475744169854,1.0,none,0.0,8497,8498,8795,8796,200000.0,200020.13174850965,1.0001006587425483,budget_exhausted,5,[],none
1,45,0,online_static_3step,0.24748094737700377,7422.364964297436,0.8438341250906589,1.0,none,0.0,8784,8785,8795,8796,200000.0,200004.72197657143,1.0000236098828572,budget_exhausted,5,[],none
1,45,0,pizza_repartition,0.32162820627724514,7063.8524780806965,0.8030755432106295,1.0,none,0.0,8012,8013,8795,8796,200000.0,200021.58790906973,1.0001079395453487,budget_exhausted,5,[],1078b6655e6f2d472700d86864c096290a9f422288cc52c829b2a32149ac21ea
1,45,1,dynamic_evidence_3step,0.31897549083663007,7104.880624384768,0.8077399527495189,0.9619821953671921,none,0.0014923783325335727,8512,8513,8795,8796,160000.0,160019.5779262117,1.000122362038823,budget_exhausted,4,[0],none
1,45,1,online_static_3step,0.17925914086523714,7715.981322438567,0.8772147933650031,0.7243351165621654,none,0.03338066827434416,8667,8668,8795,8796,160000.0,160013.72854242974,1.0000858033901858,budget_exhausted,4,[0],none
1,45,1,pizza_repartition,0.2780240527882504,7312.353767361445,0.8313271677309509,0.8644268362103548,none,0.028251624520321483,8011,8012,8795,8796,160000.0,160016.9506169593,1.0001059413559956,budget_exhausted,4,[0],a890cb8383c43bb45eee103097da8e1edaf9b6fbb34141b9a540470f8be27f1c
1,45,2,dynamic_evidence_3step,0.27456352814735563,7377.709030559983,0.8387572795088658,0.828042383075232,none,0.03250970509188045,8501,8502,8795,8796,120000.0,120010.84577428937,1.0000903814524114,budget_exhausted,3,"[0,1]",none
1,45,2,online_static_3step,0.1725943450349376,7782.211665358347,0.8847443912412855,0.6974045754399567,none,0.04091026615062654,8728,8729,8795,8796,120000.0,120014.49463952566,1.0001207886627137,budget_exhausted,3,"[0,1]",none
1,45,2,pizza_repartition,0.22650180771789255,7587.892767773728,0.8626526566363948,0.7042349001027816,none,0.05957711342576533,8010,8011,8795,8796,120000.0,120012.86124256486,1.0001071770213739,budget_exhausted,3,"[0,1]",cadcad7560eefd70dde3b983fde80032242357c8561891db27f1dadf00c66c58
1,45,3,dynamic_evidence_3step,0.21572726256628771,7701.090565363009,0.8755218923786958,0.6506010386558533,none,0.06927431796171046,8502,8503,8795,8796,80000.0,80001.43441951915,1.0000179302439893,budget_exhausted,2,"[0,1,3]",none
1,45,3,online_static_3step,0.08870530403405766,8130.738817227579,0.9243677600304205,0.35843286109183636,none,0.08053363493976162,8795,8796,8795,8796,80000.0,80007.09966915932,1.0000887458644914,budget_exhausted,2,"[0,1,3]",none
1,45,3,pizza_repartition,0.17193481624997484,7898.825299678783,0.8980019667665738,0.534576299262031,none,0.09492642355594438,8007,8008,8795,8796,80000.0,80002.50573577602,1.0000313216972003,budget_exhausted,2,"[0,1,3]",26ee3553378d22a304040a39c6c4f49214d9745efb74798d4695e6d22284c148
1,47,0,dynamic_evidence_3step,0.3773637803430731,6729.637573264462,0.7757507289065663,1.0,none,0.0,8518,8519,8674,8675,200000.0,200007.84238010593,1.0000392119005297,budget_exhausted,5,[],none
1,47,0,online_static_3step,0.2517237842927139,7196.665602370722,0.8295868129533973,1.0,none,0.0,8632,8633,8674,8675,200000.0,200008.67820161092,1.0000433910080546,budget_exhausted,5,[],none
1,47,0,pizza_repartition,0.3216151613168626,6981.193960290129,0.8047485833187469,1.0,none,0.0,8011,8012,8674,8675,200000.0,200004.037983838,1.00002018991919,budget_exhausted,5,[],1fab15a6b9da3b8b758550f8d4e3533cff416828c946835dd23bd72df7c832b8
1,47,1,dynamic_evidence_3step,0.2903488884312251,7101.848261533846,0.8186568601191754,0.7694137687704419,none,0.04290613121260911,8482,8483,8674,8675,160000.0,160010.7250089313,1.0000670313058206,budget_exhausted,4,[1],none
1,47,1,online_static_3step,0.17522013866162045,7641.551582141297,0.8808704993822821,0.6960809808018295,none,0.05128368642888481,8674,8675,8674,8675,160000.0,160009.510786018,1.0000594424126126,budget_exhausted,4,[1],none
1,47,1,pizza_repartition,0.2780586198190046,7224.610891320881,0.832808171910188,0.8645693775146841,none,0.028059588591441087,8011,8012,8674,8675,160000.0,160018.2874656149,1.000114296660093,budget_exhausted,4,[1],d6f6140d67e8e953e43ac0893f843216455238a267d45761aa0447a394f7be10
1,47,2,dynamic_evidence_3step,0.2687836704006268,7348.256345167296,0.8470612501633771,0.7122667420711846,none,0.07131052125681081,8517,8518,8674,8675,120000.0,120004.76520348551,1.000039710029046,budget_exhausted,3,"[1,0]",none
1,47,2,online_static_3step,0.1718195030087471,7662.52387581678,0.8832880548491965,0.6825715873115465,none,0.05370124189579917,8492,8493,8674,8675,120000.0,120000.79300482238,1.0000066083735197,budget_exhausted,3,"[1,0]",none
1,47,2,pizza_repartition,0.22659559871819196,7493.861406615388,0.8638456952870764,0.7045550893508556,none,0.05909711196832956,8010,8011,8674,8675,120000.0,120011.6975733923,1.0000974797782691,budget_exhausted,3,"[1,0]",52fb5d744140fda22b09a98220ec87119a3144a92f7dd71bf78b8b3a2ceaf43c
1,47,3,dynamic_evidence_3step,0.19500874833256013,7675.75371503241,0.8848131083610847,0.5167659391033014,none,0.10906237945451847,8507,8508,8674,8675,80000.0,80005.43277186135,1.000067909648267,budget_exhausted,2,"[1,0,4]",none
1,47,3,online_static_3step,0.0807848069411519,8081.236460558055,0.9315546352228306,0.320926396240779,none,0.10196782226943324,8274,8275,8674,8675,80000.0,80000.7607657878,1.0000095095723474,budget_exhausted,2,"[1,0,4]",none
1,47,3,pizza_repartition,0.17207434064847255,7797.839045878622,0.8988863453462388,0.5350318061620888,none,0.09413776202749191,8008,8009,8674,8675,80000.0,80009.57121464719,1.0001196401830899,budget_exhausted,2,"[1,0,4]",280b690b0e0b54dfa8276b11f7f025c77d805bd35b4e30030a344745f5cc5dd3
1,51,0,dynamic_evidence_3step,0.3677198777659623,6885.848531753724,0.7657749701683412,1.0,none,0.0,8502,8503,8991,8992,200000.0,200002.94216147493,1.0000147108073747,budget_exhausted,5,[],none
1,51,0,online_static_3step,0.21454791839451115,7466.869499362296,0.8303902912991877,1.0,none,0.0,8991,8992,8991,8992,200000.0,200011.84392272966,1.0000592196136484,budget_exhausted,5,[],none
1,51,0,pizza_repartition,0.32172059748516946,7195.873914342172,0.8002528819330706,1.0,none,0.0,8012,8013,8991,8992,200000.0,200008.0239598262,1.000040119799131,budget_exhausted,5,[],dee9e58c159c54f663182f6cd188561bada92b34466d5696ee16fab80e0aef54
1,51,1,dynamic_evidence_3step,0.3252513411232292,7157.3614722747625,0.7959699146213036,0.8845084554559693,none,0.030194944452962447,8526,8527,8991,8992,160000.0,160003.82428523226,1.0000239017827015,budget_exhausted,4,[1],none
1,51,1,online_static_3step,0.22535125551106516,7528.108620458286,0.8372006917769447,1.0503539591406748,none,0.006810400477756939,8879,8880,8991,8992,160000.0,160009.05108380463,1.000056569273779,budget_exhausted,4,[1],none
1,51,1,pizza_repartition,0.2780737726593401,7453.328916314805,0.8288844435403475,0.8643331351271614,none,0.028631561607276867,8011,8012,8991,8992,160000.0,160015.2189037634,1.0000951181485211,budget_exhausted,4,[1],5b2968a34c7d0cea5e63a43a344c10167e53378fcd20ed4d373c9885a7b24738
1,51,2,dynamic_evidence_3step,0.2308754154839815,7769.93417679352,0.8640941032910944,0.6278567720805227,none,0.0983191331227532,8529,8530,8991,8992,120000.0,120007.07029413703,1.0000589191178086,budget_exhausted,3,"[1,0]",none
1,51,2,online_static_3step,0.1475562430166513,7889.808060162516,0.8774252735945859,0.6877542514550273,none,0.04703498229539815,8801,8802,8991,8992,120000.0,120006.28491711475,1.0000523743092895,budget_exhausted,3,"[1,0]",none
1,51,2,pizza_repartition,0.2263882790149524,7740.133629988743,0.8607799855414527,0.7036797792388421,none,0.06052710360838209,8010,8011,8991,8992,120000.0,120013.38812734772,1.0001115677278976,budget_exhausted,3,"[1,0]",156c93d6d4087528d02eafe6958c3a4a4172f8b603aeb5955d303af148932261
1,51,3,dynamic_evidence_3step,0.20804236598925263,7874.315683118468,0.8757023668948474,0.5657631761796205,none,0.1099273967265062,8513,8514,8991,8992,80000.0,80000.2547452709,1.0000031843158863,budget_exhausted,2,"[1,0,4]",none
1,51,3,online_static_3step,0.16570074236132265,8016.696173743374,0.8915364961903218,0.772325099219242,none,0.06114620489113409,8506,8507,8991,8992,80000.0,80003.90564860591,1.000048820607574,budget_exhausted,2,"[1,0,4]",none
1,51,3,pizza_repartition,0.17207156163780682,8060.75489276632,0.8964362647649378,0.534847824425475,none,0.09618338283186711,8008,8009,8991,8992,80000.0,80003.33244863561,1.0000416556079452,budget_exhausted,2,"[1,0,4]",280b690b0e0b54dfa8276b11f7f025c77d805bd35b4e30030a344745f5cc5dd3
1,46,0,dynamic_evidence_3step,0.374802971135564,6921.563853244888,0.7621189003793094,1.0,none,0.0,8514,8515,9081,9082,200000.0,200018.33109351632,1.0000916554675816,budget_exhausted,5,[],none
1,46,0,online_static_3step,0.1767954918663161,7976.520015141986,0.8782779140213594,1.0,none,0.0,8790,8791,9081,9082,200000.0,200009.7638254951,1.0000488191274755,budget_exhausted,5,[],none
1,46,0,pizza_repartition,0.32182062604881595,7256.024568613817,0.7989456693034372,1.0,none,0.0,8012,8013,9081,9082,200000.0,200022.46397206202,1.0001123198603101,budget_exhausted,5,[],ae3e30ceecc5a136930208b786b7693ee1d00ee9991c1b8fcd1d34367e9f9a56
1,46,1,dynamic_evidence_3step,0.3281309581340962,7237.35333990276,0.7968898194123277,0.8754758724028716,none,0.03477091903301832,8512,8513,9081,9082,160000.0,160015.6251759411,1.0000976573496319,budget_exhausted,4,[3],none
1,46,1,online_static_3step,0.22916789003208388,7598.147664233279,0.8366161268699933,1.2962315249835055,none,-0.041661787151366036,8568,8569,9081,9082,160000.0,160014.88704859265,1.0000930440537041,budget_exhausted,4,[3],none
1,46,1,pizza_repartition,0.27814300291957905,7517.564718243443,0.8277433074480779,0.8642796030027871,none,0.028797638144640647,8011,8012,9081,9082,160000.0,160017.54481785293,1.000109655111581,budget_exhausted,4,[3],2a0ab38f6fc6bb3439c9b1f59c98ef5a9648ad3e7e333613af7d1f42c1a2c309
1,46,2,dynamic_evidence_3step,0.26809853863345623,7646.620465584768,0.8419533655125268,0.715305265113511,none,0.07983446513321735,8516,8517,9081,9082,120000.0,120008.42836085138,1.0000702363404281,budget_exhausted,3,"[3,4]",none
1,46,2,online_static_3step,0.12157580365987794,8123.520249866176,0.8944638020112503,0.6876634826854492,none,0.016185887989890957,8865,8866,9081,9082,120000.0,120009.03979274962,1.000075331606247,budget_exhausted,3,"[3,4]",none
1,46,2,pizza_repartition,0.22663623350669931,7807.8087098219485,0.8597014655166206,0.7042315350922274,none,0.06075579621318339,8010,8011,9081,9082,120000.0,120012.0579473535,1.0001004828946125,budget_exhausted,3,"[3,4]",3b76330b57ba40fc3467ebad36c02e0668dd2726072a6e6f74af25c61a12092e
1,46,3,dynamic_evidence_3step,0.2038541374994166,7941.970976408203,0.8744737917207887,0.5438968023166598,none,0.11235489134147925,8524,8525,9081,9082,80000.0,80003.92595905524,1.0000490744881905,budget_exhausted,2,"[3,4,2]",none
1,46,3,online_static_3step,0.08415342238692386,8428.513396560773,0.928045958661173,0.4759930329589878,none,0.04976804463981366,9081,9082,9081,9082,80000.0,80002.26807033698,1.0000283508792123,budget_exhausted,2,"[3,4,2]",none
1,46,3,pizza_repartition,0.17207194871541417,8135.029591282147,0.8957310714910974,0.5346827853392875,none,0.09678540218766019,8008,8009,9081,9082,80000.0,80005.11069409977,1.0000638836762472,budget_exhausted,2,"[3,4,2]",2f2bc0b30bed735fa9b98a729955d57b7b5a11eaa018f065423e464ab5a4dde1
1,44,0,dynamic_evidence_3step,0.3613313343116582,6904.017836789002,0.7761683908700396,1.0,none,0.0,8514,8515,8894,8895,200000.0,200019.76716977332,1.0000988358488665,budget_exhausted,5,[],none
1,44,0,online_static_3step,0.26026157173798364,7356.391111627143,0.8270254200817474,1.0,none,0.0,8894,8895,8894,8895,200000.0,200010.51521724148,1.0000525760862073,budget_exhausted,5,[],none
1,44,0,pizza_repartition,0.3217013612234914,7130.804991532677,0.8016644172605596,1.0,none,0.0,8011,8012,8894,8895,200000.0,200006.8951559725,1.0000344757798625,budget_exhausted,5,[],13a02d093eca8ead5aedbcb0dc00c470fe1dd7de60ea5776378352dd45e07b1b
1,44,1,dynamic_evidence_3step,0.2882170158320028,7275.23590437818,0.8179017318019314,0.7976529806944662,none,0.04173334093189174,8499,8500,8894,8895,160000.0,160017.5709024018,1.0001098181400114,budget_exhausted,4,[4],none
1,44,1,online_static_3step,0.17911855671543483,7811.187053245347,0.8781548120568125,0.6882251402668124,none,0.05112939197506505,8835,8836,8894,8895,160000.0,160006.3336237346,1.0000395851483412,budget_exhausted,4,[4],none
1,44,1,pizza_repartition,0.27807785393444273,7383.992876618249,0.830128485285919,0.8643975048065069,none,0.02846406802535939,8010,8011,8894,8895,160000.0,160003.80989509102,1.000023811844319,budget_exhausted,4,[4],c0c33a67eeae07ea74b720ce6a36220a53d9fc592d92f7f044082031613535bb
1,44,2,dynamic_evidence_3step,0.23564875267934815,7714.813137131752,0.8673201952930581,0.6521680527050406,none,0.09115180442301851,8497,8498,8894,8895,120000.0,120011.94274523114,1.000099522876926,budget_exhausted,3,"[4,1]",none
1,44,2,online_static_3step,0.1770006763399628,7817.204257414358,0.8788312824524293,0.6800876332144681,none,0.051805862370681854,8692,8693,8894,8895,120000.0,120003.70076813475,1.0000308397344562,budget_exhausted,3,"[4,1]",none
1,44,2,pizza_repartition,0.22647153743428786,7664.76854336567,0.8616940464716886,0.7039806626026498,none,0.060029629211128976,8010,8011,8894,8895,120000.0,120007.6489563417,1.0000637413028475,budget_exhausted,3,"[4,1]",02b990f496345e4b471c924f489de76deeec2d87ba261b3da6caa212b9aeaead
1,44,3,dynamic_evidence_3step,0.21926519830222088,7755.35613438066,0.871878148890462,0.6068258616981682,none,0.09570975802042236,8502,8503,8894,8895,80000.0,80005.54019212066,1.0000692524015082,budget_exhausted,2,"[4,1,3]",none
1,44,3,online_static_3step,0.16865098232035408,7922.177086238973,0.8906326122809414,0.6480057013186034,none,0.06360719219919397,8490,8491,8894,8895,80000.0,80004.26988840915,1.0000533736051145,budget_exhausted,2,"[4,1,3]",none
1,44,3,pizza_repartition,0.1720430877347435,7980.766316314461,0.8972193722669433,0.5347912955059654,none,0.09555495500638367,8008,8009,8894,8895,80000.0,80009.28824276633,1.000116103034579,budget_exhausted,2,"[4,1,3]",7f56b65c731fa8115c5e8dae88796506d35c94d4257153f02b0b122cf9d20f9c
1,43,0,dynamic_evidence_3step,0.3458148849355229,7081.423473367679,0.7933479132161864,1.0,none,0.0,8509,8510,8925,8926,200000.0,200010.7482981608,1.000053741490804,budget_exhausted,5,[],none
1,43,0,online_static_3step,0.22190124583161178,7550.873176118963,0.8459414268562584,1.0,none,0.0,8821,8822,8925,8926,200000.0,200019.8157083752,1.000099078541876,budget_exhausted,5,[],none
1,43,0,pizza_repartition,0.32169137167093576,7151.298198446801,0.8011761369534842,1.0,none,0.0,8012,8013,8925,8926,200000.0,200015.76915966393,1.0000788457983196,budget_exhausted,5,[],565f711767708b1482a1995dd1898e0f175b73d0c2a3c41c452faf2f4115b121
1,43,1,dynamic_evidence_3step,0.3200175084096423,7224.52778444486,0.8093802133592718,0.925401196855102,none,0.01603230014308543,8513,8514,8925,8926,160000.0,160000.86496908526,1.000005406056783,budget_exhausted,4,[2],none
1,43,1,online_static_3step,0.20199144086057122,7645.998358539991,0.8565985165292395,0.9102762812510347,none,0.010657089672981068,8925,8926,8925,8926,160000.0,160009.9021065437,1.0000618881658982,budget_exhausted,4,[2],none
1,43,1,pizza_repartition,0.27803056587510905,7405.957685796673,0.8297062161994928,0.8642773489104079,none,0.02853007924600859,8011,8012,8925,8926,160000.0,160013.3058816297,1.0000831617601855,budget_exhausted,4,[2],bba9b3c28f59045a48c82bf690ee9fc01f0e1eebf67a25259c643c1359571a92
1,43,2,dynamic_evidence_3step,0.24796435284041085,7640.57654990032,0.8559910990253552,0.71704360813342,none,0.06264318580916883,8504,8505,8925,8926,120000.0,120013.28365532505,1.0001106971277087,budget_exhausted,3,"[2,4]",none
1,43,2,online_static_3step,0.19683092395130708,7713.411295788686,0.8641509405992255,0.8870203644582999,none,0.018209513742967087,8864,8865,8925,8926,120000.0,120005.97219431165,1.0000497682859304,budget_exhausted,3,"[2,4]",none
1,43,2,pizza_repartition,0.22633151358594222,7689.4278864151265,0.8614640249176705,0.7035672495980435,none,0.06028788796418627,8009,8010,8925,8926,120000.0,120000.04061819521,1.00000033848496,budget_exhausted,3,"[2,4]",e4000d9e9cc1745f8d03a9026ac71b664dea2ee4184433bae682f23bea874d45
1,43,3,dynamic_evidence_3step,0.19627101897080035,7905.974260578087,0.8857242057560034,0.5675609336694545,none,0.09237629253981705,8512,8513,8925,8926,80000.0,80001.08655291895,1.0000135819114868,budget_exhausted,2,"[2,4,3]",none
1,43,3,online_static_3step,0.17213539281784246,7932.203620870617,0.8886627404067462,0.7757297268554599,none,0.042721313550487805,8746,8747,8925,8926,80000.0,80003.15158566707,1.0000393948208384,budget_exhausted,2,"[2,4,3]",none
1,43,3,pizza_repartition,0.1718837686117834,8006.823875472489,0.89702261656649,0.5343126479239443,none,0.09584647961300574,8007,8008,8925,8926,80000.0,80000.23360598685,1.0000029200748357,budget_exhausted,2,"[2,4,3]",d4cc8594cb909404258d65952cf35e63ada8bf0b03ff172b2fdde6d17deffdd5
1,48,0,dynamic_evidence_3step,0.35527271287865775,7034.093623311659,0.775106735351147,1.0,none,0.0,8528,8529,9074,9075,200000.0,200002.21305559896,1.0000110652779948,budget_exhausted,5,[],none
1,48,0,online_static_3step,0.2375388696647806,7513.242772590023,0.8279055396793414,1.0,none,0.0,8946,8947,9074,9075,200000.0,200015.44283756177,1.000077214187809,budget_exhausted,5,[],none
1,48,0,pizza_repartition,0.32161614527571597,7253.283093744114,0.7992598450406737,1.0,none,0.0,8011,8012,9074,9075,200000.0,200003.5108209963,1.0000175541049816,budget_exhausted,5,[],c09afa85b468c109db25be9adec4bf4414c40f481d6bb93e401a80c54a1b6f73
1,48,1,dynamic_evidence_3step,0.3241295759033977,7259.981204705402,0.7999979288931572,0.9123401943174372,none,0.024891193542010193,8503,8504,9074,9075,160000.0,160001.32880841664,1.000008305052604,budget_exhausted,4,[3],none
1,48,1,online_static_3step,0.1513279218414546,7911.726966541429,0.8718156436960252,0.6370659339038341,none,0.043910104016683715,9074,9075,9074,9075,160000.0,160010.55489330797,1.0000659680831747,budget_exhausted,4,[3],none
1,48,1,pizza_repartition,0.2780017374801992,7513.85689164594,0.8279732112006545,0.8643898683689312,none,0.02871336615998077,8010,8011,9074,9075,160000.0,160002.8630406767,1.0000178940042292,budget_exhausted,4,[3],4ba4fbc791f2640bb1e34fc13591ce049a3e7c1c3b5cc8305be7099110d38a62
1,48,2,dynamic_evidence_3step,0.23977279080338515,7695.267537918435,0.8479633650598826,0.6748978520207342,none,0.07285662970873552,8504,8505,9074,9075,120000.0,120013.94989923193,1.000116249160266,budget_exhausted,3,"[3,2]",none
1,48,2,online_static_3step,0.17293706919315838,8006.37443526456,0.8822451168335603,0.7280369290180191,none,0.05433957715421889,8720,8721,9074,9075,120000.0,120002.46667892879,1.00002055565774,budget_exhausted,3,"[3,2]",none
1,48,2,pizza_repartition,0.2264746864643477,7803.752743744583,0.8599176577129017,0.7041769817562948,none,0.06065781267222803,8010,8011,9074,9075,120000.0,120013.66810744756,1.0001139008953963,budget_exhausted,3,"[3,2]",478e4f90c59a8560fe57db0fac9ee7b6049a3f68cd679a4eec73470c7813c78f
1,48,3,dynamic_evidence_3step,0.19400854880990598,8014.395206331401,0.8831289483560772,0.5460834501977893,none,0.1080222130049302,8523,8524,9074,9075,80000.0,80000.03518407595,1.0000004398009494,budget_exhausted,2,"[3,2,0]",none
1,48,3,online_static_3step,0.16990146800275605,8072.0278216749175,0.8894796497713408,0.7152575418184158,none,0.06157411009199931,8761,8762,9074,9075,80000.0,80006.2888498529,1.0000786106231614,budget_exhausted,2,"[3,2,0]",none
1,48,3,pizza_repartition,0.17208593993616572,8129.220319561962,0.8957818533952575,0.5350662349013586,none,0.0965220083545838,8008,8009,9074,9075,80000.0,80008.0322261893,1.0001004028273663,budget_exhausted,2,"[3,2,0]",5ac4637e09721ad2893258aa81306b30f59de46ded16b0eb3307941523e08c25
5,43,0,dynamic_evidence_3step,0.28906179918546593,7278.925133394426,0.8243403322077493,1.0,none,0.0,8533,8534,8829,8830,200000.0,200015.35769533712,1.0000767884766857,budget_exhausted,5,[],none
5,43,0,online_static_3step,0.19438429139566105,7665.991744088783,0.8681757354573933,1.0,none,0.0,8607,8608,8829,8830,200000.0,200015.39450491857,1.0000769725245928,budget_exhausted,5,[],none
5,43,0,pizza_repartition,0.28092505400191653,7285.689449459755,0.8251063929172996,1.0,none,0.0,8011,8012,8829,8830,200000.0,200002.40828300625,1.0000120414150313,budget_exhausted,5,[],565f711767708b1482a1995dd1898e0f175b73d0c2a3c41c452faf2f4115b121
5,43,1,dynamic_evidence_3step,0.25467686626652875,7476.719155639118,0.8467405612275332,0.8810464301549741,none,0.02240022901978389,8545,8546,8829,8830,160000.0,160002.47789738604,1.0000154868586628,budget_exhausted,4,[3],none
5,43,1,online_static_3step,0.12944516790481206,8062.508373771753,0.9130813560330411,0.6659240156465723,none,0.04490562057564773,8829,8830,8829,8830,160000.0,160001.98398979782,1.0000123999362365,budget_exhausted,4,[3],none
5,43,1,pizza_repartition,0.24509867567425714,7499.463331572325,0.8493163455914298,0.8724699779628236,none,0.024209952674130175,8011,8012,8829,8830,160000.0,160017.66079297534,1.0001103799560958,budget_exhausted,4,[3],abb3ae2ea2ee8e7214bba682d81bbc091a27e5a9fb043a42f044326b12720cc3
5,43,2,dynamic_evidence_3step,0.20711435626267632,7732.394265859278,0.8756958398481628,0.7165054560868798,none,0.05135550764041352,8534,8535,8829,8830,120000.0,120006.51952644058,1.0000543293870048,budget_exhausted,3,"[3,0]",none
5,43,2,online_static_3step,0.1317148921343082,8042.996714705313,0.9108716551195145,0.6776004953312204,none,0.04269591966212116,8711,8712,8829,8830,120000.0,120014.79320188807,1.0001232766824006,budget_exhausted,3,"[3,0]",none
5,43,2,pizza_repartition,0.2029118620105323,7742.18289587136,0.876804404968444,0.7222989160986261,none,0.05169801205114444,8010,8011,8829,8830,120000.0,120011.17429095779,1.000093119091315,budget_exhausted,3,"[3,0]",d8205d30471242452bc0ca46199549291c0dede64410b4949f00f06c615e193c
5,43,3,dynamic_evidence_3step,0.15609256390026938,8032.544341609418,0.9096879209070688,0.5399972059266064,none,0.08534758869931958,8561,8562,8829,8830,80000.0,80002.23663431888,1.000027957928986,budget_exhausted,2,"[3,0,2]",none
5,43,3,online_static_3step,0.11640233792854755,8156.531627057732,0.9237295160880784,0.5988258469487923,none,0.05555378063068506,8387,8388,8829,8830,80000.0,80005.17174999979,1.0000646468749974,budget_exhausted,2,"[3,0,2]",none
5,43,3,pizza_repartition,0.15511254520655515,8024.4249090880485,0.9087683928752037,0.5521492049103492,none,0.08366199995790413,8008,8009,8829,8830,80000.0,80007.44888070473,1.0000931110088092,budget_exhausted,2,"[3,0,2]",9dc284199ee3c047db254e9e43b7576c0afbfedb703aef34f2d0bce9f110296c
5,42,0,dynamic_evidence_3step,0.28290324986669824,7232.1944597160045,0.827671602164798,1.0,none,0.0,8535,8536,8737,8738,200000.0,200004.38902980025,1.0000219451490013,budget_exhausted,5,[],none
5,42,0,online_static_3step,0.1998518531096185,7470.135066972704,0.8549021591866222,1.0,none,0.0,8640,8641,8737,8738,200000.0,200019.17558810007,1.0000958779405003,budget_exhausted,5,[],none
5,42,0,pizza_repartition,0.28070299010501487,7222.013529331615,0.8265064693673169,1.0,none,0.0,8011,8012,8737,8738,200000.0,200011.1810343238,1.000055905171619,budget_exhausted,5,[],204aabaa1616ca707a2c1d4296b87bcc4248e4499b1038aee72c8fc46a37a48c
5,42,1,dynamic_evidence_3step,0.2415067182850677,7453.107863137376,0.8529535206154012,0.8536724777776987,none,0.025281918450603236,8554,8555,8737,8738,160000.0,160007.4821219762,1.0000467632623513,budget_exhausted,4,[3],none
5,42,1,online_static_3step,0.16696357027726438,7682.634884416536,0.8792212044422678,0.8354366881236025,none,0.024319045255645655,8617,8618,8737,8738,160000.0,160010.88719865418,1.0000680449915886,budget_exhausted,4,[3],none
5,42,1,pizza_repartition,0.24505166298628553,7431.261175711318,0.8504533275018675,0.8729927062572732,none,0.023946858134550664,8010,8011,8737,8738,160000.0,160007.09846185916,1.0000443653866198,budget_exhausted,4,[3],35a881cb2a4c73aa5fa284a47b2dc8df89f7758047788214c79c408cd8468aa6
5,42,2,dynamic_evidence_3step,0.1840854623009938,7727.781565558748,0.8843879109131092,0.6507011226902957,none,0.05671630874831124,8543,8544,8737,8738,120000.0,120009.13530388224,1.000076127532352,budget_exhausted,3,"[3,4]",none
5,42,2,online_static_3step,0.19208249231828606,7685.54409944198,0.8795541427605836,0.9611243995467434,none,0.024651983573961478,8492,8493,8737,8738,120000.0,120001.59810847041,1.0000133175705868,budget_exhausted,3,"[3,4]",none
5,42,2,pizza_repartition,0.20285601048361795,7669.672875761996,0.8777377976381319,0.7226713559685514,none,0.051231328270815,8010,8011,8737,8738,120000.0,120010.44835174561,1.00008706959788,budget_exhausted,3,"[3,4]",f6aea97c040a5c453c6bcea020c2227a2c9844a39a20a0057ce323817c583ab2
5,42,3,dynamic_evidence_3step,0.1513053098922464,8017.212402892411,0.9175111470465107,0.5348305824112669,none,0.08983954488171275,8591,8592,8737,8738,80000.0,80001.85927848575,1.0000232409810719,budget_exhausted,2,"[3,4,2]",none
5,42,3,online_static_3step,0.12199193233731864,8033.481046600121,0.919372973975752,0.6104118147476282,none,0.06447081478912986,8737,8738,8737,8738,80000.0,80008.39195317615,1.000104899414702,budget_exhausted,2,"[3,4,2]",none
5,42,3,pizza_repartition,0.15511116055040097,7946.767760398626,0.9094492744791286,0.5525810768612466,none,0.08294280511181173,8007,8008,8737,8738,80000.0,80000.09898430697,1.0000012373038372,budget_exhausted,2,"[3,4,2]",d4cc8594cb909404258d65952cf35e63ada8bf0b03ff172b2fdde6d17deffdd5
5,49,0,dynamic_evidence_3step,0.2545819580593254,7306.08358370126,0.8346947999201714,1.0,none,0.0,8546,8547,8752,8753,200000.0,200017.49745790506,1.0000874872895253,budget_exhausted,5,[],none
5,49,0,online_static_3step,0.2045443855237779,7560.513240492397,0.8637625089103618,1.0,none,0.0,8596,8597,8752,8753,200000.0,200016.35384331355,1.0000817692165678,budget_exhausted,5,[],none
5,49,0,pizza_repartition,0.28083527914902634,7231.234120560915,0.8261435074329846,1.0,none,0.0,8011,8012,8752,8753,200000.0,200005.04612614753,1.0000252306307376,budget_exhausted,5,[],1857f2c34acf13f50e15d645acc088f7c229096aed22930214d37ca87deb9235
5,49,1,dynamic_evidence_3step,0.24825453663837882,7430.830205921087,0.848946670389705,0.9751458372416475,none,0.014251870469533579,8528,8529,8752,8753,160000.0,160007.98348006193,1.000049896750387,budget_exhausted,4,[0],none
5,49,1,online_static_3step,0.12618203960404314,7834.112243426976,0.8950202494489862,0.6168931954838462,none,0.0312577405386244,8752,8753,8752,8753,160000.0,160001.0604507255,1.0000066278170343,budget_exhausted,4,[0],none
5,49,1,pizza_repartition,0.245096650776003,7441.46012680829,0.8501611021145081,0.8727416709135803,none,0.024017594681523535,8010,8011,8752,8753,160000.0,160001.03222042153,1.0000064513776346,budget_exhausted,4,[0],6e85ed91b4cc7837d010fa8bb4e11e4ed399f283e8696a01f9983def60551e1e
5,49,2,dynamic_evidence_3step,0.20042712286171058,7694.32289495344,0.8790497994919958,0.7872793672794556,none,0.04435499957182443,8504,8505,8752,8753,120000.0,120002.01277646581,1.0000167731372152,budget_exhausted,3,"[0,2]",none
5,49,2,online_static_3step,0.15158993653255665,7827.160194675558,0.8942260019051249,0.7411102296666784,none,0.03046349299476314,8577,8578,8752,8753,120000.0,120011.26202899635,1.0000938502416363,budget_exhausted,3,"[0,2]",none
5,49,2,pizza_repartition,0.20286854490025236,7681.227084220706,0.8775536483743523,0.722375570174,none,0.051410140941367755,8010,8011,8752,8753,120000.0,120008.63482846522,1.0000719569038767,budget_exhausted,3,"[0,2]",964ca46957dbbbbe9fa7ca6b7fdc179baf499833a33076d674074f113331abdf
5,49,3,dynamic_evidence_3step,0.16028297068027064,7940.701182047037,0.9071976673194375,0.6295928112978054,none,0.07250286739926615,8525,8526,8752,8753,80000.0,80003.42491269394,1.0000428114086743,budget_exhausted,2,"[0,2,3]",none
5,49,3,online_static_3step,0.11133508402546685,8147.576086718132,0.9308324102271371,0.5443076999662958,none,0.06706990131677537,8539,8540,8752,8753,80000.0,80004.52183198388,1.0000565228997984,budget_exhausted,2,"[0,2,3]",none
5,49,3,pizza_repartition,0.1551025179152551,7958.746324787843,0.90925926251432,0.5522900056760651,none,0.0831157550813354,8007,8008,8752,8753,80000.0,80001.59775808678,1.0000199719760847,budget_exhausted,2,"[0,2,3]",5ac4637e09721ad2893258aa81306b30f59de46ded16b0eb3307941523e08c25
5,47,0,dynamic_evidence_3step,0.28038048247156666,7415.652034050604,0.822772887390503,1.0,none,0.0,8528,8529,9012,9013,200000.0,200024.7453703069,1.0001237268515344,budget_exhausted,5,[],none
5,47,0,online_static_3step,0.15533674154114518,7939.083694050276,0.8808480743426468,1.0,none,0.0,9012,9013,9012,9013,200000.0,200012.46396461685,1.0000623198230842,budget_exhausted,5,[],none
5,47,0,pizza_repartition,0.28089256663132095,7417.639378917189,0.8229933849902573,1.0,none,0.0,8012,8013,9012,9013,200000.0,200012.22439650897,1.0000611219825448,budget_exhausted,5,[],1fab15a6b9da3b8b758550f8d4e3533cff416828c946835dd23bd72df7c832b8
5,47,1,dynamic_evidence_3step,0.2461361054965971,7635.81315507477,0.8471999506351682,0.8778646192734108,none,0.024427063244665148,8545,8546,9012,9013,160000.0,160011.31097329443,1.00007069358309,budget_exhausted,4,[0],none
5,47,1,online_static_3step,0.15073054330471278,7994.043556846243,0.8869459177683615,0.9703470139084105,none,0.006097843425714733,8686,8687,9012,9013,160000.0,160015.9994223784,1.000099996389865,budget_exhausted,4,[0],none
5,47,1,pizza_repartition,0.24508003370831843,7637.912824893683,0.8474329107837216,0.8725045188895745,none,0.024439525793464312,8011,8012,9012,9013,160000.0,160007.8206849768,1.0000488792811049,budget_exhausted,4,[0],db22d96c578ac5362d4b373302b08f1f951eddb4ed7ee6a47d37c23fe32c4cea
5,47,2,dynamic_evidence_3step,0.21334606420023428,7869.453751541258,0.8731225731211869,0.7609162460938046,none,0.05034968573068388,8549,8550,9012,9013,120000.0,120000.71201821227,1.0000059334851024,budget_exhausted,3,"[0,2]",none
5,47,2,online_static_3step,0.09527876677457393,8286.735773734265,0.9194203676616293,0.6133691606331059,none,0.03857229331898249,8862,8863,9012,9013,120000.0,120011.81299843188,1.000098441653599,budget_exhausted,3,"[0,2]",none
5,47,2,pizza_repartition,0.20299457613369157,7887.179929742809,0.8750893076381681,0.7226769243777369,none,0.05209592264791074,8010,8011,9012,9013,120000.0,120010.79405443162,1.000089950453597,budget_exhausted,3,"[0,2]",964ca46957dbbbbe9fa7ca6b7fdc179baf499833a33076d674074f113331abdf
5,47,3,dynamic_evidence_3step,0.1602025223027161,8159.726074138612,0.9053285336889617,0.571375442721703,none,0.08255564629845868,8525,8526,9012,9013,80000.0,80008.3793891735,1.0001047423646687,budget_exhausted,2,"[0,2,3]",none
5,47,3,online_static_3step,0.11134355255988243,8378.68728392155,0.929622465762959,0.7167882592051801,none,0.04877439142031226,8539,8540,9012,9013,80000.0,80009.47630846346,1.0001184538557932,budget_exhausted,2,"[0,2,3]",none
5,47,3,pizza_repartition,0.15511790741613568,8178.038135553399,0.9073602724457338,0.5522321550777529,none,0.08436688745547649,8008,8009,9012,9013,80000.0,80007.06634047092,1.0000883292558864,budget_exhausted,2,"[0,2,3]",9dc284199ee3c047db254e9e43b7576c0afbfedb703aef34f2d0bce9f110296c
5,48,0,dynamic_evidence_3step,0.27498983700794455,7323.277929565602,0.8300212999620993,1.0,none,0.0,8545,8546,8822,8823,200000.0,200009.38905670436,1.0000469452835217,budget_exhausted,5,[],none
5,48,0,online_static_3step,0.20833522997683382,7513.2369179647685,0.8515512771126339,1.0,none,0.0,8822,8823,8822,8823,200000.0,200010.6923069526,1.0000534615347632,budget_exhausted,5,[],none
5,48,0,pizza_repartition,0.2807074622678873,7282.605138511408,0.8254114403843826,1.0,none,0.0,8011,8012,8822,8823,200000.0,200009.03321138062,1.0000451660569032,budget_exhausted,5,[],f1e2d5a1d0e50b2cd665d4c201166c11c7ee6832f94f1228b66b3c95cace34db
5,48,1,dynamic_evidence_3step,0.2403697609197269,7527.789217224281,0.8532006366569512,0.874104161575915,none,0.02317933669485195,8550,8551,8822,8823,160000.0,160002.56910153333,1.0000160568845833,budget_exhausted,4,[4],none
5,48,1,online_static_3step,0.183611541476529,7705.351156902265,0.8733255306474289,0.8813273755809135,none,0.021774253534795007,8628,8629,8822,8823,160000.0,160000.57180198398,1.0000035737624,budget_exhausted,4,[4],none
5,48,1,pizza_repartition,0.24502988648049287,7495.411668821676,0.8495309609907827,0.872901220725845,none,0.024119520606400102,8010,8011,8822,8823,160000.0,160000.87255076814,1.0000054534423009,budget_exhausted,4,[4],ed43f1107d0f224afa50dcb743d2c48eec521ed0df6e1a9dae28731ff58cb15a
5,48,2,dynamic_evidence_3step,0.20051333989903802,7763.819501027738,0.8799523405902457,0.7291663651309598,none,0.04993104062814646,8541,8542,8822,8823,120000.0,120004.42090785671,1.0000368408988058,budget_exhausted,3,"[4,1]",none
5,48,2,online_static_3step,0.13042695720184994,8034.44834987291,0.9106254505126272,0.6260436951366938,none,0.059074173399993324,8686,8687,8822,8823,120000.0,120001.54885639506,1.0000129071366255,budget_exhausted,3,"[4,1]",none
5,48,2,pizza_repartition,0.2028400554555344,7737.375934416035,0.8769552232138769,0.7226030039128716,none,0.051543782829494234,8010,8011,8822,8823,120000.0,120010.00385991027,1.0000833654992523,budget_exhausted,3,"[4,1]",1bc7674aada3d3ccea6005e7eabe6adc8afc751ab8afd2fc1a2c8797efba087e
5,48,3,dynamic_evidence_3step,0.16018566827149283,7999.963109829312,0.906716888793983,0.5825148667834769,none,0.07669558883188377,8524,8525,8822,8823,80000.0,80000.79247471603,1.0000099059339504,budget_exhausted,2,"[4,1,3]",none
5,48,3,online_static_3step,0.11120875747742387,8210.585527830926,0.9305888618192142,0.5337971762614989,none,0.07903758470658029,8539,8540,8822,8823,80000.0,80004.52183198386,1.0000565228997982,budget_exhausted,2,"[4,1,3]",none
5,48,3,pizza_repartition,0.1551121068401272,8018.576389583501,0.908826520410688,0.5525756443628107,none,0.08341508002630538,8007,8008,8822,8823,80000.0,80001.12787587926,1.0000140984484909,budget_exhausted,2,"[4,1,3]",2abe3514da153818740655c425e4d2ef3dba78e470d00585ae16c403f04250e4
5,46,0,dynamic_evidence_3step,0.2602977126680589,7287.901356512458,0.8374972829823555,1.0,none,0.0,8524,8525,8701,8702,200000.0,200000.06424370466,1.0000003212185233,budget_exhausted,5,[],none
5,46,0,online_static_3step,0.1317809783737669,7778.612832881391,0.8938879375869215,1.0,none,0.0,8701,8702,8701,8702,200000.0,200001.3452261932,1.000006726130966,budget_exhausted,5,[],none
5,46,0,pizza_repartition,0.28082331621729484,7194.735465629215,0.8267910211019552,1.0,none,0.0,8012,8013,8701,8702,200000.0,200014.84617339322,1.0000742308669661,budget_exhausted,5,[],dee9e58c159c54f663182f6cd188561bada92b34466d5696ee16fab80e0aef54
5,46,1,dynamic_evidence_3step,0.25156463483200764,7394.444073817821,0.8497407577359022,0.966449655870822,none,0.012243474753546701,8530,8531,8701,8702,160000.0,160011.12095300306,1.0000695059562692,budget_exhausted,4,[4],none
5,46,1,online_static_3step,0.1356259898268753,7784.937378634227,0.8946147297901892,1.0291772871969647,none,0.0007267922032676566,8668,8669,8701,8702,160000.0,160003.89809438243,1.0000243630898902,budget_exhausted,4,[4],none
5,46,1,pizza_repartition,0.24506874688785385,7403.371947461207,0.8507667142566315,0.872679484698575,none,0.023975693154676292,8011,8012,8701,8702,160000.0,160014.04179869196,1.0000877612418249,budget_exhausted,4,[4],b34454483f29bda8398424a2dbb0063f54fc76ca4b40c7707f1c2d8a02dfb3b1
5,46,2,dynamic_evidence_3step,0.21143325866657725,7629.276649987906,0.8767268041815567,0.8122747468634295,none,0.0392295211992012,8533,8534,8701,8702,120000.0,120001.42847940038,1.000011903995003,budget_exhausted,3,"[4,1]",none
5,46,2,online_static_3step,0.11036777250462546,7962.4226969627625,0.9150106523744843,0.8375091296681093,none,0.02112271478756278,8622,8623,8701,8702,120000.0,120004.20280365356,1.0000350233637796,budget_exhausted,3,"[4,1]",none
5,46,2,pizza_repartition,0.2029981552694623,7639.39124405898,0.8778891339989635,0.7228678800744125,none,0.051098112897008274,8010,8011,8701,8702,120000.0,120012.91090883664,1.0001075909069719,budget_exhausted,3,"[4,1]",02b990f496345e4b471c924f489de76deeec2d87ba261b3da6caa212b9aeaead
5,46,3,dynamic_evidence_3step,0.1559271299588802,7915.579422521633,0.909627605438018,0.5990338077143388,none,0.07213032245566253,8558,8559,8701,8702,80000.0,80008.25045751488,1.0001031307189359,budget_exhausted,2,"[4,1,0]",none
5,46,3,online_static_3step,0.15837245091022564,7901.070034556497,0.9079602429966097,1.2017853628392259,none,0.01407230540968818,8522,8523,8701,8702,80000.0,80007.25754418848,1.000090719302356,budget_exhausted,2,"[4,1,0]",none
5,46,3,pizza_repartition,0.15507302023896335,7915.955212089814,0.9096707897138375,0.5522084929691924,none,0.08287976861188229,8008,8009,8701,8702,80000.0,80005.24969715756,1.0000656212144694,budget_exhausted,2,"[4,1,0]",280b690b0e0b54dfa8276b11f7f025c77d805bd35b4e30030a344745f5cc5dd3
5,44,0,dynamic_evidence_3step,0.25324325774305206,7394.3112138331135,0.8294235797905904,1.0,none,0.0,8503,8504,8914,8915,200000.0,200002.6271191266,1.000013135595633,budget_exhausted,5,[],none
5,44,0,online_static_3step,0.16293840736329232,7752.515569308963,0.8696035411451445,1.0,none,0.0,8832,8833,8914,8915,200000.0,200017.67106943423,1.000088355347171,budget_exhausted,5,[],none
5,44,0,pizza_repartition,0.28078384121496036,7348.474289714902,0.8242820291323502,1.0,none,0.0,8012,8013,8914,8915,200000.0,200024.29240198992,1.0001214620099497,budget_exhausted,5,[],1857f2c34acf13f50e15d645acc088f7c229096aed22930214d37ca87deb9235
5,44,1,dynamic_evidence_3step,0.23430675595942507,7627.620413213896,0.8555939891434544,0.9252240634068903,none,0.026170409352863966,8540,8541,8914,8915,160000.0,160012.96661076983,1.0000810413173113,budget_exhausted,4,[2],none
5,44,1,online_static_3step,0.15212172752246908,7938.419654723174,0.8904564952017021,0.933614916115474,none,0.020852954056557627,8884,8885,8914,8915,160000.0,160016.73702264903,1.0001046063915564,budget_exhausted,4,[2],none
5,44,1,pizza_repartition,0.24506341195474496,7564.307730119684,0.8484921738776987,0.8727831733277385,none,0.02421014474534855,8010,8011,8914,8915,160000.0,160002.08541241894,1.0000130338276183,budget_exhausted,4,[2],bbef5bc8de89176aa6ce6ff2b9d9fefd33af482ea97645de6ba7a9ca900e8589
5,44,2,dynamic_evidence_3step,0.20289807996287756,7834.127323239606,0.8787579723207635,0.8011983488569074,none,0.04933439253017302,8530,8531,8914,8915,120000.0,120006.89609890383,1.0000574674908653,budget_exhausted,3,"[2,1]",none
5,44,2,online_static_3step,0.1301839668942288,8022.747834689827,0.899915629241708,0.7989765519431323,none,0.030312088096563494,8914,8915,8914,8915,120000.0,120004.50558464031,1.0000375465386693,budget_exhausted,3,"[2,1]",none
5,44,2,pizza_repartition,0.2029329117074372,7809.793828161203,0.8760284720315427,0.7227371448062688,none,0.0517464428991925,8010,8011,8914,8915,120000.0,120005.64484873164,1.000047040406097,budget_exhausted,3,"[2,1]",8cb713b0d38412c055fdff516a72263e09b599e4406ae2602c751c39fd85c817
5,44,3,dynamic_evidence_3step,0.15540316410890825,8112.242088514181,0.9099542443650231,0.6136517334909062,none,0.0805306645744327,8516,8517,8914,8915,80000.0,80001.47545772576,1.000018443221572,budget_exhausted,2,"[2,1,3]",none
5,44,3,online_static_3step,0.0872070597088888,8289.497121040928,0.9298370298419436,0.5352148773275373,none,0.06023348869679912,8711,8712,8914,8915,80000.0,80001.48460737838,1.0000185575922298,budget_exhausted,2,"[2,1,3]",none
5,44,3,pizza_repartition,0.1550872787210683,8096.022779623086,0.9081349163906994,0.5523369081710716,none,0.08385288725834927,8008,8009,8914,8915,80000.0,80008.72909531038,1.0001091136913798,budget_exhausted,2,"[2,1,3]",360beb47f36dbe81ab96ef65959893c3863487e8654df1ed466e9c69f3457f55
5,45,0,dynamic_evidence_3step,0.28116512655714165,7365.756592911909,0.8260352801291813,1.0,none,0.0,8541,8542,8916,8917,200000.0,200006.06550075082,1.000030327503754,budget_exhausted,5,[],none
5,45,0,online_static_3step,0.21654848075032068,7506.736661161891,0.8418455378672077,1.0,none,0.0,8739,8740,8916,8917,200000.0,200007.62520904324,1.0000381260452162,budget_exhausted,5,[],none
5,45,0,pizza_repartition,0.2807292947798077,7350.169636609863,0.8242872756094946,1.0,none,0.0,8011,8012,8916,8917,200000.0,200011.08536248247,1.0000554268124124,budget_exhausted,5,[],1078b6655e6f2d472700d86864c096290a9f422288cc52c829b2a32149ac21ea
5,45,1,dynamic_evidence_3step,0.2566028078816239,7571.658014432569,0.8491261651264516,0.9126409488392724,none,0.0230908849972703,8530,8531,8916,8917,160000.0,160002.51977093512,1.0000157485683445,budget_exhausted,4,[2],none
5,45,1,online_static_3step,0.11205953386972947,8052.070436512006,0.9030021797142543,0.5174801203012528,none,0.06115664184704661,8916,8917,8916,8917,160000.0,160012.47734098716,1.0000779833811697,budget_exhausted,4,[2],none
5,45,1,pizza_repartition,0.24506272621268915,7565.923159359896,0.848483027852405,0.8729503146613399,none,0.024195752242910484,8010,8011,8916,8917,160000.0,160009.64452223247,1.000060278263953,budget_exhausted,4,[2],825353b1580c6c7014efe9bd525e7c1ac34f3ebc6f9d2b38196b587cd3c5d3e6
5,45,2,dynamic_evidence_3step,0.1940775567011224,7819.4088782489025,0.8769102700738929,0.6902618367988809,none,0.050874989944711624,8540,8541,8916,8917,120000.0,120001.74294635862,1.0000145245529886,budget_exhausted,3,"[2,3]",none
5,45,2,online_static_3step,0.13268903545182992,8021.506825950854,0.8995746132052096,0.6127451690821129,none,0.05772907533800187,8548,8549,8916,8917,120000.0,120006.85769133213,1.0000571474277677,budget_exhausted,3,"[2,3]",none
5,45,2,pizza_repartition,0.20285201716535273,7812.036122071687,0.8760834498229996,0.72258941598689,none,0.05179617421350502,8010,8011,8916,8917,120000.0,120010.65025003871,1.0000887520836559,budget_exhausted,3,"[2,3]",8fe16a94ebedbc3f070632f01aaa6fc61d11f430cccedfc137f3c1d399b26923
5,45,3,dynamic_evidence_3step,0.1611535926644214,8089.414745476573,0.9071901699536361,0.5731635165347218,none,0.08115488982445485,8540,8541,8916,8917,80000.0,80003.01905973774,1.0000377382467218,budget_exhausted,2,"[2,3,4]",none
5,45,3,online_static_3step,0.11717945990319154,8213.627593971141,0.9211200621252822,0.5411234449541065,none,0.07927452425807446,8509,8510,8916,8917,80000.0,80004.33181169043,1.0000541476461304,budget_exhausted,2,"[2,3,4]",none
5,45,3,pizza_repartition,0.15513134783089122,8097.676710850366,0.9081167108725319,0.5526012094768014,none,0.08382943526303732,8007,8008,8916,8917,80000.0,80003.95318103413,1.0000494147629266,budget_exhausted,2,"[2,3,4]",d4cc8594cb909404258d65952cf35e63ada8bf0b03ff172b2fdde6d17deffdd5
5,50,0,dynamic_evidence_3step,0.26580813366909434,7406.8109630772415,0.829244398015813,1.0,none,0.0,8521,8522,8931,8932,200000.0,200006.7242359709,1.0000336211798546,budget_exhausted,5,[],none
5,50,0,online_static_3step,0.11072209735822672,8086.451042205771,0.9053348681376815,1.0,none,0.0,8824,8825,8931,8932,200000.0,200005.56098007655,1.0000278049003828,budget_exhausted,5,[],none
5,50,0,pizza_repartition,0.280800181138421,7360.489453746829,0.8240583804015706,1.0,none,0.0,8012,8013,8931,8932,200000.0,200013.93790403218,1.0000696895201608,budget_exhausted,5,[],411a3c6603f6ee07acaa9879b3f9db4904e22b2421d12f43dd8b99994a2262a3
5,50,1,dynamic_evidence_3step,0.24295722171352616,7593.879677591886,0.8501880516784468,0.9140323072881759,none,0.020943653662633843,8507,8508,8931,8932,160000.0,160003.00475579104,1.0000187797236941,budget_exhausted,4,[1],none
5,50,1,online_static_3step,0.15505959906416542,7936.204781774668,0.8885137462801912,1.4004395036204071,none,-0.016821121857490295,8931,8932,8931,8932,160000.0,160013.02283984638,1.00008139274904,budget_exhausted,4,[1],none
5,50,1,pizza_repartition,0.2450913641027705,7576.8780103286,0.8482845958719883,0.8728319301971968,none,0.0242262154704177,8011,8012,8931,8932,160000.0,160013.7824231582,1.0000861401447387,budget_exhausted,4,[1],fb17b5bc8f7b5a50680221aaa0201732a028f926ca7979d3ce8476fcbfdfc04a
5,50,2,dynamic_evidence_3step,0.19865044184569952,7848.340057652549,0.8786766746140338,0.7473452339611258,none,0.0494322765982208,8546,8547,8931,8932,120000.0,120007.10721307593,1.0000592267756327,budget_exhausted,3,"[1,2]",none
5,50,2,online_static_3step,0.11046548729675326,8126.017232677691,0.9097645804610044,0.9976823952255598,none,0.0044297123233228985,8791,8792,8931,8932,120000.0,120014.31494234539,1.0001192911862116,budget_exhausted,3,"[1,2]",none
5,50,2,pizza_repartition,0.2029652399562687,7822.9414201755235,0.8758331191419081,0.7228102173346412,none,0.051774738740337445,8010,8011,8931,8932,120000.0,120011.25199035238,1.00009376658627,budget_exhausted,3,"[1,2]",8d7327ee93eb6089c4b6b7510fe3d489f9315de49202748ba3e02059e75612ee
5,50,3,dynamic_evidence_3step,0.15597864254519725,8120.20750230992,0.9091141404287864,0.5868091408345529,none,0.0798697424129734,8563,8564,8931,8932,80000.0,80009.78629042298,1.0001223286302874,budget_exhausted,2,"[1,2,0]",none
5,50,3,online_static_3step,0.11640051679267725,8247.216261910706,0.9233336612080951,1.051285331202486,none,0.017998793070413632,8386,8387,8931,8932,80000.0,80002.66761741626,1.0000333452177033,budget_exhausted,2,"[1,2,0]",none
5,50,3,pizza_repartition,0.1551040778940742,8109.956413599167,0.9079664592027729,0.5523645934459542,none,0.08390807880120221,8008,8009,8931,8932,80000.0,80001.25578088926,1.0000156972611158,budget_exhausted,2,"[1,2,0]",921d59e8dd5f96e96021133243a306ba062e1c2064f4a40c18c2a3c22e352f44
5,51,0,dynamic_evidence_3step,0.2863496347243115,7292.820330290079,0.8273193794997253,1.0,none,0.0,8543,8544,8814,8815,200000.0,200001.0777548477,1.0000053887742386,budget_exhausted,5,[],none
5,51,0,online_static_3step,0.12168130796575438,7894.502521265139,0.8955760092189607,1.0,none,0.0,8751,8752,8814,8815,200000.0,200014.08803171868,1.0000704401585934,budget_exhausted,5,[],none
5,51,0,pizza_repartition,0.28084584321523165,7275.691089285619,0.8253761870999,1.0,none,0.0,8011,8012,8814,8815,200000.0,200004.9368925778,1.000024684462889,budget_exhausted,5,[],f8cc2a8a06891f8b07bbab0a52eabda85d693ea964fb2ca8872c2ac6968d3383
5,51,1,dynamic_evidence_3step,0.24073130799464582,7484.315648588387,0.8490431819158692,0.8406901172631647,none,0.02172380241614391,8537,8538,8814,8815,160000.0,160009.95780908543,1.000062236306784,budget_exhausted,4,[1],none
5,51,1,online_static_3step,0.18128478857959168,7684.642167688134,0.871768822199448,1.489832675291524,none,-0.023807187019512788,8642,8643,8814,8815,160000.0,160010.77112261148,1.0000673195163217,budget_exhausted,4,[1],none
5,51,1,pizza_repartition,0.24510413875685189,7488.439750580731,0.8495110323971334,0.8727355048264381,none,0.02413484529723342,8010,8011,8814,8815,160000.0,160000.67182826402,1.0000041989266502,budget_exhausted,4,[1],fa21d650124c8fc41637c0a364dcc35604c566aca42b67ee008c9e5099378db6
5,51,2,dynamic_evidence_3step,0.20986662329085454,7719.621494998143,0.8757369818489101,0.7329034084255339,none,0.048417602349184796,8524,8525,8814,8815,120000.0,120005.43514856296,1.0000452929046912,budget_exhausted,3,"[1,0]",none
5,51,2,online_static_3step,0.08880165009421112,8156.040435043768,0.9252456534366158,0.7297887537435346,none,0.029669644217655056,8814,8815,8814,8815,120000.0,120009.72830403369,1.0000810692002808,budget_exhausted,3,"[1,0]",none
5,51,2,pizza_repartition,0.2029318077869192,7730.10212929287,0.8769259363917039,0.7225736562937073,none,0.05154974929180389,8010,8011,8814,8815,120000.0,120010.2024955329,1.0000850207961074,budget_exhausted,3,"[1,0]",cadcad7560eefd70dde3b983fde80032242357c8561891db27f1dadf00c66c58
5,51,3,dynamic_evidence_3step,0.1509458246255716,8042.608410861106,0.9123775848963251,0.5271381776718435,none,0.0850582053965998,8558,8559,8814,8815,80000.0,80006.30115965237,1.0000787644956546,budget_exhausted,2,"[1,0,4]",none
5,51,3,online_static_3step,0.09241265569075377,8228.845327701374,0.9335048585027084,0.7594646806127536,none,0.03792884928374762,8603,8604,8814,8815,80000.0,80006.98346476088,1.000087293309511,budget_exhausted,2,"[1,0,4]",none
5,51,3,pizza_repartition,0.1551426440959674,8011.114962112849,0.9088048737507486,0.5524121073676381,none,0.08342868665084857,8007,8008,8814,8815,80000.0,80001.5329511445,1.0000191618893062,budget_exhausted,2,"[1,0,4]",4c34bff36c621ebcb698f54044828a5094c8086f2eccc023640dd2ad5530aefd
10,42,0,dynamic_evidence_3step,0.25859990658051946,7422.0927597605005,0.8178614611306336,1.0,none,0.0,8738,8739,9074,9075,200000.0,200015.09411903756,1.0000754705951878,budget_exhausted,5,[],none
10,42,0,online_static_3step,0.11071819686365005,8131.726071216777,0.8960579692800856,1.0,none,0.0,9074,9075,9074,9075,200000.0,200015.08663610852,1.0000754331805426,budget_exhausted,5,[],none
10,42,0,pizza_repartition,0.20813568564820448,7791.678838634882,0.8585871998495738,1.0,none,0.0,8011,8012,9074,9075,200000.0,200007.78103610539,1.000038905180527,budget_exhausted,5,[],204aabaa1616ca707a2c1d4296b87bcc4248e4499b1038aee72c8fc46a37a48c
10,42,1,dynamic_evidence_3step,0.24881684196654555,7502.257635280432,0.8266950562292487,0.9621691100227533,none,0.008833595098615032,8741,8742,9074,9075,160000.0,160005.7206462678,1.0000357540391736,budget_exhausted,4,[3],none
10,42,1,online_static_3step,0.1214911406722256,8057.915639212382,0.8879245883429623,1.0973005713039428,none,-0.008133380937123347,8681,8682,9074,9075,160000.0,160010.93415851975,1.0000683384907485,budget_exhausted,4,[3],none
10,42,1,pizza_repartition,0.1874483334237249,7932.210225881663,0.8740727521632686,0.9006064137437451,none,0.015485552313694861,8010,8011,9074,9075,160000.0,160001.64543414421,1.0000102839634013,budget_exhausted,4,[3],35a881cb2a4c73aa5fa284a47b2dc8df89f7758047788214c79c408cd8468aa6
10,42,2,dynamic_evidence_3step,0.2382293666740681,7755.466567409794,0.8545968669322087,0.9212275821139609,none,0.03673540580157508,8741,8742,9074,9075,120000.0,120009.7603522575,1.0000813362688123,budget_exhausted,3,"[3,1]",none
10,42,2,online_static_3step,0.10844378459064288,8187.350973165529,0.9021874350595623,0.9794576470947399,none,0.006129465779476706,8698,8699,9074,9075,120000.0,120004.30185770214,1.0000358488141845,budget_exhausted,3,"[3,1]",none
10,42,2,pizza_repartition,0.16178078302825544,8099.659568047313,0.8925244703082439,0.7772851758909852,none,0.03393727045867012,8010,8011,9074,9075,120000.0,120010.50630114602,1.00008755250955,budget_exhausted,3,"[3,1]",3a5a111d6a9272bac9feefa88a4e9cf7e3c2d49a4979a035de5d739ffabdf549
10,42,3,dynamic_evidence_3step,0.18735391478753688,7970.037788006488,0.878241078568208,0.7244933583500777,none,0.06037961743757436,8729,8730,9074,9075,80000.0,80004.60430597496,1.000057553824687,budget_exhausted,2,"[3,1,0]",none
10,42,3,online_static_3step,0.1057306476927671,8235.872007071579,0.907534105462433,0.9549527601409087,none,0.01147613618234733,8853,8854,9074,9075,80000.0,80002.45604491039,1.0000307005613798,budget_exhausted,2,"[3,1,0]",none
10,42,3,pizza_repartition,0.13866056778572494,8315.899797934806,0.9163525948137528,0.6662027578494737,none,0.057765394964178984,8008,8009,9074,9075,80000.0,80008.19906081024,1.000102488260128,budget_exhausted,2,"[3,1,0]",666aa16649c90e48e640c78dd66fabcbd5ca468c4c0fde73182f11e86310ebf9
10,43,0,dynamic_evidence_3step,0.31399698243007007,7100.837638033784,0.7968620399544141,1.0,none,0.0,8762,8763,8910,8911,200000.0,200014.93262637002,1.00007466313185,budget_exhausted,5,[],none
10,43,0,online_static_3step,0.1241202022761239,7889.692202928348,0.8853879702534337,1.0,none,0.0,8910,8911,8910,8911,200000.0,200008.11389959714,1.0000405694979857,budget_exhausted,5,[],none
10,43,0,pizza_repartition,0.20804055772849395,7661.251527182976,0.8597521633018714,1.0,none,0.0,8012,8013,8910,8911,200000.0,200017.86005415436,1.0000893002707718,budget_exhausted,5,[],565f711767708b1482a1995dd1898e0f175b73d0c2a3c41c452faf2f4115b121
10,43,1,dynamic_evidence_3step,0.23154785670536268,7438.451155408922,0.834749316059805,0.7374206430691749,none,0.03788727610539089,8741,8742,8910,8911,160000.0,160017.946962918,1.0001121685182375,budget_exhausted,4,[2],none
10,43,1,online_static_3step,0.12033867638269462,7930.676099333371,0.8899872179703031,0.9695333569871509,none,0.00459924771686937,8838,8839,8910,8911,160000.0,160017.187177925,1.0001074198620312,budget_exhausted,4,[2],none
10,43,1,pizza_repartition,0.1875205953414169,7798.025564320715,0.8751010620941213,0.9013655673147306,none,0.015348898792249877,8010,8011,8910,8911,160000.0,160001.44363751914,1.0000090227344947,budget_exhausted,4,[2],377b0e88d46c18305081890e635f88421afabd25f26b81002abbc4bf64f17786
10,43,2,dynamic_evidence_3step,0.22500067901954118,7582.5396731846795,0.8509190520911996,0.7165695583385131,none,0.05405701213678549,8740,8741,8910,8911,120000.0,120004.60535541768,1.000038377961814,budget_exhausted,3,"[2,0]",none
10,43,2,online_static_3step,0.12281794412339492,7937.276039404252,0.8907278688591911,0.9895080887007265,none,0.005339898605757343,8739,8740,8910,8911,120000.0,120001.89562208313,1.0000157968506929,budget_exhausted,3,"[2,0]",none
10,43,2,pizza_repartition,0.1619263065082247,7961.443353982437,0.8934399454586957,0.7783400903950121,none,0.03368778215682422,8010,8011,8910,8911,120000.0,120011.55135065908,1.0000962612554922,budget_exhausted,3,"[2,0]",6cce4eaafa807341a8f58932731207d65cd719c8ee8556b895e2230bde219506
10,43,3,dynamic_evidence_3step,0.1853194323375737,7867.512445624012,0.8828989390218844,0.5901949467901207,none,0.08603689906747036,8748,8749,8910,8911,80000.0,80007.67714595461,1.0000959643244327,budget_exhausted,2,"[2,0,3]",none
10,43,3,online_static_3step,0.11514899835709416,8031.507882777106,0.9013026464793071,0.9277216459970637,none,0.015914676225873392,8844,8845,8910,8911,80000.0,80000.99712334784,1.000012464041848,budget_exhausted,2,"[2,0,3]",none
10,43,3,pizza_repartition,0.13863088722220793,8174.348338903887,0.91733232397081,0.666364716264268,none,0.05758016066893856,8008,8009,8910,8911,80000.0,80005.02467483426,1.0000628084354282,budget_exhausted,2,"[2,0,3]",9dc284199ee3c047db254e9e43b7576c0afbfedb703aef34f2d0bce9f110296c
10,45,0,dynamic_evidence_3step,0.2973458442553948,7375.483938771413,0.799423795661328,1.0,none,0.0,8763,8764,9225,9226,200000.0,200015.35209344456,1.0000767604672227,budget_exhausted,5,[],none
10,45,0,online_static_3step,0.11938672601120817,8223.647572723776,0.8913556874836089,1.0,none,0.0,9098,9099,9225,9226,200000.0,200012.4159302161,1.0000620796510806,budget_exhausted,5,[],none
10,45,0,pizza_repartition,0.20806337326349866,7910.966714367521,0.8574644173387731,1.0,none,0.0,8012,8013,9225,9226,200000.0,200008.9554085335,1.0000447770426675,budget_exhausted,5,[],1078b6655e6f2d472700d86864c096290a9f422288cc52c829b2a32149ac21ea
10,45,1,dynamic_evidence_3step,0.2624647625420665,7565.955362294207,0.8200688664962288,0.8826918808948667,none,0.020645070834900747,8734,8735,9225,9226,160000.0,160005.93200372992,1.000037075023312,budget_exhausted,4,[4],none
10,45,1,online_static_3step,0.11549278140445893,8255.968950377206,0.8948589800972475,0.9673837725780027,none,0.0035032926136385756,9225,9226,9225,9226,160000.0,160009.01146618347,1.0000563216636467,budget_exhausted,4,[4],none
10,45,1,pizza_repartition,0.18746227467596,8054.660871367621,0.8730393313860417,0.9009864241629462,none,0.015574914047268629,8011,8012,9225,9226,160000.0,160016.3439835089,1.0001021498969307,budget_exhausted,4,[4],233a965e46e5f5f81574f8cb5ccb163116b12a4b9df3ad76067626694bc7a9a2
10,45,2,dynamic_evidence_3step,0.2431393863925997,7792.931065530919,0.8446706119153392,0.8176989559126431,none,0.04524681625401117,8769,8770,9225,9226,120000.0,120006.68101650066,1.0000556751375056,budget_exhausted,3,"[4,3]",none
10,45,2,online_static_3step,0.12652284526402888,8194.914059292363,0.8882412810852334,1.0597731380300248,none,-0.0031144063983755688,8567,8568,9225,9226,120000.0,120004.7061256952,1.0000392177141266,budget_exhausted,3,"[4,3]",none
10,45,2,pizza_repartition,0.16172983488958304,8226.353471488923,0.8916489780499591,0.7773104528338237,none,0.03418456071118603,8010,8011,9225,9226,120000.0,120011.51910052894,1.0000959925044077,budget_exhausted,3,"[4,3]",f6aea97c040a5c453c6bcea020c2227a2c9844a39a20a0057ce323817c583ab2
10,45,3,dynamic_evidence_3step,0.18725877841514382,8126.213675161749,0.8807948921701441,0.6297675990194921,none,0.08137109650881602,8726,8727,9225,9226,80000.0,80004.1393154049,1.0000517414425611,budget_exhausted,2,"[4,3,1]",none
10,45,3,online_static_3step,0.10517236155394832,8413.057012125917,0.9118856505664337,0.880938485104907,none,0.02052996308282473,8899,8900,9225,9226,80000.0,80009.84169972016,1.000123021246502,budget_exhausted,2,"[4,3,1]",none
10,45,3,pizza_repartition,0.13862963480475693,8445.821233353883,0.9154369427003992,0.6662856255300232,none,0.057972525361626115,8008,8009,9225,9226,80000.0,80008.58986122166,1.0001073732652708,budget_exhausted,2,"[4,3,1]",7f56b65c731fa8115c5e8dae88796506d35c94d4257153f02b0b122cf9d20f9c
10,44,0,dynamic_evidence_3step,0.3156237013092057,7058.253292018409,0.7896021134375668,1.0,none,0.0,8788,8789,8938,8939,200000.0,200015.61006783936,1.0000780503391968,budget_exhausted,5,[],none
10,44,0,online_static_3step,0.12084738074376429,7937.936122565778,0.8880116481223602,1.0,none,0.0,8938,8939,8938,8939,200000.0,200014.39290220122,1.000071964511006,budget_exhausted,5,[],none
10,44,0,pizza_repartition,0.20816802219802566,7683.1868463070305,0.8595130155841851,1.0,none,0.0,8013,8014,8938,8939,200000.0,200013.55771163572,1.0000677885581786,budget_exhausted,5,[],1fab15a6b9da3b8b758550f8d4e3533cff416828c946835dd23bd72df7c832b8
10,44,1,dynamic_evidence_3step,0.27302236895589865,7292.181623498668,0.8157715206956783,0.865024926275825,none,0.026169407258111455,8745,8746,8938,8939,160000.0,160002.07009445634,1.0000129380903522,budget_exhausted,4,[4],none
10,44,1,online_static_3step,0.11821419235869118,7963.466602717317,0.8908677260003711,0.9782106292344365,none,0.0028560778780108986,8848,8849,8938,8939,160000.0,160010.57001161287,1.0000660625725803,budget_exhausted,4,[4],none
10,44,1,pizza_repartition,0.18762666977598966,7820.603125254089,0.8748856835500715,0.901323208986943,none,0.015372667965886322,8012,8013,8938,8939,160000.0,160017.85773380264,1.0001116108362664,budget_exhausted,4,[4],668660f110c9b98499c378a2b29451f04e09d1beceae2a3c545b6e9ee8670305
10,44,2,dynamic_evidence_3step,0.23022880736903167,7576.524365735982,0.8475807546410093,0.7294408069294024,none,0.05797864120344254,8741,8742,8938,8939,120000.0,120007.31508893216,1.0000609590744347,budget_exhausted,3,"[4,2]",none
10,44,2,online_static_3step,0.11743763222055852,7995.356373245772,0.8944352134741886,0.9717846716890327,none,0.00642356535182842,8739,8740,8938,8939,120000.0,120009.29536189871,1.0000774613491559,budget_exhausted,3,"[4,2]",none
10,44,2,pizza_repartition,0.16174138142962485,7985.238769695879,0.8933033638769301,0.7769751555585412,none,0.033790348292744965,8009,8010,8938,8939,120000.0,120001.5622110937,1.0000130184257807,budget_exhausted,3,"[4,2]",5c3df012806321605938f83701f67da402307f0df24c16ee9ece49a20d4d28cf
10,44,3,dynamic_evidence_3step,0.1846280203492842,7892.8357835363795,0.8829663031140373,0.5849624713969451,none,0.09336418967647053,8747,8748,8938,8939,80000.0,80000.12240928723,1.0000015301160903,budget_exhausted,2,"[4,2,3]",none
10,44,3,online_static_3step,0.12055285925472192,8024.988951709639,0.8977501903691284,0.9975628641081857,none,0.009738542246768178,8846,8847,8938,8939,80000.0,80001.30711705697,1.0000163389632122,budget_exhausted,2,"[4,2,3]",none
10,44,3,pizza_repartition,0.13872129508532266,8198.362393866833,0.9171453623298841,0.6663909932975207,none,0.05763234674569895,8009,8010,8938,8939,80000.0,80009.42451977081,1.000117806497135,budget_exhausted,2,"[4,2,3]",2f2bc0b30bed735fa9b98a729955d57b7b5a11eaa018f065423e464ab5a4dde1
10,46,0,dynamic_evidence_3step,0.27208333487175496,7454.154668169336,0.8096181892222587,1.0,none,0.0,8751,8752,9206,9207,200000.0,200008.06507486987,1.0000403253743493,budget_exhausted,5,[],none
10,46,0,online_static_3step,0.11956002402253046,8208.323647114987,0.8915307534609521,1.0,none,0.0,8957,8958,9206,9207,200000.0,200007.30749741482,1.000036537487074,budget_exhausted,5,[],none
10,46,0,pizza_repartition,0.20822565007146981,7894.649661164016,0.85746167711133,1.0,none,0.0,8011,8012,9206,9207,200000.0,200005.62828977653,1.0000281414488827,budget_exhausted,5,[],ae3e30ceecc5a136930208b786b7693ee1d00ee9991c1b8fcd1d34367e9f9a56
10,46,1,dynamic_evidence_3step,0.23845743886410864,7622.215677750724,0.8278718016455658,0.8764132466124921,none,0.01825361242330714,8727,8728,9206,9207,160000.0,160006.07941138087,1.0000379963211303,budget_exhausted,4,[2],none
10,46,1,online_static_3step,0.11848033791580823,8206.126456604035,0.8912921099819741,0.9909695057729432,none,-0.00023864347897806226,9206,9207,9206,9207,160000.0,160012.71078949096,1.0000794424343185,budget_exhausted,4,[2],none
10,46,1,pizza_repartition,0.18742275054331853,8039.153484748742,0.8731566726130924,0.9000944431149042,none,0.015694995501762343,8010,8011,9206,9207,160000.0,160001.2608277346,1.0000078801733412,budget_exhausted,4,[2],7ea6634391c7175d1e2c20a996785d24d9939d1d14c25c52225f5546ff3a1129
10,46,2,dynamic_evidence_3step,0.22069841988323552,7805.4511841243675,0.8477735618686182,0.8111427331161629,none,0.03815537264635949,8749,8750,9206,9207,120000.0,120004.34847441473,1.0000362372867895,budget_exhausted,3,"[2,4]",none
10,46,2,online_static_3step,0.1386435504418321,8110.332542740258,0.8808876444814009,1.1596146084388996,none,-0.01064310897955123,8745,8746,9206,9207,120000.0,120000.90928029381,1.0000075773357817,budget_exhausted,3,"[2,4]",none
10,46,2,pizza_repartition,0.161823934440274,8210.138456081793,0.8917278653287491,0.7771565817406777,none,0.034266188217419113,8010,8011,9206,9207,120000.0,120010.93088976279,1.0000910907480234,budget_exhausted,3,"[2,4]",c951547505843cddbf0e5c4bfb2f1d52c7cb4a4d7fb51f13a9b0309179adf302
10,46,3,dynamic_evidence_3step,0.18515286074727508,8110.955220992208,0.8809552754417517,0.6805005563260459,none,0.07133708621949297,8747,8748,9206,9207,80000.0,80002.56767261574,1.0000320959076967,budget_exhausted,2,"[2,4,3]",none
10,46,3,online_static_3step,0.11489718947261293,8296.046211448793,0.9010585653794714,0.961000053420541,none,0.009527811918519258,8846,8847,9206,9207,80000.0,80001.3071170647,1.0000163389633088,budget_exhausted,2,"[2,4,3]",none
10,46,3,pizza_repartition,0.13873598027528591,8429.002740817277,0.9154993744778187,0.6662770903952862,none,0.05803769736648867,8008,8009,9206,9207,80000.0,80005.07634095536,1.000063454261942,budget_exhausted,2,"[2,4,3]",2f2bc0b30bed735fa9b98a729955d57b7b5a11eaa018f065423e464ab5a4dde1
10,48,0,dynamic_evidence_3step,0.2543825195025774,7321.034194337825,0.8192741936367307,1.0,none,0.0,8751,8752,8935,8936,200000.0,200003.17454820816,1.0000158727410409,budget_exhausted,5,[],none
10,48,0,online_static_3step,0.1440666000311919,7793.802074799707,0.8721801784690809,1.0,none,0.0,8906,8907,8935,8936,200000.0,200013.83577113337,1.0000691788556668,budget_exhausted,5,[],none
10,48,0,pizza_repartition,0.2080922969557488,7682.010361811302,0.8596699151534581,1.0,none,0.0,8012,8013,8935,8936,200000.0,200021.12576217085,1.0001056288108543,budget_exhausted,5,[],6e696e7d2d7cf4aa55a54431a20ad857afdba8fe9554f10965faff94c30c13a6
10,48,1,dynamic_evidence_3step,0.27434037034502323,7325.530459292055,0.8197773566799524,1.0784560624742283,none,0.0005031630432217327,8758,8759,8935,8936,160000.0,160013.62765225762,1.0000851728266102,budget_exhausted,4,[4],none
10,48,1,online_static_3step,0.14804913196156633,7830.2409486214565,0.8762579396398228,1.0276436865277043,none,0.004077761170741878,8729,8730,8935,8936,160000.0,160014.0991388821,1.0000881196180131,budget_exhausted,4,[4],none
10,48,1,pizza_repartition,0.1873106395935173,7820.022192079465,0.875114390340137,0.9001325004997626,none,0.015444475186678908,8011,8012,8935,8936,160000.0,160016.0317316852,1.0001001983230324,budget_exhausted,4,[4],ed43f1107d0f224afa50dcb743d2c48eec521ed0df6e1a9dae28731ff58cb15a
10,48,2,dynamic_evidence_3step,0.21756025708316595,7646.523666680384,0.8556987093420304,0.8552484561776724,none,0.0364245157052997,8756,8757,8935,8936,120000.0,120010.9623928312,1.0000913532735933,budget_exhausted,3,"[4,1]",none
10,48,2,online_static_3step,0.13468447818214635,8024.294594050443,0.8979738802652689,0.9348764956831478,none,0.025793701796188007,8935,8936,8935,8936,120000.0,120002.53949103909,1.0000211624253257,budget_exhausted,3,"[4,1]",none
10,48,2,pizza_repartition,0.1617729399815943,7983.630971715976,0.8934233406127994,0.7774095550302644,none,0.033753425459341235,8010,8011,8935,8936,120000.0,120014.92267436294,1.0001243556196913,budget_exhausted,3,"[4,1]",1bc7674aada3d3ccea6005e7eabe6adc8afc751ab8afd2fc1a2c8797efba087e
10,48,3,dynamic_evidence_3step,0.18713731053363708,7892.228650322372,0.8831947907701849,0.735653184423079,none,0.06392059713345422,8726,8727,8935,8936,80000.0,80006.58457873545,1.0000823072341931,budget_exhausted,2,"[4,1,0]",none
10,48,3,online_static_3step,0.10517236155051071,8154.503231344462,0.9125451243671063,0.7300259847024905,none,0.04036494589802542,8898,8899,8935,8936,80000.0,80002.2869630507,1.0000285870381338,budget_exhausted,2,"[4,1,0]",none
10,48,3,pizza_repartition,0.13863664177171112,8195.910197403882,0.9171788493066118,0.6662266878681841,none,0.05750893415315361,8008,8009,8935,8936,80000.0,80001.83770764356,1.0000229713455444,budget_exhausted,2,"[4,1,0]",280b690b0e0b54dfa8276b11f7f025c77d805bd35b4e30030a344745f5cc5dd3
10,49,0,dynamic_evidence_3step,0.29698386691581746,7237.825842175351,0.8019751625679059,1.0,none,0.0,8768,8769,9024,9025,200000.0,200002.64994910648,1.0000132497455323,budget_exhausted,5,[],none
10,49,0,online_static_3step,0.139257431679997,7899.412585377184,0.8752811728949789,1.0,none,0.0,8939,8940,9024,9025,200000.0,200000.07683936675,1.0000003841968337,budget_exhausted,5,[],none
10,49,0,pizza_repartition,0.20823380722319978,7750.919133137944,0.8588276047798277,1.0,none,0.0,8011,8012,9024,9025,200000.0,200018.27431597438,1.0000913715798718,budget_exhausted,5,[],1857f2c34acf13f50e15d645acc088f7c229096aed22930214d37ca87deb9235
10,49,1,dynamic_evidence_3step,0.23576297780491315,7529.399415751928,0.8342824837398258,0.7938578625610735,none,0.03230732117191992,8740,8741,9024,9025,160000.0,160005.3467027102,1.0000334168919387,budget_exhausted,4,[3],none
10,49,1,online_static_3step,0.13154071127191239,7995.23590351251,0.8858987150706382,0.9445866528271393,none,0.010617542175659356,9024,9025,9024,9025,160000.0,160010.67844440028,1.0000667402775019,budget_exhausted,4,[3],none
10,49,1,pizza_repartition,0.18746085538732798,7889.845259176285,0.8742210813491729,0.9002421743477711,none,0.0153934765693452,8010,8011,9024,9025,160000.0,160010.2229123681,1.0000638932023007,budget_exhausted,4,[3],a7b6d6bb7b75863d5da631053a664b73786df55ac646fac07fbe42315623017c
10,49,2,dynamic_evidence_3step,0.2450378439473938,7577.757775212893,0.83964075071611,0.8250880645205277,none,0.03766558814820409,8744,8745,9024,9025,120000.0,120008.10849952277,1.0000675708293565,budget_exhausted,3,"[3,1]",none
10,49,2,online_static_3step,0.13428738395387918,8023.997481058719,0.8890855934691102,0.9643103591229616,none,0.013804420574131337,8792,8793,9024,9025,120000.0,120009.87091913716,1.0000822576594763,budget_exhausted,3,"[3,1]",none
10,49,2,pizza_repartition,0.1619441449425923,8055.817994755034,0.8926114121612226,0.7777034243484251,none,0.03378380738139497,8010,8011,9024,9025,120000.0,120010.9697268636,1.00009141439053,budget_exhausted,3,"[3,1]",547dfc605eb48f57942cd0a283509a04b7be4dbc428bf8620e285b2e5f79f359
10,49,3,dynamic_evidence_3step,0.19844907190708447,7921.6999262021545,0.877750684343729,0.668214990827554,none,0.07577552177582314,8754,8755,9024,9025,80000.0,80008.60712710519,1.000107589088815,budget_exhausted,2,"[3,1,0]",none
10,49,3,online_static_3step,0.13470786653823258,8111.980306005333,0.898834382936879,0.9673298215622778,none,0.02355321004190014,8757,8758,9024,9025,80000.0,80004.18159110166,1.0000522698887708,budget_exhausted,2,"[3,1,0]",none
10,49,3,pizza_repartition,0.13876868893935917,8270.932898973744,0.9164468586120492,0.6664080669217033,none,0.05761925383222155,8007,8008,9024,9025,80000.0,80004.06273280724,1.0000507841600905,budget_exhausted,2,"[3,1,0]",666aa16649c90e48e640c78dd66fabcbd5ca468c4c0fde73182f11e86310ebf9
10,50,0,dynamic_evidence_3step,0.2902199284247654,7258.118632974308,0.8013822052527667,1.0,none,0.0,8759,8760,9056,9057,200000.0,200006.33843520214,1.0000316921760106,budget_exhausted,5,[],none
10,50,0,online_static_3step,0.14287408821257447,7879.373828798906,0.8699761321407647,1.0,none,0.0,9056,9057,9056,9057,200000.0,200002.90150163308,1.0000145075081655,budget_exhausted,5,[],none
10,50,0,pizza_repartition,0.20808438863010276,7777.124571687319,0.85868660391822,1.0,none,0.0,8012,8013,9056,9057,200000.0,200018.20710980412,1.0000910355490207,budget_exhausted,5,[],411a3c6603f6ee07acaa9879b3f9db4904e22b2421d12f43dd8b99994a2262a3
10,50,1,dynamic_evidence_3step,0.26599221467566897,7450.0563931871175,0.8225744057841579,0.9165194689399937,none,0.021192200531391148,8747,8748,9056,9057,160000.0,160000.24481857452,1.0000015301160907,budget_exhausted,4,[0],none
10,50,1,online_static_3step,0.14158933889412834,7915.648570730948,0.8739812930033066,0.9910078214005144,none,0.004005160862541879,8867,8868,9056,9057,160000.0,160009.37990153744,1.000058624384609,budget_exhausted,4,[0],none
10,50,1,pizza_repartition,0.1875618779991353,7916.350907464631,0.8740588392916673,0.901374097470383,none,0.01537223537344723,8011,8012,9056,9057,160000.0,160014.61475915895,1.0000913422447435,budget_exhausted,4,[0],ae49165f6e2674c1a6bb38bb78716279dc3414e31bd0afbd0c8781737a40ab7b
10,50,2,dynamic_evidence_3step,0.2221483562238084,7682.640751770849,0.8482544718748868,0.7654483185547218,none,0.04687226662212007,8752,8753,9056,9057,120000.0,120000.18740852183,1.0000015617376818,budget_exhausted,3,"[0,4]",none
10,50,2,online_static_3step,0.11819784884141649,8095.965319006908,0.8938903962688427,0.8272868112064969,none,0.023914264128077956,8977,8978,9056,9057,120000.0,120005.28825240988,1.0000440687700825,budget_exhausted,3,"[0,4]",none
10,50,2,pizza_repartition,0.16177417995387544,8084.903555307871,0.8926690466277875,0.7774450597610676,none,0.033982442709567406,8010,8011,9056,9057,120000.0,120011.62537101336,1.000096878091778,budget_exhausted,3,"[0,4]",d63205ddb5ec5b0e6c0104791d106f030e272ec42fbaea702e7fc64fd437ea29
10,50,3,dynamic_evidence_3step,0.18514449240447117,7988.32683798458,0.882005833938896,0.6379454829631617,none,0.08062362868612927,8747,8748,9056,9057,80000.0,80007.52214909528,1.000094026863691,budget_exhausted,2,"[0,4,2]",none
10,50,3,online_static_3step,0.120486653696109,8129.452141810588,0.8975877378613877,0.8433065449687669,none,0.027611605720622934,8845,8846,9056,9057,80000.0,80001.15212019753,1.000014401502469,budget_exhausted,2,"[0,4,2]",none
10,50,3,pizza_repartition,0.13871685395126188,8300.092503985683,0.9164284535702422,0.66663748714878,none,0.057741849652022115,8008,8009,9056,9057,80000.0,80005.56463590001,1.0000695579487502,budget_exhausted,2,"[0,4,2]",f0f60cf051fd647d0cf03abd7e1b6cfe6137da639a116a7f38bfe966cb551dd0
10,47,0,dynamic_evidence_3step,0.2923187274610215,7413.212602288219,0.8038617005300607,1.0,none,0.0,8743,8744,9221,9222,200000.0,200007.3464511977,1.0000367322559884,budget_exhausted,5,[],none
10,47,0,online_static_3step,0.1121133654866952,8277.861436564515,0.8976210623036777,1.0,none,0.0,9221,9222,9221,9222,200000.0,200022.52002154518,1.0001126001077258,budget_exhausted,5,[],none
10,47,0,pizza_repartition,0.2080925405072097,7907.39118413914,0.8574486211384884,1.0,none,0.0,8011,8012,9221,9222,200000.0,200018.85613937967,1.0000942806968984,budget_exhausted,5,[],1fab15a6b9da3b8b758550f8d4e3533cff416828c946835dd23bd72df7c832b8
10,47,1,dynamic_evidence_3step,0.2626631503728527,7608.4149031099705,0.825028725125783,0.898550539865349,none,0.021167024595722284,8773,8774,9221,9222,160000.0,160008.62440435504,1.000053902527219,budget_exhausted,4,[4],none
10,47,1,online_static_3step,0.11855560225578474,8226.176634609157,0.8920165511395747,1.0574618087783125,none,-0.005604511164102988,9201,9202,9221,9222,160000.0,160003.76108102407,1.0000235067564005,budget_exhausted,4,[4],none
10,47,1,pizza_repartition,0.18738445798679404,8051.437521918861,0.8730684799304773,0.9004861852811191,none,0.015619858791988905,8010,8011,9221,9222,160000.0,160010.73934100583,1.0000671208812864,budget_exhausted,4,[4],668660f110c9b98499c378a2b29451f04e09d1beceae2a3c545b6e9ee8670305
10,47,2,dynamic_evidence_3step,0.2266133993645344,7809.264645045844,0.8468081376106966,0.7752270999973876,none,0.042946437080635946,8743,8744,9221,9222,120000.0,120002.8895528471,1.0000240796070592,budget_exhausted,3,"[4,2]",none
10,47,2,online_static_3step,0.11827677952533189,8242.83686734052,0.8938231259315247,1.0549748374056982,none,-0.003797936372152977,8977,8978,9221,9222,120000.0,120002.84298907893,1.0000236915756577,budget_exhausted,3,"[4,2]",none
10,47,2,pizza_repartition,0.1618232450985441,8222.866068910025,0.8916575654857976,0.7776503891206876,none,0.034208944347309145,8010,8011,9221,9222,120000.0,120010.49125532007,1.0000874271276672,budget_exhausted,3,"[4,2]",5c3df012806321605938f83701f67da402307f0df24c16ee9ece49a20d4d28cf
10,47,3,dynamic_evidence_3step,0.18514358928328667,8123.795967088098,0.8809147654617326,0.6333620527544688,none,0.07705306493167197,8748,8749,9221,9222,80000.0,80002.72266947522,1.0000340333684403,budget_exhausted,2,"[4,2,3]",none
10,47,3,online_static_3step,0.11083637333858329,8379.244288387463,0.9086146484913753,0.9886098134458067,none,0.010993586187697635,8916,8917,9221,9222,80000.0,80002.75954276056,1.000034494284507,budget_exhausted,2,"[4,2,3]",none
10,47,3,pizza_repartition,0.13871461719855854,8441.606345386459,0.9153769621976208,0.6666006232633435,none,0.05792834105913236,8007,8008,9221,9222,80000.0,80003.61971320202,1.0000452464150251,budget_exhausted,2,"[4,2,3]",2f2bc0b30bed735fa9b98a729955d57b7b5a11eaa018f065423e464ab5a4dde1
10,51,0,dynamic_evidence_3step,0.2848767661477277,7457.423890386228,0.8079549177016498,1.0,none,0.0,8733,8734,9229,9230,200000.0,200000.83441691071,1.0000041720845536,budget_exhausted,5,[],none
10,51,0,online_static_3step,0.12138830856290984,8196.251523395778,0.8880012484719153,1.0,none,0.0,9229,9230,9229,9230,200000.0,200018.41206857943,1.000092060342897,budget_exhausted,5,[],none
10,51,0,pizza_repartition,0.20809555496509186,7913.96356186824,0.8574175039943922,1.0,none,0.0,8012,8013,9229,9230,200000.0,200019.7332349,1.0000986661745,budget_exhausted,5,[],f8cc2a8a06891f8b07bbab0a52eabda85d693ea964fb2ca8872c2ac6968d3383
10,51,1,dynamic_evidence_3step,0.2588494957124234,7593.147959995388,0.8226595839648307,0.9086367386598054,none,0.014704666263180899,8764,8765,9229,9230,160000.0,160005.70656125539,1.0000356660078462,budget_exhausted,4,[0],none
10,51,1,online_static_3step,0.1187480761272315,8235.159397704261,0.8922166194695841,0.9782496974631619,none,0.004215370997668777,9056,9057,9229,9230,160000.0,160001.29193613114,1.0000080746008195,budget_exhausted,4,[0],none
10,51,1,pizza_repartition,0.18753729795000795,8057.346316884393,0.8729519303233362,0.901207611000953,none,0.015534426328943973,8010,8011,9229,9230,160000.0,160001.25745830705,1.000007859114419,budget_exhausted,4,[0],e625bc03cf4a3fce4ee994e269052925f1e872eee5e727e39de5b85b7bad9887
10,51,2,dynamic_evidence_3step,0.2271732701385042,7809.1708593292105,0.8460640150952558,0.7974440078440781,none,0.038109097393605906,8754,8755,9229,9230,120000.0,120012.94266557318,1.000107855546443,budget_exhausted,3,"[0,3]",none
10,51,2,online_static_3step,0.13342934259168387,8162.257540110375,0.8843182600336268,1.0991943472260652,none,-0.0036829884382885147,8739,8740,9229,9230,120000.0,120004.4048352078,1.0000367069600649,budget_exhausted,3,"[0,3]",none
10,51,2,pizza_repartition,0.16194913501109007,8228.563927730233,0.8915020506749981,0.778244086175974,none,0.0340845466806059,8010,8011,9229,9230,120000.0,120011.87131096015,1.0000989275913346,budget_exhausted,3,"[0,3]",d8205d30471242452bc0ca46199549291c0dede64410b4949f00f06c615e193c
10,51,3,dynamic_evidence_3step,0.18467539826643128,8130.324312563758,0.8808585387393021,0.6482641626543342,none,0.07290362103765224,8749,8750,9229,9230,80000.0,80007.832142816,1.0000979017852,budget_exhausted,2,"[0,3,1]",none
10,51,3,online_static_3step,0.12063114635597025,8280.787875489326,0.8971601165210538,0.9937624783152227,none,0.009158868049138458,8847,8848,9229,9230,80000.0,80001.46211391623,1.000018276423953,budget_exhausted,2,"[0,3,1]",none
10,51,3,pizza_repartition,0.13867497281619917,8448.760941411603,0.9153587152125248,0.6664004564607926,none,0.05794121121813256,8008,8009,9229,9230,80000.0,80005.28859316159,1.0000661074145198,budget_exhausted,2,"[0,3,1]",666aa16649c90e48e640c78dd66fabcbd5ca468c4c0fde73182f11e86310ebf9
