dataset,planning_seed,w,L_static3,revisit_static3,newcov_static3,replans_static3,wall_static3,L_dyn3,revisit_dyn3,newcov_dyn3,replans_dyn3,wall_dyn3,Pdet_static3,RMST_static3,Pdet_dyn3,RMST_dyn3,horizon,T_static,T_dynamic,T_common,revisit_weight,implementation_version,git_commit,experiment_id,config_hash,source_hash,belief_model,planning_mode,simulation_num_victims,evaluation_num_victims,victim_model,simulation_victim_model,victim_sampling_model,detection_probability,decay_tau,victim_seed,sensor_seed,budget,size
1,42,0.0,0.3746546769781494,0.9161849370710056,0.04168179210042507,4143,85.16422973538283,0.3746546769781494,0.9161849370710056,0.04168179210042507,4143,96.91938272549305,0.3743682154091811,6669.977747554168,0.3743682154091811,6669.977747554168,8531,8530,8530,8530,0.0,revision_B@ff544e3dab27,ff544e3dab270c9412bea847c1119b0311242e63,b3-operational_20260825_130210_101492_c372f280,c372f2809deaf53f8be3bdb53f4495cea2a819857d704837db6d22d4ce9a26a4,cef0d7e99cf98289cf781ea358600304c52099759ac7cef6c0a3cc8b44b6bdc2,evidence,,0,1,random_walk,random_walk,matched_prior_stationary_exact,0.8,10000.0,,,200000.0,xlarge
1,42,0.5,0.22939641734499197,0.9623667709788797,0.019081466562057215,4219,100.31287827156484,0.36912745943611097,0.9148992733502688,0.04217068515287422,3967,112.59770541253965,0.22922920578577377,7269.432917237908,0.3688016337052081,6734.613978532757,8677,8676,8501,8676,0.5,revision_B@ff544e3dab27,ff544e3dab270c9412bea847c1119b0311242e63,b3-operational_20260825_130210_101492_c372f280,c372f2809deaf53f8be3bdb53f4495cea2a819857d704837db6d22d4ce9a26a4,cef0d7e99cf98289cf781ea358600304c52099759ac7cef6c0a3cc8b44b6bdc2,evidence,,0,1,random_walk,random_walk,matched_prior_stationary_exact,0.8,10000.0,,,200000.0,xlarge
1,42,1.0,0.0055075888318658105,0.9993042001544912,0.0003454453903532911,2839,63.73343279748224,0.32795785974738717,0.9307575927048809,0.03443329390962212,4026,113.19009913993068,0.005506250020824484,8477.297086962302,0.32782816612329113,6752.808049901559,8524,8479,8523,8523,1.0,revision_B@ff544e3dab27,ff544e3dab270c9412bea847c1119b0311242e63,b3-operational_20260825_130210_101492_c372f280,c372f2809deaf53f8be3bdb53f4495cea2a819857d704837db6d22d4ce9a26a4,cef0d7e99cf98289cf781ea358600304c52099759ac7cef6c0a3cc8b44b6bdc2,evidence,,0,1,random_walk,random_walk,matched_prior_stationary_exact,0.8,10000.0,,,200000.0,xlarge
1,43,0.0,0.34822065085924775,0.9101799604834546,0.04431654507769594,4185,89.50610933999997,0.34823335584500664,0.9101691596603754,0.0443224000843121,4179,103.46205850958358,0.34792371465605687,6777.131396437866,0.34793550411570756,6777.141373863797,8486,8485,8485,8485,0.0,revision_B@ff544e3dab27,ff544e3dab270c9412bea847c1119b0311242e63,b3-operational_20260825_130210_101492_c372f280,c372f2809deaf53f8be3bdb53f4495cea2a819857d704837db6d22d4ce9a26a4,cef0d7e99cf98289cf781ea358600304c52099759ac7cef6c0a3cc8b44b6bdc2,evidence,,0,1,random_walk,random_walk,matched_prior_stationary_exact,0.8,10000.0,,,200000.0,xlarge
1,43,0.5,0.20317482475508775,0.9689191588811814,0.015884632949635234,4919,116.62039787357207,0.3469037888909899,0.9244630269196197,0.037392999754089724,3905,112.32167056621984,0.20305374149847052,7501.372629451665,0.3467262244684453,6988.2640362770235,8800,8799,8496,8799,0.5,revision_B@ff544e3dab27,ff544e3dab270c9412bea847c1119b0311242e63,b3-operational_20260825_130210_101492_c372f280,c372f2809deaf53f8be3bdb53f4495cea2a819857d704837db6d22d4ce9a26a4,cef0d7e99cf98289cf781ea358600304c52099759ac7cef6c0a3cc8b44b6bdc2,evidence,,0,1,random_walk,random_walk,matched_prior_stationary_exact,0.8,10000.0,,,200000.0,xlarge
1,43,1.0,0.007716414863369066,0.9991124755791236,0.0004654730259845194,3981,89.7472548353253,0.3448236897590946,0.9242439465487793,0.037524737402953263,3909,111.01614464982413,0.0077146171966155554,8889.326603271033,0.34459309975832053,6976.320367368376,8958,8957,8496,8957,1.0,revision_B@ff544e3dab27,ff544e3dab270c9412bea847c1119b0311242e63,b3-operational_20260825_130210_101492_c372f280,c372f2809deaf53f8be3bdb53f4495cea2a819857d704837db6d22d4ce9a26a4,cef0d7e99cf98289cf781ea358600304c52099759ac7cef6c0a3cc8b44b6bdc2,evidence,,0,1,random_walk,random_walk,matched_prior_stationary_exact,0.8,10000.0,,,200000.0,xlarge
1,44,0.0,0.32473581842969385,0.9278386542676065,0.03566577280232327,4088,84.32959848328028,0.32473581842969385,0.9278386542676065,0.03566577280232327,4088,97.15256007236894,0.32446453623402727,6865.758953890252,0.32446453623402727,6865.758953890252,8500,8499,8499,8499,0.0,revision_B@ff544e3dab27,ff544e3dab270c9412bea847c1119b0311242e63,b3-operational_20260825_130210_101492_c372f280,c372f2809deaf53f8be3bdb53f4495cea2a819857d704837db6d22d4ce9a26a4,cef0d7e99cf98289cf781ea358600304c52099759ac7cef6c0a3cc8b44b6bdc2,evidence,,0,1,random_walk,random_walk,matched_prior_stationary_exact,0.8,10000.0,,,200000.0,xlarge
1,44,0.5,0.23617276061434028,0.9610955834796268,0.019722589786526457,4234,100.6340272682719,0.35460008385150577,0.9207940100580911,0.03923732683817933,4035,115.43343814124819,0.23602856324517463,7209.027151718776,0.35436695188503564,6966.150879575487,8676,8675,8502,8675,0.5,revision_B@ff544e3dab27,ff544e3dab270c9412bea847c1119b0311242e63,b3-operational_20260825_130210_101492_c372f280,c372f2809deaf53f8be3bdb53f4495cea2a819857d704837db6d22d4ce9a26a4,cef0d7e99cf98289cf781ea358600304c52099759ac7cef6c0a3cc8b44b6bdc2,evidence,,0,1,random_walk,random_walk,matched_prior_stationary_exact,0.8,10000.0,,,200000.0,xlarge
1,44,1.0,0.006996213696097983,0.9991981757075673,0.00041277796643910205,3900,86.80527570878621,0.35749840756874285,0.9168713250053132,0.04122217408105671,3955,111.40680620085914,0.006993243798772546,8731.897600821652,0.3571571978936093,6907.077945030849,8793,8792,8504,8792,1.0,revision_B@ff544e3dab27,ff544e3dab270c9412bea847c1119b0311242e63,b3-operational_20260825_130210_101492_c372f280,c372f2809deaf53f8be3bdb53f4495cea2a819857d704837db6d22d4ce9a26a4,cef0d7e99cf98289cf781ea358600304c52099759ac7cef6c0a3cc8b44b6bdc2,evidence,,0,1,random_walk,random_walk,matched_prior_stationary_exact,0.8,10000.0,,,200000.0,xlarge
1,45,0.0,0.314129381649808,0.9297174187103066,0.034600161598182605,4215,86.18504097103141,0.3141788277981478,0.9297083568689241,0.034608944108106846,4226,99.65265381429344,0.31397529220827985,6940.821194821617,0.3140181711592265,6940.834459082777,8473,8471,8472,8472,0.0,revision_B@ff544e3dab27,ff544e3dab270c9412bea847c1119b0311242e63,b3-operational_20260825_130210_101492_c372f280,c372f2809deaf53f8be3bdb53f4495cea2a819857d704837db6d22d4ce9a26a4,cef0d7e99cf98289cf781ea358600304c52099759ac7cef6c0a3cc8b44b6bdc2,evidence,,0,1,random_walk,random_walk,matched_prior_stationary_exact,0.8,10000.0,,,200000.0,xlarge
1,45,0.5,0.15117452602681275,0.9793385804946498,0.010474606836305725,3929,111.48616261547431,0.3623940635953106,0.9179002290058313,0.04072157101537525,3893,119.82103527523577,0.15108230152419047,7560.183042027886,0.36217056218730864,6779.484865222071,8670,8669,8508,8669,0.5,revision_B@ff544e3dab27,ff544e3dab270c9412bea847c1119b0311242e63,b3-operational_20260825_130210_101492_c372f280,c372f2809deaf53f8be3bdb53f4495cea2a819857d704837db6d22d4ce9a26a4,cef0d7e99cf98289cf781ea358600304c52099759ac7cef6c0a3cc8b44b6bdc2,evidence,,0,1,random_walk,random_walk,matched_prior_stationary_exact,0.8,10000.0,,,200000.0,xlarge
1,45,1.0,0.006510230634558547,0.9992744564004108,0.00038057543005023595,3985,107.80030867364258,0.3477558212536762,0.9198966408268734,0.039749639917093106,4014,122.25194189872127,0.0065018528891503,8901.075147752184,0.3474816907358077,6961.067284978508,8959,8958,8508,8958,1.0,revision_B@ff544e3dab27,ff544e3dab270c9412bea847c1119b0311242e63,b3-operational_20260825_130210_101492_c372f280,c372f2809deaf53f8be3bdb53f4495cea2a819857d704837db6d22d4ce9a26a4,cef0d7e99cf98289cf781ea358600304c52099759ac7cef6c0a3cc8b44b6bdc2,evidence,,0,1,random_walk,random_walk,matched_prior_stationary_exact,0.8,10000.0,,,200000.0,xlarge
1,46,0.0,0.3669691809957142,0.910250337493783,0.04437509514385751,4033,98.64563568972517,0.3669161145618925,0.910250337493783,0.04437509514385751,4032,103.98193593404721,0.36663780002186375,6607.636447520954,0.366585155217062,6607.642456373335,8494,8493,8493,8493,0.0,revision_B@ff544e3dab27,ff544e3dab270c9412bea847c1119b0311242e63,b3-operational_20260825_130210_101492_c372f280,c372f2809deaf53f8be3bdb53f4495cea2a819857d704837db6d22d4ce9a26a4,cef0d7e99cf98289cf781ea358600304c52099759ac7cef6c0a3cc8b44b6bdc2,evidence,,0,1,random_walk,random_walk,matched_prior_stationary_exact,0.8,10000.0,,,200000.0,xlarge
1,46,0.5,0.2557455837397967,0.9556586119925149,0.022336850240640773,4148,119.28279981436208,0.3237583279015717,0.9317159080199793,0.03393854585055681,4081,125.0236346811289,0.25555156136819646,7172.242389132364,0.3236052126431871,6971.6734117645055,8626,8625,8522,8625,0.5,revision_B@ff544e3dab27,ff544e3dab270c9412bea847c1119b0311242e63,b3-operational_20260825_130210_101492_c372f280,c372f2809deaf53f8be3bdb53f4495cea2a819857d704837db6d22d4ce9a26a4,cef0d7e99cf98289cf781ea358600304c52099759ac7cef6c0a3cc8b44b6bdc2,evidence,,0,1,random_walk,random_walk,matched_prior_stationary_exact,0.8,10000.0,,,200000.0,xlarge
1,46,1.0,0.006685075153366024,0.9992184316155577,0.00040985046313102335,4963,134.3030023147585,0.3736747019178507,0.9140457132062997,0.04262737566893451,3937,119.88540025509428,0.006684010179685576,8897.48804659857,0.3733272594075637,6895.486144578605,8957,8956,8506,8956,1.0,revision_B@ff544e3dab27,ff544e3dab270c9412bea847c1119b0311242e63,b3-operational_20260825_130210_101492_c372f280,c372f2809deaf53f8be3bdb53f4495cea2a819857d704837db6d22d4ce9a26a4,cef0d7e99cf98289cf781ea358600304c52099759ac7cef6c0a3cc8b44b6bdc2,evidence,,0,1,random_walk,random_walk,matched_prior_stationary_exact,0.8,10000.0,,,200000.0,xlarge
1,47,0.0,0.3376130720494805,0.9209102105587267,0.039102661686007706,4125,101.8526116234716,0.3376130720494805,0.9209102105587267,0.039102661686007706,4125,107.0654823029181,0.33733455483374675,6690.705347382892,0.33733455483374675,6690.705347382892,8500,8499,8499,8499,0.0,revision_B@ff544e3dab27,ff544e3dab270c9412bea847c1119b0311242e63,b3-operational_20260825_130210_101492_c372f280,c372f2809deaf53f8be3bdb53f4495cea2a819857d704837db6d22d4ce9a26a4,cef0d7e99cf98289cf781ea358600304c52099759ac7cef6c0a3cc8b44b6bdc2,evidence,,0,1,random_walk,random_walk,matched_prior_stationary_exact,0.8,10000.0,,,200000.0,xlarge
1,47,0.5,0.23536067665800503,0.9622836013222029,0.019707952269986066,4051,115.44583757652435,0.35115673310369283,0.9229354119741978,0.03826246823658911,3984,121.1682312109042,0.23512107309662075,7532.933011982638,0.3509255692111265,6995.113061721399,8943,8942,8512,8942,0.5,revision_B@ff544e3dab27,ff544e3dab270c9412bea847c1119b0311242e63,b3-operational_20260825_130210_101492_c372f280,c372f2809deaf53f8be3bdb53f4495cea2a819857d704837db6d22d4ce9a26a4,cef0d7e99cf98289cf781ea358600304c52099759ac7cef6c0a3cc8b44b6bdc2,evidence,,0,1,random_walk,random_walk,matched_prior_stationary_exact,0.8,10000.0,,,200000.0,xlarge
1,47,1.0,0.007768017866475004,0.9990729682079281,0.0004771830392168343,3207,86.21522401669063,0.35687267397058126,0.9148300976613304,0.04217654015949038,4067,122.44345271703787,0.007756635577273453,8724.244624054303,0.35660899984748334,6954.665706951718,8792,8791,8500,8791,1.0,revision_B@ff544e3dab27,ff544e3dab270c9412bea847c1119b0311242e63,b3-operational_20260825_130210_101492_c372f280,c372f2809deaf53f8be3bdb53f4495cea2a819857d704837db6d22d4ce9a26a4,cef0d7e99cf98289cf781ea358600304c52099759ac7cef6c0a3cc8b44b6bdc2,evidence,,0,1,random_walk,random_walk,matched_prior_stationary_exact,0.8,10000.0,,,200000.0,xlarge
1,48,0.0,0.3679324404128178,0.9089809638425649,0.044945958288932865,4083,100.70201874512713,0.3679324404128178,0.9089809638425649,0.044945958288932865,4083,105.45229633967392,0.3675810786946791,6592.425965032383,0.3675810786946791,6592.425965032383,8487,8486,8486,8486,0.0,revision_B@ff544e3dab27,ff544e3dab270c9412bea847c1119b0311242e63,b3-operational_20260825_130210_101492_c372f280,c372f2809deaf53f8be3bdb53f4495cea2a819857d704837db6d22d4ce9a26a4,cef0d7e99cf98289cf781ea358600304c52099759ac7cef6c0a3cc8b44b6bdc2,evidence,,0,1,random_walk,random_walk,matched_prior_stationary_exact,0.8,10000.0,,,200000.0,xlarge
1,48,0.5,0.3089269027049688,0.9378841910599784,0.03156434066770496,4320,125.9804758108221,0.35343074693952603,0.9182498086096225,0.04063960092274904,4024,122.28716309869196,0.3086344090292843,6913.713752991634,0.35317599898982943,6801.132621110324,8710,8709,8524,8709,0.5,revision_B@ff544e3dab27,ff544e3dab270c9412bea847c1119b0311242e63,b3-operational_20260825_130210_101492_c372f280,c372f2809deaf53f8be3bdb53f4495cea2a819857d704837db6d22d4ce9a26a4,cef0d7e99cf98289cf781ea358600304c52099759ac7cef6c0a3cc8b44b6bdc2,evidence,,0,1,random_walk,random_walk,matched_prior_stationary_exact,0.8,10000.0,,,200000.0,xlarge
1,48,1.0,0.006861505427705778,0.9992441959175626,0.0004039954565148659,5629,152.36446785414591,0.33287537955168334,0.9307831777136006,0.03431033877068281,3959,120.21671810990665,0.006859354325143732,9067.747362500104,0.3327284560242897,7255.6085518895925,9130,9129,8501,9129,1.0,revision_B@ff544e3dab27,ff544e3dab270c9412bea847c1119b0311242e63,b3-operational_20260825_130210_101492_c372f280,c372f2809deaf53f8be3bdb53f4495cea2a819857d704837db6d22d4ce9a26a4,cef0d7e99cf98289cf781ea358600304c52099759ac7cef6c0a3cc8b44b6bdc2,evidence,,0,1,random_walk,random_walk,matched_prior_stationary_exact,0.8,10000.0,,,200000.0,xlarge
1,49,0.0,0.2950475373734667,0.9368127475885101,0.031239387800508216,4197,99.50699444185011,0.2950475373734667,0.9368127475885101,0.031239387800508216,4197,103.48601831472479,0.2948354707083918,6974.530812182587,0.2948354707083918,6974.530812182587,8504,8503,8503,8503,0.0,revision_B@ff544e3dab27,ff544e3dab270c9412bea847c1119b0311242e63,b3-operational_20260825_130210_101492_c372f280,c372f2809deaf53f8be3bdb53f4495cea2a819857d704837db6d22d4ce9a26a4,cef0d7e99cf98289cf781ea358600304c52099759ac7cef6c0a3cc8b44b6bdc2,evidence,,0,1,random_walk,random_walk,matched_prior_stationary_exact,0.8,10000.0,,,200000.0,xlarge
1,49,0.5,0.22317148440613982,0.9638199777908268,0.018217853086173987,4174,118.15755681379233,0.36847859780995884,0.9137266510760487,0.04265957820532337,4006,120.58944628934842,0.22304104132884917,7291.285452863959,0.36825213088207714,6699.238781638727,8619,8618,8491,8618,0.5,revision_B@ff544e3dab27,ff544e3dab270c9412bea847c1119b0311242e63,b3-operational_20260825_130210_101492_c372f280,c372f2809deaf53f8be3bdb53f4495cea2a819857d704837db6d22d4ce9a26a4,cef0d7e99cf98289cf781ea358600304c52099759ac7cef6c0a3cc8b44b6bdc2,evidence,,0,1,random_walk,random_walk,matched_prior_stationary_exact,0.8,10000.0,,,200000.0,xlarge
1,49,1.0,0.006784990522022593,0.9992441876386341,0.0004039954565148659,5632,153.44978700962383,0.33129878334729745,0.9311802971237151,0.0341610361019708,3953,120.27339605602901,0.00677746570156497,9068.500183354381,0.3311849626359956,7183.035553289226,9130,9129,8509,9129,1.0,revision_B@ff544e3dab27,ff544e3dab270c9412bea847c1119b0311242e63,b3-operational_20260825_130210_101492_c372f280,c372f2809deaf53f8be3bdb53f4495cea2a819857d704837db6d22d4ce9a26a4,cef0d7e99cf98289cf781ea358600304c52099759ac7cef6c0a3cc8b44b6bdc2,evidence,,0,1,random_walk,random_walk,matched_prior_stationary_exact,0.8,10000.0,,,200000.0,xlarge
1,50,0.0,0.3597224832804038,0.9167182498275649,0.04135683923322833,3991,97.2966352183139,0.3597224832804038,0.9167182498275649,0.04135683923322833,3991,102.09272304468323,0.35936282846589984,6652.151883247568,0.35936282846589984,6652.151883247568,8517,8516,8516,8516,0.0,revision_B@ff544e3dab27,ff544e3dab270c9412bea847c1119b0311242e63,b3-operational_20260825_130210_101492_c372f280,c372f2809deaf53f8be3bdb53f4495cea2a819857d704837db6d22d4ce9a26a4,cef0d7e99cf98289cf781ea358600304c52099759ac7cef6c0a3cc8b44b6bdc2,evidence,,0,1,random_walk,random_walk,matched_prior_stationary_exact,0.8,10000.0,,,200000.0,xlarge
1,50,0.5,0.2665890215865684,0.9517893079009537,0.02419581484127077,4166,121.84208458208013,0.34500220555269373,0.9275089314712569,0.03593803060997459,4149,126.25032562040724,0.26637741129962206,7011.539375879726,0.34484019690761136,6759.250457517218,8593,8592,8505,8592,0.5,revision_B@ff544e3dab27,ff544e3dab270c9412bea847c1119b0311242e63,b3-operational_20260825_130210_101492_c372f280,c372f2809deaf53f8be3bdb53f4495cea2a819857d704837db6d22d4ce9a26a4,cef0d7e99cf98289cf781ea358600304c52099759ac7cef6c0a3cc8b44b6bdc2,evidence,,0,1,random_walk,random_walk,matched_prior_stationary_exact,0.8,10000.0,,,200000.0,xlarge
1,50,1.0,0.009066592667028708,0.9989424367167777,0.0005445156153026453,4592,123.72983395843767,0.3470194306405296,0.9255061541732619,0.03692459922479712,3976,119.46754710189998,0.00905832302920842,8714.80974136151,0.3468068230996578,6962.880121481511,8794,8793,8503,8793,1.0,revision_B@ff544e3dab27,ff544e3dab270c9412bea847c1119b0311242e63,b3-operational_20260825_130210_101492_c372f280,c372f2809deaf53f8be3bdb53f4495cea2a819857d704837db6d22d4ce9a26a4,cef0d7e99cf98289cf781ea358600304c52099759ac7cef6c0a3cc8b44b6bdc2,evidence,,0,1,random_walk,random_walk,matched_prior_stationary_exact,0.8,10000.0,,,200000.0,xlarge
1,51,0.0,0.3540006909818717,0.9189999941065188,0.04023560546623418,4089,99.10413645068184,0.3540006909818717,0.9189999941065188,0.04023560546623418,4089,104.13843196025118,0.3537434344416396,6698.74898602228,0.3537434344416396,6698.74898602228,8526,8525,8525,8525,0.0,revision_B@ff544e3dab27,ff544e3dab270c9412bea847c1119b0311242e63,b3-operational_20260825_130210_101492_c372f280,c372f2809deaf53f8be3bdb53f4495cea2a819857d704837db6d22d4ce9a26a4,cef0d7e99cf98289cf781ea358600304c52099759ac7cef6c0a3cc8b44b6bdc2,evidence,,0,1,random_walk,random_walk,matched_prior_stationary_exact,0.8,10000.0,,,200000.0,xlarge
1,51,0.5,0.2207034878299234,0.9654852881249966,0.018100752953850836,3549,101.61362950189505,0.3649098547220396,0.9159468379691679,0.041675937093808915,4061,122.66752120049205,0.2205543018396447,7509.282894872386,0.3646539491883437,6908.008516551337,8976,8975,8509,8975,0.5,revision_B@ff544e3dab27,ff544e3dab270c9412bea847c1119b0311242e63,b3-operational_20260825_130210_101492_c372f280,c372f2809deaf53f8be3bdb53f4495cea2a819857d704837db6d22d4ce9a26a4,cef0d7e99cf98289cf781ea358600304c52099759ac7cef6c0a3cc8b44b6bdc2,evidence,,0,1,random_walk,random_walk,matched_prior_stationary_exact,0.8,10000.0,,,200000.0,xlarge
1,51,1.0,0.006876117784240084,0.9991370922905857,0.000436197992903732,4510,122.26079816371202,0.3483880030390882,0.9236520056173808,0.037878965303230795,4008,121.01914405426942,0.006872611731775734,8574.997716694817,0.3481803462722618,6687.622789425295,8634,8633,8507,8633,1.0,revision_B@ff544e3dab27,ff544e3dab270c9412bea847c1119b0311242e63,b3-operational_20260825_130210_101492_c372f280,c372f2809deaf53f8be3bdb53f4495cea2a819857d704837db6d22d4ce9a26a4,cef0d7e99cf98289cf781ea358600304c52099759ac7cef6c0a3cc8b44b6bdc2,evidence,,0,1,random_walk,random_walk,matched_prior_stationary_exact,0.8,10000.0,,,200000.0,xlarge
7,42,0.0,0.17690107512849373,0.8962397739288519,0.04904425089144795,4660,114.87073817302007,0.17690107512849373,0.8962397739288519,0.04904425089144795,4660,122.81129172071815,0.1767238389264508,7342.739309660904,0.1767238389264508,7342.739309660904,8249,8248,8248,8248,0.0,revision_B@ff544e3dab27,ff544e3dab270c9412bea847c1119b0311242e63,b3-operational_20260825_130210_101492_c372f280,c372f2809deaf53f8be3bdb53f4495cea2a819857d704837db6d22d4ce9a26a4,cef0d7e99cf98289cf781ea358600304c52099759ac7cef6c0a3cc8b44b6bdc2,evidence,,0,1,random_walk,random_walk,matched_prior_stationary_exact,0.8,10000.0,,,200000.0,xlarge
7,42,0.5,0.09439282076718422,0.9593983918405473,0.01880224469515403,5622,162.25036620651372,0.16825988868682137,0.901395343065784,0.04645174489974864,4811,148.1623024403816,0.09431636074764663,7675.489790993591,0.16810052591560243,7444.081764847958,8233,8151,8232,8232,0.5,revision_B@ff544e3dab27,ff544e3dab270c9412bea847c1119b0311242e63,b3-operational_20260825_130210_101492_c372f280,c372f2809deaf53f8be3bdb53f4495cea2a819857d704837db6d22d4ce9a26a4,cef0d7e99cf98289cf781ea358600304c52099759ac7cef6c0a3cc8b44b6bdc2,evidence,,0,1,random_walk,random_walk,matched_prior_stationary_exact,0.8,10000.0,,,200000.0,xlarge
7,42,1.0,0.005102000629007679,0.9989709924061845,0.0004617992634594026,5316,144.7434044458205,0.15872976885907047,0.9026524473612251,0.04578242824574735,4779,146.55226689053234,0.005097748568035976,8183.411696458109,0.15859059837697181,7473.838939969154,8225,8006,8224,8224,1.0,revision_B@ff544e3dab27,ff544e3dab270c9412bea847c1119b0311242e63,b3-operational_20260825_130210_101492_c372f280,c372f2809deaf53f8be3bdb53f4495cea2a819857d704837db6d22d4ce9a26a4,cef0d7e99cf98289cf781ea358600304c52099759ac7cef6c0a3cc8b44b6bdc2,evidence,,0,1,random_walk,random_walk,matched_prior_stationary_exact,0.8,10000.0,,,200000.0,xlarge
7,43,0.0,0.18799965110145206,0.8972442062894325,0.04864967557140352,4477,112.9025964946486,0.18799965110145206,0.8972442062894325,0.04864967557140352,4477,118.42794350674376,0.18780311210527809,7291.892980904849,0.18780311210527809,7291.892980904849,8257,8256,8256,8256,0.0,revision_B@ff544e3dab27,ff544e3dab270c9412bea847c1119b0311242e63,b3-operational_20260825_130210_101492_c372f280,c372f2809deaf53f8be3bdb53f4495cea2a819857d704837db6d22d4ce9a26a4,cef0d7e99cf98289cf781ea358600304c52099759ac7cef6c0a3cc8b44b6bdc2,evidence,,0,1,random_walk,random_walk,matched_prior_stationary_exact,0.8,10000.0,,,200000.0,xlarge
7,43,0.5,0.047191893550107514,0.9826335120746362,0.007932425322967207,4503,126.85986631561536,0.16642666019378305,0.8950038983701101,0.04959373355936166,4436,137.82436699152458,0.04716963371783856,7904.146121492292,0.1662902550348909,7303.5003796782985,8246,8087,8245,8245,0.5,revision_B@ff544e3dab27,ff544e3dab270c9412bea847c1119b0311242e63,b3-operational_20260825_130210_101492_c372f280,c372f2809deaf53f8be3bdb53f4495cea2a819857d704837db6d22d4ce9a26a4,cef0d7e99cf98289cf781ea358600304c52099759ac7cef6c0a3cc8b44b6bdc2,evidence,,0,1,random_walk,random_walk,matched_prior_stationary_exact,0.8,10000.0,,,200000.0,xlarge
7,43,1.0,0.00494421731500182,0.9989466897330975,0.00048225872449874323,4935,135.16241056111176,0.19133069124001187,0.899160855545074,0.047802069328345125,4353,134.61880293185823,0.004937322246901496,8222.522777626458,0.1911697215917671,7334.611374231295,8263,8098,8262,8262,1.0,revision_B@ff544e3dab27,ff544e3dab270c9412bea847c1119b0311242e63,b3-operational_20260825_130210_101492_c372f280,c372f2809deaf53f8be3bdb53f4495cea2a819857d704837db6d22d4ce9a26a4,cef0d7e99cf98289cf781ea358600304c52099759ac7cef6c0a3cc8b44b6bdc2,evidence,,0,1,random_walk,random_walk,matched_prior_stationary_exact,0.8,10000.0,,,200000.0,xlarge
7,44,0.0,0.20742859566125885,0.8966774816722806,0.04877243233763956,4753,118.88035309431143,0.20742859566125885,0.8966774816722806,0.04877243233763956,4753,124.54226445534732,0.2072573386496559,7260.5084884497455,0.2072573386496559,7260.5084884497455,8243,8242,8242,8242,0.0,revision_B@ff544e3dab27,ff544e3dab270c9412bea847c1119b0311242e63,b3-operational_20260825_130210_101492_c372f280,c372f2809deaf53f8be3bdb53f4495cea2a819857d704837db6d22d4ce9a26a4,cef0d7e99cf98289cf781ea358600304c52099759ac7cef6c0a3cc8b44b6bdc2,evidence,,0,1,random_walk,random_walk,matched_prior_stationary_exact,0.8,10000.0,,,200000.0,xlarge
7,44,0.5,0.04348878332077574,0.9750023870906139,0.011477757643070088,5735,162.9409895845456,0.20809800284907318,0.8964925174941789,0.048982872508329924,4676,146.84000094572548,0.0434620322779693,7931.519996773128,0.20790906644872081,7276.721371426612,8255,8111,8254,8254,0.5,revision_B@ff544e3dab27,ff544e3dab270c9412bea847c1119b0311242e63,b3-operational_20260825_130210_101492_c372f280,c372f2809deaf53f8be3bdb53f4495cea2a819857d704837db6d22d4ce9a26a4,cef0d7e99cf98289cf781ea358600304c52099759ac7cef6c0a3cc8b44b6bdc2,evidence,,0,1,random_walk,random_walk,matched_prior_stationary_exact,0.8,10000.0,,,200000.0,xlarge
7,44,1.0,0.004630395263730492,0.999016935519907,0.00045010814286549364,4497,124.10639674041886,0.14202161645259379,0.9104933869897627,0.042190331443268836,4706,144.24653180874884,0.0046268002899437465,8198.200954145474,0.141892219723597,7524.426346784017,8236,8098,8235,8235,1.0,revision_B@ff544e3dab27,ff544e3dab270c9412bea847c1119b0311242e63,b3-operational_20260825_130210_101492_c372f280,c372f2809deaf53f8be3bdb53f4495cea2a819857d704837db6d22d4ce9a26a4,cef0d7e99cf98289cf781ea358600304c52099759ac7cef6c0a3cc8b44b6bdc2,evidence,,0,1,random_walk,random_walk,matched_prior_stationary_exact,0.8,10000.0,,,200000.0,xlarge
7,45,0.0,0.16334930365678701,0.9146969988278125,0.040199918162155845,4018,99.02796403353568,0.16334930365678701,0.9146969988278125,0.040199918162155845,4018,103.32092807756271,0.1632787564576486,7429.903491439122,0.1632787564576486,7429.903491439122,8235,8234,8234,8234,0.0,revision_B@ff544e3dab27,ff544e3dab270c9412bea847c1119b0311242e63,b3-operational_20260825_130210_101492_c372f280,c372f2809deaf53f8be3bdb53f4495cea2a819857d704837db6d22d4ce9a26a4,cef0d7e99cf98289cf781ea358600304c52099759ac7cef6c0a3cc8b44b6bdc2,evidence,,0,1,random_walk,random_walk,matched_prior_stationary_exact,0.8,10000.0,,,200000.0,xlarge
7,45,0.5,0.06827380338869694,0.9678913930654548,0.014786344771146315,4465,130.56445837090723,0.19231706462925435,0.8976958127547277,0.048494768223534226,3920,125.680174121866,0.06822825658231588,7787.800900840991,0.19214557964534976,7350.2681786883995,8263,8125,8262,8262,0.5,revision_B@ff544e3dab27,ff544e3dab270c9412bea847c1119b0311242e63,b3-operational_20260825_130210_101492_c372f280,c372f2809deaf53f8be3bdb53f4495cea2a819857d704837db6d22d4ce9a26a4,cef0d7e99cf98289cf781ea358600304c52099759ac7cef6c0a3cc8b44b6bdc2,evidence,,0,1,random_walk,random_walk,matched_prior_stationary_exact,0.8,10000.0,,,200000.0,xlarge
7,45,1.0,0.004943994691836017,0.9990039904229848,0.0004559537031624481,4936,136.99147903185803,0.16331866914799018,0.9117960803770776,0.041567779271643186,4042,128.36686636938248,0.004939458335115481,8194.606178181299,0.16321334439454377,7473.074888752868,8235,8097,8234,8234,1.0,revision_B@ff544e3dab27,ff544e3dab270c9412bea847c1119b0311242e63,b3-operational_20260825_130210_101492_c372f280,c372f2809deaf53f8be3bdb53f4495cea2a819857d704837db6d22d4ce9a26a4,cef0d7e99cf98289cf781ea358600304c52099759ac7cef6c0a3cc8b44b6bdc2,evidence,,0,1,random_walk,random_walk,matched_prior_stationary_exact,0.8,10000.0,,,200000.0,xlarge
7,46,0.0,0.18647104349520227,0.8962196464577741,0.049041328111299465,4738,119.5332078562351,0.18647104349520227,0.8962196464577741,0.049041328111299465,4738,125.94676841830369,0.18631846900996635,7369.988619598695,0.18631846900996635,7369.988619598695,8248,8247,8247,8247,0.0,revision_B@ff544e3dab27,ff544e3dab270c9412bea847c1119b0311242e63,b3-operational_20260825_130210_101492_c372f280,c372f2809deaf53f8be3bdb53f4495cea2a819857d704837db6d22d4ce9a26a4,cef0d7e99cf98289cf781ea358600304c52099759ac7cef6c0a3cc8b44b6bdc2,evidence,,0,1,random_walk,random_walk,matched_prior_stationary_exact,0.8,10000.0,,,200000.0,xlarge
7,46,0.5,0.09732404921106151,0.9583497577661076,0.019147132752674344,5282,155.85725812113378,0.20329067186751007,0.8961481902549338,0.04912608873560531,4696,149.21318427217193,0.09724596650470911,7632.791893557962,0.2030827688167457,7321.75709318287,8253,8117,8252,8252,0.5,revision_B@ff544e3dab27,ff544e3dab270c9412bea847c1119b0311242e63,b3-operational_20260825_130210_101492_c372f280,c372f2809deaf53f8be3bdb53f4495cea2a819857d704837db6d22d4ce9a26a4,cef0d7e99cf98289cf781ea358600304c52099759ac7cef6c0a3cc8b44b6bdc2,evidence,,0,1,random_walk,random_walk,matched_prior_stationary_exact,0.8,10000.0,,,200000.0,xlarge
7,46,1.0,0.004832141948652559,0.9989913498675349,0.0004617992634594026,5821,160.79125489015132,0.1723524482650011,0.9002873953103993,0.04725550944057988,4727,150.11617583862972,0.0048289137020164075,8222.420688854007,0.17217001949175575,7393.203100514023,8262,8098,8261,8261,1.0,revision_B@ff544e3dab27,ff544e3dab270c9412bea847c1119b0311242e63,b3-operational_20260825_130210_101492_c372f280,c372f2809deaf53f8be3bdb53f4495cea2a819857d704837db6d22d4ce9a26a4,cef0d7e99cf98289cf781ea358600304c52099759ac7cef6c0a3cc8b44b6bdc2,evidence,,0,1,random_walk,random_walk,matched_prior_stationary_exact,0.8,10000.0,,,200000.0,xlarge
7,47,0.0,0.18807694110566323,0.8965847746371748,0.04888057520313322,4769,121.77632749872282,0.18793888294983901,0.8967084193735857,0.04883088794060911,4721,126.45868332963437,0.18793862213752052,7306.692417776612,0.18775363664941253,7303.71533356283,8250,8248,8249,8249,0.0,revision_B@ff544e3dab27,ff544e3dab270c9412bea847c1119b0311242e63,b3-operational_20260825_130210_101492_c372f280,c372f2809deaf53f8be3bdb53f4495cea2a819857d704837db6d22d4ce9a26a4,cef0d7e99cf98289cf781ea358600304c52099759ac7cef6c0a3cc8b44b6bdc2,evidence,,0,1,random_walk,random_walk,matched_prior_stationary_exact,0.8,10000.0,,,200000.0,xlarge
7,47,0.5,0.09680407238961947,0.9588073828679603,0.019079908809259367,5411,158.4407097181538,0.1798511018438559,0.8984290290783638,0.04818787630794412,4692,149.6391780481208,0.09674057957315174,7624.913642423873,0.1796733708666589,7331.14984637921,8267,8152,8266,8266,0.5,revision_B@ff544e3dab27,ff544e3dab270c9412bea847c1119b0311242e63,b3-operational_20260825_130210_101492_c372f280,c372f2809deaf53f8be3bdb53f4495cea2a819857d704837db6d22d4ce9a26a4,cef0d7e99cf98289cf781ea358600304c52099759ac7cef6c0a3cc8b44b6bdc2,evidence,,0,1,random_walk,random_walk,matched_prior_stationary_exact,0.8,10000.0,,,200000.0,xlarge
7,47,1.0,0.004970969176553893,0.9989466628363497,0.00048225872449874323,4481,124.63111619814299,0.17087480198557964,0.8984084357830939,0.04820833576898346,4723,149.76904671289958,0.004968591677240324,8227.225266138306,0.17070910325412636,7416.446157790811,8268,8098,8267,8267,1.0,revision_B@ff544e3dab27,ff544e3dab270c9412bea847c1119b0311242e63,b3-operational_20260825_130210_101492_c372f280,c372f2809deaf53f8be3bdb53f4495cea2a819857d704837db6d22d4ce9a26a4,cef0d7e99cf98289cf781ea358600304c52099759ac7cef6c0a3cc8b44b6bdc2,evidence,,0,1,random_walk,random_walk,matched_prior_stationary_exact,0.8,10000.0,,,200000.0,xlarge
7,48,0.0,0.16557222439579983,0.8977177716532995,0.048269714152101476,4466,112.56035475281533,0.16557222439579983,0.8977177716532995,0.048269714152101476,4466,117.46805397805292,0.165419247531696,7398.275249973046,0.165419247531696,7398.275249973046,8242,8241,8241,8241,0.0,revision_B@ff544e3dab27,ff544e3dab270c9412bea847c1119b0311242e63,b3-operational_20260825_130210_101492_c372f280,c372f2809deaf53f8be3bdb53f4495cea2a819857d704837db6d22d4ce9a26a4,cef0d7e99cf98289cf781ea358600304c52099759ac7cef6c0a3cc8b44b6bdc2,evidence,,0,1,random_walk,random_walk,matched_prior_stationary_exact,0.8,10000.0,,,200000.0,xlarge
7,48,0.5,0.04255096617166943,0.983791537786658,0.007397556555795873,5270,151.99466694856528,0.1856665764877897,0.8996461211804166,0.04765885310106974,4456,142.70763873157557,0.04253479959841166,7950.201015202796,0.18548786751461108,7371.046878946197,8272,8083,8271,8271,0.5,revision_B@ff544e3dab27,ff544e3dab270c9412bea847c1119b0311242e63,b3-operational_20260825_130210_101492_c372f280,c372f2809deaf53f8be3bdb53f4495cea2a819857d704837db6d22d4ce9a26a4,cef0d7e99cf98289cf781ea358600304c52099759ac7cef6c0a3cc8b44b6bdc2,evidence,,0,1,random_walk,random_walk,matched_prior_stationary_exact,0.8,10000.0,,,200000.0,xlarge
7,48,1.0,0.0035883442595683736,0.9992402040594812,0.00034781083766879055,4041,114.29188829823397,0.18886192505969696,0.8998853366540496,0.04746594961127024,4464,143.34456509375013,0.0035843508773895747,8234.575592318859,0.1886924021553067,7358.615596773881,8264,8097,8263,8263,1.0,revision_B@ff544e3dab27,ff544e3dab270c9412bea847c1119b0311242e63,b3-operational_20260825_130210_101492_c372f280,c372f2809deaf53f8be3bdb53f4495cea2a819857d704837db6d22d4ce9a26a4,cef0d7e99cf98289cf781ea358600304c52099759ac7cef6c0a3cc8b44b6bdc2,evidence,,0,1,random_walk,random_walk,matched_prior_stationary_exact,0.8,10000.0,,,200000.0,xlarge
7,49,0.0,0.19845776549222097,0.8965706972977318,0.048898111884024084,4772,123.36229513119906,0.19845776549222097,0.8965706972977318,0.048898111884024084,4772,129.7023292890517,0.19827312648126638,7235.361867905882,0.19827312648126638,7235.361867905882,8250,8249,8249,8249,0.0,revision_B@ff544e3dab27,ff544e3dab270c9412bea847c1119b0311242e63,b3-operational_20260825_130210_101492_c372f280,c372f2809deaf53f8be3bdb53f4495cea2a819857d704837db6d22d4ce9a26a4,cef0d7e99cf98289cf781ea358600304c52099759ac7cef6c0a3cc8b44b6bdc2,evidence,,0,1,random_walk,random_walk,matched_prior_stationary_exact,0.8,10000.0,,,200000.0,xlarge
7,49,0.5,0.07043413989833351,0.9673937172177156,0.015026012743321448,4641,137.98030634061433,0.21310982823229202,0.8978040957315568,0.048424621499970774,4781,154.65876641322393,0.07038280641320202,7765.463988264254,0.21290597829513966,7315.502625795257,8261,8128,8260,8260,0.5,revision_B@ff544e3dab27,ff544e3dab270c9412bea847c1119b0311242e63,b3-operational_20260825_130210_101492_c372f280,c372f2809deaf53f8be3bdb53f4495cea2a819857d704837db6d22d4ce9a26a4,cef0d7e99cf98289cf781ea358600304c52099759ac7cef6c0a3cc8b44b6bdc2,evidence,,0,1,random_walk,random_walk,matched_prior_stationary_exact,0.8,10000.0,,,200000.0,xlarge
7,49,1.0,0.003746489473439326,0.9992052217556464,0.0003711930788566084,4987,139.2389856276568,0.1979289850615316,0.896279712994028,0.0488834979832817,4830,153.49049328558613,0.0037454801150863257,8204.359916482481,0.19774114888457428,7276.573095342617,8235,8191,8234,8234,1.0,revision_B@ff544e3dab27,ff544e3dab270c9412bea847c1119b0311242e63,b3-operational_20260825_130210_101492_c372f280,c372f2809deaf53f8be3bdb53f4495cea2a819857d704837db6d22d4ce9a26a4,cef0d7e99cf98289cf781ea358600304c52099759ac7cef6c0a3cc8b44b6bdc2,evidence,,0,1,random_walk,random_walk,matched_prior_stationary_exact,0.8,10000.0,,,200000.0,xlarge
7,50,0.0,0.17136344270791604,0.8964782802516221,0.04886888408253931,4795,122.9951333149802,0.17136344270791604,0.8964782802516221,0.04886888408253931,4795,129.1216527040815,0.17119847259879128,7382.725794137299,0.17119847259879128,7382.725794137299,8243,8242,8242,8242,0.0,revision_B@ff544e3dab27,ff544e3dab270c9412bea847c1119b0311242e63,b3-operational_20260825_130210_101492_c372f280,c372f2809deaf53f8be3bdb53f4495cea2a819857d704837db6d22d4ce9a26a4,cef0d7e99cf98289cf781ea358600304c52099759ac7cef6c0a3cc8b44b6bdc2,evidence,,0,1,random_walk,random_walk,matched_prior_stationary_exact,0.8,10000.0,,,200000.0,xlarge
7,50,0.5,0.08353056994169528,0.9631790426171418,0.01700765768398901,4893,145.09262926410884,0.16603905077471934,0.9149909381203073,0.040305138247501024,4760,149.07052545971237,0.08347640827605958,7662.789398887167,0.16592839640970045,7475.296822186651,8264,8139,8263,8263,0.5,revision_B@ff544e3dab27,ff544e3dab270c9412bea847c1119b0311242e63,b3-operational_20260825_130210_101492_c372f280,c372f2809deaf53f8be3bdb53f4495cea2a819857d704837db6d22d4ce9a26a4,cef0d7e99cf98289cf781ea358600304c52099759ac7cef6c0a3cc8b44b6bdc2,evidence,,0,1,random_walk,random_walk,matched_prior_stationary_exact,0.8,10000.0,,,200000.0,xlarge
7,50,1.0,0.005161983448131936,0.9988826744304832,0.0005114865259835155,4932,140.03089813434053,0.1669184633328921,0.8972164200844185,0.04846846320219793,4797,154.08131365536246,0.005160333187562235,8195.814296876531,0.16675621759119127,7433.717559256076,8238,8097,8237,8237,1.0,revision_B@ff544e3dab27,ff544e3dab270c9412bea847c1119b0311242e63,b3-operational_20260825_130210_101492_c372f280,c372f2809deaf53f8be3bdb53f4495cea2a819857d704837db6d22d4ce9a26a4,cef0d7e99cf98289cf781ea358600304c52099759ac7cef6c0a3cc8b44b6bdc2,evidence,,0,1,random_walk,random_walk,matched_prior_stationary_exact,0.8,10000.0,,,200000.0,xlarge
7,51,0.0,0.1956041004699838,0.8950843454163334,0.04946220845268019,4042,104.44044805632439,0.1956041004699838,0.8950843454163334,0.04946220845268019,4042,110.00185167219024,0.19542257802088348,7256.376149587368,0.19542257802088348,7256.376149587368,8237,8236,8236,8236,0.0,revision_B@ff544e3dab27,ff544e3dab270c9412bea847c1119b0311242e63,b3-operational_20260825_130210_101492_c372f280,c372f2809deaf53f8be3bdb53f4495cea2a819857d704837db6d22d4ce9a26a4,cef0d7e99cf98289cf781ea358600304c52099759ac7cef6c0a3cc8b44b6bdc2,evidence,,0,1,random_walk,random_walk,matched_prior_stationary_exact,0.8,10000.0,,,200000.0,xlarge
7,51,0.5,0.06664308871963529,0.9682092299879388,0.014637282983573975,4162,122.80087305174675,0.20264381273025472,0.8989009366946916,0.04804466008066873,3990,128.62170267361216,0.06659897797305352,7807.7044195170565,0.20246940520901785,7344.298640218669,8275,8124,8274,8274,0.5,revision_B@ff544e3dab27,ff544e3dab270c9412bea847c1119b0311242e63,b3-operational_20260825_130210_101492_c372f280,c372f2809deaf53f8be3bdb53f4495cea2a819857d704837db6d22d4ce9a26a4,cef0d7e99cf98289cf781ea358600304c52099759ac7cef6c0a3cc8b44b6bdc2,evidence,,0,1,random_walk,random_walk,matched_prior_stationary_exact,0.8,10000.0,,,200000.0,xlarge
7,51,1.0,0.004480620244846528,0.9990675144566551,0.0004354942421231075,4539,129.4746300195111,0.1945411053935354,0.9001013258862925,0.047258432220728355,3965,132.45184754696675,0.00447925030069722,8216.311664475386,0.19439500994670675,7310.029277090333,8253,8191,8252,8252,1.0,revision_B@ff544e3dab27,ff544e3dab270c9412bea847c1119b0311242e63,b3-operational_20260825_130210_101492_c372f280,c372f2809deaf53f8be3bdb53f4495cea2a819857d704837db6d22d4ce9a26a4,cef0d7e99cf98289cf781ea358600304c52099759ac7cef6c0a3cc8b44b6bdc2,evidence,,0,1,random_walk,random_walk,matched_prior_stationary_exact,0.8,10000.0,,,200000.0,xlarge
10,42,0.0,0.23703452731138894,0.9393439733450082,0.03127959583994277,4250,108.98702298779972,0.23703452731138894,0.9393439733450082,0.03127959583994277,4250,113.61728146392852,0.23685332316770658,7279.865200879413,0.23685332316770658,7279.865200879413,8794,8793,8793,8793,0.0,revision_B@ff544e3dab27,ff544e3dab270c9412bea847c1119b0311242e63,b3-operational_20260825_130210_101492_c372f280,c372f2809deaf53f8be3bdb53f4495cea2a819857d704837db6d22d4ce9a26a4,cef0d7e99cf98289cf781ea358600304c52099759ac7cef6c0a3cc8b44b6bdc2,evidence,,0,1,random_walk,random_walk,matched_prior_stationary_exact,0.8,10000.0,,,200000.0,xlarge
10,42,0.5,0.12053670466528876,0.989111491028599,0.005770364136952321,4426,134.38518972625025,0.2821802535055239,0.9353748475418618,0.03324703198623088,4227,137.01628789491951,0.12051429235195033,8039.689173295479,0.2820990329961003,7342.861269800105,9037,9036,8772,9036,0.5,revision_B@ff544e3dab27,ff544e3dab270c9412bea847c1119b0311242e63,b3-operational_20260825_130210_101492_c372f280,c372f2809deaf53f8be3bdb53f4495cea2a819857d704837db6d22d4ce9a26a4,cef0d7e99cf98289cf781ea358600304c52099759ac7cef6c0a3cc8b44b6bdc2,evidence,,0,1,random_walk,random_walk,matched_prior_stationary_exact,0.8,10000.0,,,200000.0,xlarge
10,42,1.0,0.0018438195836147574,0.9996932461051105,0.0001524689710983337,4705,137.91642725060228,0.30950711018310173,0.9173926429337043,0.04248313312007225,4226,138.5770061389776,0.001844433993414911,8753.921663611274,0.30931206494248364,7003.46990363733,8770,8475,8769,8769,1.0,revision_B@ff544e3dab27,ff544e3dab270c9412bea847c1119b0311242e63,b3-operational_20260825_130210_101492_c372f280,c372f2809deaf53f8be3bdb53f4495cea2a819857d704837db6d22d4ce9a26a4,cef0d7e99cf98289cf781ea358600304c52099759ac7cef6c0a3cc8b44b6bdc2,evidence,,0,1,random_walk,random_walk,matched_prior_stationary_exact,0.8,10000.0,,,200000.0,xlarge
10,43,0.0,0.2525454775611262,0.9396358918032973,0.03110073800846203,4130,106.13511155114975,0.2525454775611262,0.9396358918032973,0.03110073800846203,4130,111.09665544983,0.2523427261231369,7266.257453473907,0.2523427261231369,7266.257453473907,8786,8785,8785,8785,0.0,revision_B@ff544e3dab27,ff544e3dab270c9412bea847c1119b0311242e63,b3-operational_20260825_130210_101492_c372f280,c372f2809deaf53f8be3bdb53f4495cea2a819857d704837db6d22d4ce9a26a4,cef0d7e99cf98289cf781ea358600304c52099759ac7cef6c0a3cc8b44b6bdc2,evidence,,0,1,random_walk,random_walk,matched_prior_stationary_exact,0.8,10000.0,,,200000.0,xlarge
10,43,0.5,0.12259824451411054,0.9881687183451204,0.006013728071590046,3307,99.67955343180802,0.24985652675709116,0.9499187717371408,0.025670496960882912,4241,134.77139848086517,0.12256789769021881,7779.381705488333,0.24981510689727904,7185.833709378328,8741,8667,8740,8740,0.5,revision_B@ff544e3dab27,ff544e3dab270c9412bea847c1119b0311242e63,b3-operational_20260825_130210_101492_c372f280,c372f2809deaf53f8be3bdb53f4495cea2a819857d704837db6d22d4ce9a26a4,cef0d7e99cf98289cf781ea358600304c52099759ac7cef6c0a3cc8b44b6bdc2,evidence,,0,1,random_walk,random_walk,matched_prior_stationary_exact,0.8,10000.0,,,200000.0,xlarge
10,43,1.0,0.0038128818221831724,0.9994978182995011,0.0002638886038240391,4968,146.2666881388286,0.293268884727312,0.9284105331763037,0.03671570107871797,4192,135.5191749165533,0.0038140243600140976,8927.033832783189,0.2931553621664855,7176.855686250083,8961,8960,8745,8960,1.0,revision_B@ff544e3dab27,ff544e3dab270c9412bea847c1119b0311242e63,b3-operational_20260825_130210_101492_c372f280,c372f2809deaf53f8be3bdb53f4495cea2a819857d704837db6d22d4ce9a26a4,cef0d7e99cf98289cf781ea358600304c52099759ac7cef6c0a3cc8b44b6bdc2,evidence,,0,1,random_walk,random_walk,matched_prior_stationary_exact,0.8,10000.0,,,200000.0,xlarge
10,44,0.0,0.267491645112238,0.928792745672134,0.03672449736551211,4271,110.64037723315414,0.267491645112238,0.928792745672134,0.03672449736551211,4271,113.68938985909335,0.2673068544188103,7199.614401246576,0.2673068544188103,7199.614401246576,8795,8794,8794,8794,0.0,revision_B@ff544e3dab27,ff544e3dab270c9412bea847c1119b0311242e63,b3-operational_20260825_130210_101492_c372f280,c372f2809deaf53f8be3bdb53f4495cea2a819857d704837db6d22d4ce9a26a4,cef0d7e99cf98289cf781ea358600304c52099759ac7cef6c0a3cc8b44b6bdc2,evidence,,0,1,random_walk,random_walk,matched_prior_stationary_exact,0.8,10000.0,,,200000.0,xlarge
10,44,0.5,0.12679831316162474,0.9880847777298956,0.006242431528237546,4049,121.01854816148989,0.29429717264798194,0.9322551148702709,0.03475706121922399,4162,134.03946092689876,0.12674251787261992,7896.983489790072,0.29417340695842653,7191.405879094817,8934,8933,8748,8933,0.5,revision_B@ff544e3dab27,ff544e3dab270c9412bea847c1119b0311242e63,b3-operational_20260825_130210_101492_c372f280,c372f2809deaf53f8be3bdb53f4495cea2a819857d704837db6d22d4ce9a26a4,cef0d7e99cf98289cf781ea358600304c52099759ac7cef6c0a3cc8b44b6bdc2,evidence,,0,1,random_walk,random_walk,matched_prior_stationary_exact,0.8,10000.0,,,200000.0,xlarge
10,44,1.0,0.0031034001837816094,0.9995223391733056,0.0002462960302357698,4598,134.6539598851232,0.2789575914295442,0.9398218640167604,0.03082512102224581,4155,131.57278061343823,0.003098233701781166,8765.919494575819,0.2788753065325498,7156.094297705891,8793,8792,8734,8792,1.0,revision_B@ff544e3dab27,ff544e3dab270c9412bea847c1119b0311242e63,b3-operational_20260825_130210_101492_c372f280,c372f2809deaf53f8be3bdb53f4495cea2a819857d704837db6d22d4ce9a26a4,cef0d7e99cf98289cf781ea358600304c52099759ac7cef6c0a3cc8b44b6bdc2,evidence,,0,1,random_walk,random_walk,matched_prior_stationary_exact,0.8,10000.0,,,200000.0,xlarge
10,45,0.0,0.27406623240690103,0.9295564793594285,0.03631986817298191,4328,114.72685200721025,0.27406623240690103,0.9295564793594285,0.03631986817298191,4328,119.0457321862923,0.2738494938937409,7136.546625677248,0.2738494938937409,7136.546625677248,8792,8791,8791,8791,0.0,revision_B@ff544e3dab27,ff544e3dab270c9412bea847c1119b0311242e63,b3-operational_20260825_130210_101492_c372f280,c372f2809deaf53f8be3bdb53f4495cea2a819857d704837db6d22d4ce9a26a4,cef0d7e99cf98289cf781ea358600304c52099759ac7cef6c0a3cc8b44b6bdc2,evidence,,0,1,random_walk,random_walk,matched_prior_stationary_exact,0.8,10000.0,,,200000.0,xlarge
10,45,0.5,0.13261970110905538,0.9856294288138768,0.007646905319701043,5376,162.08678617654368,0.2892423617195634,0.9350785758729543,0.0333467232365644,4231,138.80628923140466,0.13252531382396676,7990.134586144176,0.2891278550543886,7350.955224546353,9074,9073,8758,9073,0.5,revision_B@ff544e3dab27,ff544e3dab270c9412bea847c1119b0311242e63,b3-operational_20260825_130210_101492_c372f280,c372f2809deaf53f8be3bdb53f4495cea2a819857d704837db6d22d4ce9a26a4,cef0d7e99cf98289cf781ea358600304c52099759ac7cef6c0a3cc8b44b6bdc2,evidence,,0,1,random_walk,random_walk,matched_prior_stationary_exact,0.8,10000.0,,,200000.0,xlarge
10,45,1.0,0.003115962652859729,0.9995703628481037,0.00022577136104945565,4978,147.11833288613707,0.28431407762589184,0.9260964297764536,0.03789147141353397,4200,141.04306480498053,0.0031170108117914075,8933.232240148609,0.284202056121714,7164.522803730381,8961,8960,8742,8960,1.0,revision_B@ff544e3dab27,ff544e3dab270c9412bea847c1119b0311242e63,b3-operational_20260825_130210_101492_c372f280,c372f2809deaf53f8be3bdb53f4495cea2a819857d704837db6d22d4ce9a26a4,cef0d7e99cf98289cf781ea358600304c52099759ac7cef6c0a3cc8b44b6bdc2,evidence,,0,1,random_walk,random_walk,matched_prior_stationary_exact,0.8,10000.0,,,200000.0,xlarge
10,46,0.0,0.26490592507942257,0.9334126108082889,0.03431431478391921,4326,112.79531832272187,0.26490592507942257,0.9334126108082889,0.03431431478391921,4326,118.8726038512541,0.26472816486186457,7234.47702136173,0.26472816486186457,7234.47702136173,8788,8787,8787,8787,0.0,revision_B@ff544e3dab27,ff544e3dab270c9412bea847c1119b0311242e63,b3-operational_20260825_130210_101492_c372f280,c372f2809deaf53f8be3bdb53f4495cea2a819857d704837db6d22d4ce9a26a4,cef0d7e99cf98289cf781ea358600304c52099759ac7cef6c0a3cc8b44b6bdc2,evidence,,0,1,random_walk,random_walk,matched_prior_stationary_exact,0.8,10000.0,,,200000.0,xlarge
10,46,0.5,0.14299873930168,0.9839494191029156,0.008291966351270916,4051,122.69512542453595,0.26938232217854297,0.936052222780646,0.032830674411308505,4139,134.923155592056,0.14293529816712947,7684.491043820089,0.26929278380356575,7129.846280964748,8810,8809,8754,8809,0.5,revision_B@ff544e3dab27,ff544e3dab270c9412bea847c1119b0311242e63,b3-operational_20260825_130210_101492_c372f280,c372f2809deaf53f8be3bdb53f4495cea2a819857d704837db6d22d4ce9a26a4,cef0d7e99cf98289cf781ea358600304c52099759ac7cef6c0a3cc8b44b6bdc2,evidence,,0,1,random_walk,random_walk,matched_prior_stationary_exact,0.8,10000.0,,,200000.0,xlarge
10,46,1.0,0.003450034218511798,0.9994754903328404,0.0002756169862162186,4970,146.5760743507417,0.2843821671945278,0.9271594646446191,0.03740474354425852,4228,140.6775188863976,0.0034509202144371726,8930.252570462442,0.28425601146214563,7233.945550619285,8961,8960,8756,8960,1.0,revision_B@ff544e3dab27,ff544e3dab270c9412bea847c1119b0311242e63,b3-operational_20260825_130210_101492_c372f280,c372f2809deaf53f8be3bdb53f4495cea2a819857d704837db6d22d4ce9a26a4,cef0d7e99cf98289cf781ea358600304c52099759ac7cef6c0a3cc8b44b6bdc2,evidence,,0,1,random_walk,random_walk,matched_prior_stationary_exact,0.8,10000.0,,,200000.0,xlarge
10,47,0.0,0.26615783124476206,0.9269223127359428,0.037744866633631725,4329,113.5012960304739,0.26615783124476206,0.9269223127359428,0.037744866633631725,4329,120.02182152238674,0.2659474683559642,7229.1397774693105,0.2659474683559642,7229.1397774693105,8808,8807,8807,8807,0.0,revision_B@ff544e3dab27,ff544e3dab270c9412bea847c1119b0311242e63,b3-operational_20260825_130210_101492_c372f280,c372f2809deaf53f8be3bdb53f4495cea2a819857d704837db6d22d4ce9a26a4,cef0d7e99cf98289cf781ea358600304c52099759ac7cef6c0a3cc8b44b6bdc2,evidence,,0,1,random_walk,random_walk,matched_prior_stationary_exact,0.8,10000.0,,,200000.0,xlarge
10,47,0.5,0.1214171906708496,0.988830232763181,0.005943357777236969,3485,105.92514824261889,0.2956272645666049,0.9308579989935496,0.035451967875960624,4069,132.70303109206725,0.12134072340780724,8064.848392617824,0.2955028669868479,7337.795285580804,9074,9073,8743,9073,0.5,revision_B@ff544e3dab27,ff544e3dab270c9412bea847c1119b0311242e63,b3-operational_20260825_130210_101492_c372f280,c372f2809deaf53f8be3bdb53f4495cea2a819857d704837db6d22d4ce9a26a4,cef0d7e99cf98289cf781ea358600304c52099759ac7cef6c0a3cc8b44b6bdc2,evidence,,0,1,random_walk,random_walk,matched_prior_stationary_exact,0.8,10000.0,,,200000.0,xlarge
10,47,1.0,0.0031401158588713423,0.9995089724131774,0.0002580244126279493,4971,146.90753127716016,0.28734046733627855,0.9284174410293067,0.03670397269632579,4091,135.0367289853748,0.003140244973812614,8933.016232381753,0.28722020429293504,7229.195294773848,8961,8960,8743,8960,1.0,revision_B@ff544e3dab27,ff544e3dab270c9412bea847c1119b0311242e63,b3-operational_20260825_130210_101492_c372f280,c372f2809deaf53f8be3bdb53f4495cea2a819857d704837db6d22d4ce9a26a4,cef0d7e99cf98289cf781ea358600304c52099759ac7cef6c0a3cc8b44b6bdc2,evidence,,0,1,random_walk,random_walk,matched_prior_stationary_exact,0.8,10000.0,,,200000.0,xlarge
10,48,0.0,0.26270266709106554,0.9274145920407051,0.03747804593420964,4284,112.96409947716165,0.26270266709106554,0.9274145920407051,0.03747804593420964,4284,117.90834789269138,0.2625036968005684,7213.7129300410625,0.2625036968005684,7213.7129300410625,8805,8804,8804,8804,0.0,revision_B@ff544e3dab27,ff544e3dab270c9412bea847c1119b0311242e63,b3-operational_20260825_130210_101492_c372f280,c372f2809deaf53f8be3bdb53f4495cea2a819857d704837db6d22d4ce9a26a4,cef0d7e99cf98289cf781ea358600304c52099759ac7cef6c0a3cc8b44b6bdc2,evidence,,0,1,random_walk,random_walk,matched_prior_stationary_exact,0.8,10000.0,,,200000.0,xlarge
10,48,0.5,0.14256958849907575,0.9842444844513525,0.008262645395290468,4869,151.43545810808428,0.26771085694036584,0.9335878428888547,0.0341237285700463,4266,142.73879243130796,0.14249745884673357,7810.489348510417,0.26760742447880603,7307.244102042825,8943,8942,8761,8942,0.5,revision_B@ff544e3dab27,ff544e3dab270c9412bea847c1119b0311242e63,b3-operational_20260825_130210_101492_c372f280,c372f2809deaf53f8be3bdb53f4495cea2a819857d704837db6d22d4ce9a26a4,cef0d7e99cf98289cf781ea358600304c52099759ac7cef6c0a3cc8b44b6bdc2,evidence,,0,1,random_walk,random_walk,matched_prior_stationary_exact,0.8,10000.0,,,200000.0,xlarge
10,48,1.0,0.003119826231837646,0.9995402223353421,0.0002462960302357698,4496,133.17695318395272,0.2826878454739272,0.9296316437219153,0.03604425118676569,4247,141.65177699003834,0.003120735396674763,9106.658931736201,0.28255342853785403,7357.939412553866,9135,9134,8734,9134,1.0,revision_B@ff544e3dab27,ff544e3dab270c9412bea847c1119b0311242e63,b3-operational_20260825_130210_101492_c372f280,c372f2809deaf53f8be3bdb53f4495cea2a819857d704837db6d22d4ce9a26a4,cef0d7e99cf98289cf781ea358600304c52099759ac7cef6c0a3cc8b44b6bdc2,evidence,,0,1,random_walk,random_walk,matched_prior_stationary_exact,0.8,10000.0,,,200000.0,xlarge
10,49,0.0,0.2520551804352782,0.939305946992342,0.03125613907515841,4201,110.98444933001883,0.2520551804352782,0.939305946992342,0.03125613907515841,4201,116.04125483892858,0.25193817156268994,7269.761263914944,0.25193817156268994,7269.761263914944,8782,8781,8781,8781,0.0,revision_B@ff544e3dab27,ff544e3dab270c9412bea847c1119b0311242e63,b3-operational_20260825_130210_101492_c372f280,c372f2809deaf53f8be3bdb53f4495cea2a819857d704837db6d22d4ce9a26a4,cef0d7e99cf98289cf781ea358600304c52099759ac7cef6c0a3cc8b44b6bdc2,evidence,,0,1,random_walk,random_walk,matched_prior_stationary_exact,0.8,10000.0,,,200000.0,xlarge
10,49,0.5,0.1328589943208701,0.985574295415022,0.007661565797691268,4450,136.05307345394976,0.2752449100885253,0.9260387258676248,0.038023415715445985,4236,136.85350210324395,0.13278507036035875,7971.124664399914,0.2751072026371461,7299.273201711035,9057,9056,8766,9056,0.5,revision_B@ff544e3dab27,ff544e3dab270c9412bea847c1119b0311242e63,b3-operational_20260825_130210_101492_c372f280,c372f2809deaf53f8be3bdb53f4495cea2a819857d704837db6d22d4ce9a26a4,cef0d7e99cf98289cf781ea358600304c52099759ac7cef6c0a3cc8b44b6bdc2,evidence,,0,1,random_walk,random_walk,matched_prior_stationary_exact,0.8,10000.0,,,200000.0,xlarge
10,49,1.0,0.0031198262318373887,0.9995621141130622,0.0002345676478435903,4496,133.99755380745046,0.2945236996069159,0.9193801905611093,0.041357208410423014,4233,136.21025563939475,0.0031207415464017192,9106.66779317186,0.29431978536262593,7313.229954386034,9135,9134,8747,9134,1.0,revision_B@ff544e3dab27,ff544e3dab270c9412bea847c1119b0311242e63,b3-operational_20260825_130210_101492_c372f280,c372f2809deaf53f8be3bdb53f4495cea2a819857d704837db6d22d4ce9a26a4,cef0d7e99cf98289cf781ea358600304c52099759ac7cef6c0a3cc8b44b6bdc2,evidence,,0,1,random_walk,random_walk,matched_prior_stationary_exact,0.8,10000.0,,,200000.0,xlarge
10,50,0.0,0.22753750209939264,0.9370766629982187,0.03252280437351379,4290,112.31268938595895,0.22753750209939264,0.9370766629982187,0.03252280437351379,4291,116.82736725488212,0.227399870966417,7321.237386919639,0.22739984885726883,7321.237503974554,8814,8813,8813,8813,0.0,revision_B@ff544e3dab27,ff544e3dab270c9412bea847c1119b0311242e63,b3-operational_20260825_130210_101492_c372f280,c372f2809deaf53f8be3bdb53f4495cea2a819857d704837db6d22d4ce9a26a4,cef0d7e99cf98289cf781ea358600304c52099759ac7cef6c0a3cc8b44b6bdc2,evidence,,0,1,random_walk,random_walk,matched_prior_stationary_exact,0.8,10000.0,,,200000.0,xlarge
10,50,0.5,0.140980298164099,0.984442905182719,0.008165886240554986,4818,149.53516833018512,0.29743384552396934,0.9312406320438449,0.035240856992901394,4138,129.1396579494467,0.14088505313024674,7819.094856748731,0.2973271562448613,7166.416845097077,8951,8950,8739,8950,0.5,revision_B@ff544e3dab27,ff544e3dab270c9412bea847c1119b0311242e63,b3-operational_20260825_130210_101492_c372f280,c372f2809deaf53f8be3bdb53f4495cea2a819857d704837db6d22d4ce9a26a4,cef0d7e99cf98289cf781ea358600304c52099759ac7cef6c0a3cc8b44b6bdc2,evidence,,0,1,random_walk,random_walk,matched_prior_stationary_exact,0.8,10000.0,,,200000.0,xlarge
10,50,1.0,0.0031159626528595662,0.9995033398996634,0.0002609565082259942,4404,131.69420721498318,0.29534079544985364,0.9332758551778872,0.034264469158752454,4226,132.74168703192845,0.003113724890387669,8932.249686104562,0.2952098090224571,7271.534157368829,8960,8959,8756,8959,1.0,revision_B@ff544e3dab27,ff544e3dab270c9412bea847c1119b0311242e63,b3-operational_20260825_130210_101492_c372f280,c372f2809deaf53f8be3bdb53f4495cea2a819857d704837db6d22d4ce9a26a4,cef0d7e99cf98289cf781ea358600304c52099759ac7cef6c0a3cc8b44b6bdc2,evidence,,0,1,random_walk,random_walk,matched_prior_stationary_exact,0.8,10000.0,,,200000.0,xlarge
10,51,0.0,0.23643663184100688,0.922814331803517,0.03984424708183185,4325,115.15383095224388,0.23643663184100688,0.922814331803517,0.03984424708183185,4325,115.03586821863428,0.23625711147746223,7266.498583000588,0.23625711147746223,7266.498583000588,8803,8802,8802,8802,0.0,revision_B@ff544e3dab27,ff544e3dab270c9412bea847c1119b0311242e63,b3-operational_20260825_130210_101492_c372f280,c372f2809deaf53f8be3bdb53f4495cea2a819857d704837db6d22d4ce9a26a4,cef0d7e99cf98289cf781ea358600304c52099759ac7cef6c0a3cc8b44b6bdc2,evidence,,0,1,random_walk,random_walk,matched_prior_stationary_exact,0.8,10000.0,,,200000.0,xlarge
10,51,0.5,0.11642898669662738,0.9891787549322962,0.0055885742098735385,4564,139.42788924241904,0.3095201798468323,0.9283925260305235,0.03680073185106127,4222,126.12506482168101,0.11637620420299638,7858.671129184629,0.30938512862459366,7019.977877431286,8807,8806,8763,8806,0.5,revision_B@ff544e3dab27,ff544e3dab270c9412bea847c1119b0311242e63,b3-operational_20260825_130210_101492_c372f280,c372f2809deaf53f8be3bdb53f4495cea2a819857d704837db6d22d4ce9a26a4,cef0d7e99cf98289cf781ea358600304c52099759ac7cef6c0a3cc8b44b6bdc2,evidence,,0,1,random_walk,random_walk,matched_prior_stationary_exact,0.8,10000.0,,,200000.0,xlarge
10,51,1.0,0.0031362522798935193,0.9995393932501209,0.00023749974344163517,3910,118.37281284690835,0.28109621497814774,0.9321945576984745,0.03471894397644941,4123,116.06727659958415,0.0031372734188646915,8765.561907615273,0.2809947889636843,7132.089509864357,8793,8792,8731,8792,1.0,revision_B@ff544e3dab27,ff544e3dab270c9412bea847c1119b0311242e63,b3-operational_20260825_130210_101492_c372f280,c372f2809deaf53f8be3bdb53f4495cea2a819857d704837db6d22d4ce9a26a4,cef0d7e99cf98289cf781ea358600304c52099759ac7cef6c0a3cc8b44b6bdc2,evidence,,0,1,random_walk,random_walk,matched_prior_stationary_exact,0.8,10000.0,,,200000.0,xlarge
