dataset,planning_seed,w,L_static3,revisit_static3,newcov_static3,replans_static3,wall_static3,L_dyn3,revisit_dyn3,newcov_dyn3,replans_dyn3,wall_dyn3,Pdet_static3,RMST_static3,Pdet_dyn3,RMST_dyn3,horizon,T_static,T_dynamic,T_common,revisit_weight,implementation_version,git_commit,experiment_id,config_hash,source_hash,belief_model,planning_mode,simulation_num_victims,evaluation_num_victims,victim_model,simulation_victim_model,victim_sampling_model,detection_probability,decay_tau,victim_seed,sensor_seed,budget,size,dPdet,dRMST,dRMST_rel,dL
1,42,0.0,0.3746546769781494,0.9161849370710056,0.041681792100425,4143,85.16422973538283,0.3746546769781494,0.9161849370710056,0.041681792100425,4143,96.91938272549304,0.3743682154091811,6669.977747554168,0.3743682154091811,6669.977747554168,8531,8530,8530,8530,0.0,revision_B@ff544e3dab27,ff544e3dab270c9412bea847c1119b0311242e63,b3-operational_20260825_130210_101492_c372f280,c372f2809deaf53f8be3bdb53f4495cea2a819857d704837db6d22d4ce9a26a4,cef0d7e99cf98289cf781ea358600304c52099759ac7cef6c0a3cc8b44b6bdc2,evidence,,0,1,random_walk,random_walk,matched_prior_stationary_exact,0.8,10000.0,,,200000.0,xlarge,0.0,0.0,0.0,0.0
1,42,0.5,0.2293964173449919,0.9623667709788796,0.0190814665620572,4219,100.31287827156484,0.3691274594361109,0.9148992733502688,0.0421706851528742,3967,112.59770541253964,0.2292292057857737,7269.432917237908,0.3688016337052081,6734.613978532757,8677,8676,8501,8676,0.5,revision_B@ff544e3dab27,ff544e3dab270c9412bea847c1119b0311242e63,b3-operational_20260825_130210_101492_c372f280,c372f2809deaf53f8be3bdb53f4495cea2a819857d704837db6d22d4ce9a26a4,cef0d7e99cf98289cf781ea358600304c52099759ac7cef6c0a3cc8b44b6bdc2,evidence,,0,1,random_walk,random_walk,matched_prior_stationary_exact,0.8,10000.0,,,200000.0,xlarge,0.1395724279194344,534.8189387051516,0.06163638800335964,0.13973104209111903
1,42,1.0,0.0055075888318658,0.9993042001544912,0.0003454453903532,2839,63.73343279748224,0.3279578597473871,0.9307575927048808,0.0344332939096221,4026,113.19009913993068,0.0055062500208244,8477.297086962302,0.3278281661232911,6752.808049901559,8524,8479,8523,8523,1.0,revision_B@ff544e3dab27,ff544e3dab270c9412bea847c1119b0311242e63,b3-operational_20260825_130210_101492_c372f280,c372f2809deaf53f8be3bdb53f4495cea2a819857d704837db6d22d4ce9a26a4,cef0d7e99cf98289cf781ea358600304c52099759ac7cef6c0a3cc8b44b6bdc2,evidence,,0,1,random_walk,random_walk,matched_prior_stationary_exact,0.8,10000.0,,,200000.0,xlarge,0.3223219161024667,1724.4890370607436,0.2023098354130389,0.3224502709155213
1,43,0.0,0.3482206508592477,0.9101799604834546,0.0443165450776959,4185,89.50610933999997,0.3482333558450066,0.9101691596603754,0.0443224000843121,4179,103.46205850958358,0.3479237146560568,6777.131396437866,0.3479355041157075,6777.141373863797,8486,8485,8485,8485,0.0,revision_B@ff544e3dab27,ff544e3dab270c9412bea847c1119b0311242e63,b3-operational_20260825_130210_101492_c372f280,c372f2809deaf53f8be3bdb53f4495cea2a819857d704837db6d22d4ce9a26a4,cef0d7e99cf98289cf781ea358600304c52099759ac7cef6c0a3cc8b44b6bdc2,evidence,,0,1,random_walk,random_walk,matched_prior_stationary_exact,0.8,10000.0,,,200000.0,xlarge,1.178945965069067e-05,-0.00997742593062867,-1.175751346998429e-06,1.270498575889345e-05
1,43,0.5,0.2031748247550877,0.9689191588811814,0.0158846329496352,4919,116.62039787357207,0.3469037888909899,0.9244630269196196,0.0373929997540897,3905,112.32167056621984,0.2030537414984705,7501.372629451665,0.3467262244684453,6988.2640362770235,8800,8799,8496,8799,0.5,revision_B@ff544e3dab27,ff544e3dab270c9412bea847c1119b0311242e63,b3-operational_20260825_130210_101492_c372f280,c372f2809deaf53f8be3bdb53f4495cea2a819857d704837db6d22d4ce9a26a4,cef0d7e99cf98289cf781ea358600304c52099759ac7cef6c0a3cc8b44b6bdc2,evidence,,0,1,random_walk,random_walk,matched_prior_stationary_exact,0.8,10000.0,,,200000.0,xlarge,0.1436724829699748,513.1085931746411,0.058307794678936486,0.1437289641359022
1,43,1.0,0.007716414863369,0.9991124755791236,0.0004654730259845,3981,89.7472548353253,0.3448236897590946,0.9242439465487792,0.0375247374029532,3909,111.01614464982411,0.0077146171966155,8889.326603271033,0.3445930997583205,6976.320367368376,8958,8957,8496,8957,1.0,revision_B@ff544e3dab27,ff544e3dab270c9412bea847c1119b0311242e63,b3-operational_20260825_130210_101492_c372f280,c372f2809deaf53f8be3bdb53f4495cea2a819857d704837db6d22d4ce9a26a4,cef0d7e99cf98289cf781ea358600304c52099759ac7cef6c0a3cc8b44b6bdc2,evidence,,0,1,random_walk,random_walk,matched_prior_stationary_exact,0.8,10000.0,,,200000.0,xlarge,0.336878482561705,1913.006235902657,0.213552828299024,0.3371072748957256
1,44,0.0,0.3247358184296938,0.9278386542676064,0.0356657728023232,4088,84.32959848328028,0.3247358184296938,0.9278386542676064,0.0356657728023232,4088,97.15256007236894,0.3244645362340272,6865.758953890252,0.3244645362340272,6865.758953890252,8500,8499,8499,8499,0.0,revision_B@ff544e3dab27,ff544e3dab270c9412bea847c1119b0311242e63,b3-operational_20260825_130210_101492_c372f280,c372f2809deaf53f8be3bdb53f4495cea2a819857d704837db6d22d4ce9a26a4,cef0d7e99cf98289cf781ea358600304c52099759ac7cef6c0a3cc8b44b6bdc2,evidence,,0,1,random_walk,random_walk,matched_prior_stationary_exact,0.8,10000.0,,,200000.0,xlarge,0.0,0.0,0.0,0.0
1,44,0.5,0.2361727606143402,0.9610955834796268,0.0197225897865264,4234,100.6340272682719,0.3546000838515057,0.9207940100580913,0.0392373268381793,4035,115.4334381412482,0.2360285632451746,7209.027151718776,0.3543669518850356,6966.150879575487,8676,8675,8502,8675,0.5,revision_B@ff544e3dab27,ff544e3dab270c9412bea847c1119b0311242e63,b3-operational_20260825_130210_101492_c372f280,c372f2809deaf53f8be3bdb53f4495cea2a819857d704837db6d22d4ce9a26a4,cef0d7e99cf98289cf781ea358600304c52099759ac7cef6c0a3cc8b44b6bdc2,evidence,,0,1,random_walk,random_walk,matched_prior_stationary_exact,0.8,10000.0,,,200000.0,xlarge,0.11833838863986099,242.8762721432886,0.02799403782195581,0.11842732323716551
1,44,1.0,0.0069962136960979,0.9991981757075672,0.0004127779664391,3900,86.80527570878621,0.3574984075687428,0.9168713250053132,0.0412221740810567,3955,111.40680620085914,0.0069932437987725,8731.897600821652,0.3571571978936093,6907.077945030849,8793,8792,8504,8792,1.0,revision_B@ff544e3dab27,ff544e3dab270c9412bea847c1119b0311242e63,b3-operational_20260825_130210_101492_c372f280,c372f2809deaf53f8be3bdb53f4495cea2a819857d704837db6d22d4ce9a26a4,cef0d7e99cf98289cf781ea358600304c52099759ac7cef6c0a3cc8b44b6bdc2,evidence,,0,1,random_walk,random_walk,matched_prior_stationary_exact,0.8,10000.0,,,200000.0,xlarge,0.3501639540948368,1824.8196557908032,0.2075309514148531,0.3505021938726449
1,45,0.0,0.314129381649808,0.9297174187103066,0.0346001615981826,4215,86.18504097103141,0.3141788277981478,0.929708356868924,0.0346089441081068,4226,99.65265381429344,0.3139752922082798,6940.821194821617,0.3140181711592265,6940.834459082777,8473,8471,8472,8472,0.0,revision_B@ff544e3dab27,ff544e3dab270c9412bea847c1119b0311242e63,b3-operational_20260825_130210_101492_c372f280,c372f2809deaf53f8be3bdb53f4495cea2a819857d704837db6d22d4ce9a26a4,cef0d7e99cf98289cf781ea358600304c52099759ac7cef6c0a3cc8b44b6bdc2,evidence,,0,1,random_walk,random_walk,matched_prior_stationary_exact,0.8,10000.0,,,200000.0,xlarge,4.287895094667871e-05,-0.013264261160657043,-1.5654739951206235e-06,4.944614833979344e-05
1,45,0.5,0.1511745260268127,0.9793385804946498,0.0104746068363057,3929,111.48616261547431,0.3623940635953106,0.9179002290058312,0.0407215710153752,3893,119.82103527523576,0.1510823015241904,7560.183042027886,0.3621705621873086,6779.484865222071,8670,8669,8508,8669,0.5,revision_B@ff544e3dab27,ff544e3dab270c9412bea847c1119b0311242e63,b3-operational_20260825_130210_101492_c372f280,c372f2809deaf53f8be3bdb53f4495cea2a819857d704837db6d22d4ce9a26a4,cef0d7e99cf98289cf781ea358600304c52099759ac7cef6c0a3cc8b44b6bdc2,evidence,,0,1,random_walk,random_walk,matched_prior_stationary_exact,0.8,10000.0,,,200000.0,xlarge,0.2110882606631182,780.6981768058149,0.09004592581381948,0.21121953756849793
1,45,1.0,0.0065102306345585,0.9992744564004108,0.0003805754300502,3985,107.80030867364258,0.3477558212536762,0.9198966408268734,0.0397496399170931,4014,122.25194189872128,0.0065018528891503,8901.075147752184,0.3474816907358077,6961.067284978508,8959,8958,8508,8958,1.0,revision_B@ff544e3dab27,ff544e3dab270c9412bea847c1119b0311242e63,b3-operational_20260825_130210_101492_c372f280,c372f2809deaf53f8be3bdb53f4495cea2a819857d704837db6d22d4ce9a26a4,cef0d7e99cf98289cf781ea358600304c52099759ac7cef6c0a3cc8b44b6bdc2,evidence,,0,1,random_walk,random_walk,matched_prior_stationary_exact,0.8,10000.0,,,200000.0,xlarge,0.3409798378466574,1940.0078627736766,0.21654290241920712,0.3412455906191177
1,46,0.0,0.3669691809957142,0.910250337493783,0.0443750951438575,4033,98.64563568972515,0.3669161145618925,0.910250337493783,0.0443750951438575,4032,103.9819359340472,0.3666378000218637,6607.636447520954,0.366585155217062,6607.642456373335,8494,8493,8493,8493,0.0,revision_B@ff544e3dab27,ff544e3dab270c9412bea847c1119b0311242e63,b3-operational_20260825_130210_101492_c372f280,c372f2809deaf53f8be3bdb53f4495cea2a819857d704837db6d22d4ce9a26a4,cef0d7e99cf98289cf781ea358600304c52099759ac7cef6c0a3cc8b44b6bdc2,evidence,,0,1,random_walk,random_walk,matched_prior_stationary_exact,0.8,10000.0,,,200000.0,xlarge,-5.264480480171585e-05,-0.006008852381455654,-7.074231671127447e-07,-5.3066433821691295e-05
1,46,0.5,0.2557455837397967,0.9556586119925148,0.0223368502406407,4148,119.28279981436208,0.3237583279015717,0.9317159080199792,0.0339385458505568,4081,125.0236346811289,0.2555515613681964,7172.242389132364,0.3236052126431871,6971.6734117645055,8626,8625,8522,8625,0.5,revision_B@ff544e3dab27,ff544e3dab270c9412bea847c1119b0311242e63,b3-operational_20260825_130210_101492_c372f280,c372f2809deaf53f8be3bdb53f4495cea2a819857d704837db6d22d4ce9a26a4,cef0d7e99cf98289cf781ea358600304c52099759ac7cef6c0a3cc8b44b6bdc2,evidence,,0,1,random_walk,random_walk,matched_prior_stationary_exact,0.8,10000.0,,,200000.0,xlarge,0.06805365127499069,200.56897736785868,0.023251678340813667,0.068012744161775
1,46,1.0,0.006685075153366,0.9992184316155576,0.000409850463131,4963,134.3030023147585,0.3736747019178507,0.9140457132062996,0.0426273756689345,3937,119.88540025509428,0.0066840101796855,8897.48804659857,0.3733272594075637,6895.486144578605,8957,8956,8506,8956,1.0,revision_B@ff544e3dab27,ff544e3dab270c9412bea847c1119b0311242e63,b3-operational_20260825_130210_101492_c372f280,c372f2809deaf53f8be3bdb53f4495cea2a819857d704837db6d22d4ce9a26a4,cef0d7e99cf98289cf781ea358600304c52099759ac7cef6c0a3cc8b44b6bdc2,evidence,,0,1,random_walk,random_walk,matched_prior_stationary_exact,0.8,10000.0,,,200000.0,xlarge,0.3666432492278782,2002.0019020199652,0.22351254906999724,0.36698962676448466
1,47,0.0,0.3376130720494805,0.9209102105587268,0.0391026616860077,4125,101.8526116234716,0.3376130720494805,0.9209102105587268,0.0391026616860077,4125,107.0654823029181,0.3373345548337467,6690.705347382892,0.3373345548337467,6690.705347382892,8500,8499,8499,8499,0.0,revision_B@ff544e3dab27,ff544e3dab270c9412bea847c1119b0311242e63,b3-operational_20260825_130210_101492_c372f280,c372f2809deaf53f8be3bdb53f4495cea2a819857d704837db6d22d4ce9a26a4,cef0d7e99cf98289cf781ea358600304c52099759ac7cef6c0a3cc8b44b6bdc2,evidence,,0,1,random_walk,random_walk,matched_prior_stationary_exact,0.8,10000.0,,,200000.0,xlarge,0.0,0.0,0.0,0.0
1,47,0.5,0.235360676658005,0.9622836013222028,0.019707952269986,4051,115.44583757652435,0.3511567331036928,0.9229354119741978,0.0382624682365891,3984,121.1682312109042,0.2351210730966207,7532.933011982638,0.3509255692111265,6995.113061721399,8943,8942,8512,8942,0.5,revision_B@ff544e3dab27,ff544e3dab270c9412bea847c1119b0311242e63,b3-operational_20260825_130210_101492_c372f280,c372f2809deaf53f8be3bdb53f4495cea2a819857d704837db6d22d4ce9a26a4,cef0d7e99cf98289cf781ea358600304c52099759ac7cef6c0a3cc8b44b6bdc2,evidence,,0,1,random_walk,random_walk,matched_prior_stationary_exact,0.8,10000.0,,,200000.0,xlarge,0.1158044961145058,537.8199502612388,0.0601386503702604,0.11579605644568777
1,47,1.0,0.007768017866475,0.999072968207928,0.0004771830392168,3207,86.21522401669063,0.3568726739705812,0.9148300976613304,0.0421765401594903,4067,122.44345271703789,0.0077566355772734,8724.244624054303,0.3566089998474833,6954.665706951718,8792,8791,8500,8791,1.0,revision_B@ff544e3dab27,ff544e3dab270c9412bea847c1119b0311242e63,b3-operational_20260825_130210_101492_c372f280,c372f2809deaf53f8be3bdb53f4495cea2a819857d704837db6d22d4ce9a26a4,cef0d7e99cf98289cf781ea358600304c52099759ac7cef6c0a3cc8b44b6bdc2,evidence,,0,1,random_walk,random_walk,matched_prior_stationary_exact,0.8,10000.0,,,200000.0,xlarge,0.3488523642702099,1769.5789171025854,0.2012714873865543,0.3491046561041062
1,48,0.0,0.3679324404128178,0.9089809638425648,0.0449459582889328,4083,100.70201874512712,0.3679324404128178,0.9089809638425648,0.0449459582889328,4083,105.45229633967392,0.3675810786946791,6592.425965032383,0.3675810786946791,6592.425965032383,8487,8486,8486,8486,0.0,revision_B@ff544e3dab27,ff544e3dab270c9412bea847c1119b0311242e63,b3-operational_20260825_130210_101492_c372f280,c372f2809deaf53f8be3bdb53f4495cea2a819857d704837db6d22d4ce9a26a4,cef0d7e99cf98289cf781ea358600304c52099759ac7cef6c0a3cc8b44b6bdc2,evidence,,0,1,random_walk,random_walk,matched_prior_stationary_exact,0.8,10000.0,,,200000.0,xlarge,0.0,0.0,0.0,0.0
1,48,0.5,0.3089269027049688,0.9378841910599784,0.0315643406677049,4320,125.9804758108221,0.353430746939526,0.9182498086096224,0.040639600922749,4024,122.28716309869196,0.3086344090292843,6913.713752991634,0.3531759989898294,6801.132621110324,8710,8709,8524,8709,0.5,revision_B@ff544e3dab27,ff544e3dab270c9412bea847c1119b0311242e63,b3-operational_20260825_130210_101492_c372f280,c372f2809deaf53f8be3bdb53f4495cea2a819857d704837db6d22d4ce9a26a4,cef0d7e99cf98289cf781ea358600304c52099759ac7cef6c0a3cc8b44b6bdc2,evidence,,0,1,random_walk,random_walk,matched_prior_stationary_exact,0.8,10000.0,,,200000.0,xlarge,0.04454158996054508,112.58113188130937,0.012925503086258252,0.044503844234557166
1,48,1.0,0.0068615054277057,0.9992441959175626,0.0004039954565148,5629,152.36446785414591,0.3328753795516833,0.9307831777136006,0.0343103387706828,3959,120.21671810990664,0.0068593543251437,9067.747362500104,0.3327284560242897,7255.608551889592,9130,9129,8501,9129,1.0,revision_B@ff544e3dab27,ff544e3dab270c9412bea847c1119b0311242e63,b3-operational_20260825_130210_101492_c372f280,c372f2809deaf53f8be3bdb53f4495cea2a819857d704837db6d22d4ce9a26a4,cef0d7e99cf98289cf781ea358600304c52099759ac7cef6c0a3cc8b44b6bdc2,evidence,,0,1,random_walk,random_walk,matched_prior_stationary_exact,0.8,10000.0,,,200000.0,xlarge,0.325869101699146,1812.1388106105123,0.1984817974381722,0.3260138741239776
1,49,0.0,0.2950475373734667,0.93681274758851,0.0312393878005082,4197,99.50699444185013,0.2950475373734667,0.93681274758851,0.0312393878005082,4197,103.4860183147248,0.2948354707083918,6974.530812182587,0.2948354707083918,6974.530812182587,8504,8503,8503,8503,0.0,revision_B@ff544e3dab27,ff544e3dab270c9412bea847c1119b0311242e63,b3-operational_20260825_130210_101492_c372f280,c372f2809deaf53f8be3bdb53f4495cea2a819857d704837db6d22d4ce9a26a4,cef0d7e99cf98289cf781ea358600304c52099759ac7cef6c0a3cc8b44b6bdc2,evidence,,0,1,random_walk,random_walk,matched_prior_stationary_exact,0.8,10000.0,,,200000.0,xlarge,0.0,0.0,0.0,0.0
1,49,0.5,0.2231714844061398,0.9638199777908268,0.0182178530861739,4174,118.15755681379233,0.3684785978099588,0.9137266510760488,0.0426595782053233,4006,120.58944628934842,0.2230410413288491,7291.285452863959,0.3682521308820771,6699.238781638727,8619,8618,8491,8618,0.5,revision_B@ff544e3dab27,ff544e3dab270c9412bea847c1119b0311242e63,b3-operational_20260825_130210_101492_c372f280,c372f2809deaf53f8be3bdb53f4495cea2a819857d704837db6d22d4ce9a26a4,cef0d7e99cf98289cf781ea358600304c52099759ac7cef6c0a3cc8b44b6bdc2,evidence,,0,1,random_walk,random_walk,matched_prior_stationary_exact,0.8,10000.0,,,200000.0,xlarge,0.14521108955322798,592.0466712252319,0.06869087727407261,0.145307113403819
1,49,1.0,0.0067849905220225,0.999244187638634,0.0004039954565148,5632,153.44978700962383,0.3312987833472974,0.9311802971237152,0.0341610361019708,3953,120.273396056029,0.0067774657015649,9068.50018335438,0.3311849626359956,7183.035553289226,9130,9129,8509,9129,1.0,revision_B@ff544e3dab27,ff544e3dab270c9412bea847c1119b0311242e63,b3-operational_20260825_130210_101492_c372f280,c372f2809deaf53f8be3bdb53f4495cea2a819857d704837db6d22d4ce9a26a4,cef0d7e99cf98289cf781ea358600304c52099759ac7cef6c0a3cc8b44b6bdc2,evidence,,0,1,random_walk,random_walk,matched_prior_stationary_exact,0.8,10000.0,,,200000.0,xlarge,0.3244074969344307,1885.464630065153,0.20651310296441983,0.32451379282527487
1,50,0.0,0.3597224832804038,0.9167182498275648,0.0413568392332283,3991,97.2966352183139,0.3597224832804038,0.9167182498275648,0.0413568392332283,3991,102.09272304468324,0.3593628284658998,6652.151883247568,0.3593628284658998,6652.151883247568,8517,8516,8516,8516,0.0,revision_B@ff544e3dab27,ff544e3dab270c9412bea847c1119b0311242e63,b3-operational_20260825_130210_101492_c372f280,c372f2809deaf53f8be3bdb53f4495cea2a819857d704837db6d22d4ce9a26a4,cef0d7e99cf98289cf781ea358600304c52099759ac7cef6c0a3cc8b44b6bdc2,evidence,,0,1,random_walk,random_walk,matched_prior_stationary_exact,0.8,10000.0,,,200000.0,xlarge,0.0,0.0,0.0,0.0
1,50,0.5,0.2665890215865684,0.9517893079009536,0.0241958148412707,4166,121.84208458208012,0.3450022055526937,0.9275089314712568,0.0359380306099745,4149,126.25032562040724,0.266377411299622,7011.539375879726,0.3448401969076113,6759.250457517218,8593,8592,8505,8592,0.5,revision_B@ff544e3dab27,ff544e3dab270c9412bea847c1119b0311242e63,b3-operational_20260825_130210_101492_c372f280,c372f2809deaf53f8be3bdb53f4495cea2a819857d704837db6d22d4ce9a26a4,cef0d7e99cf98289cf781ea358600304c52099759ac7cef6c0a3cc8b44b6bdc2,evidence,,0,1,random_walk,random_walk,matched_prior_stationary_exact,0.8,10000.0,,,200000.0,xlarge,0.0784627856079893,252.2889183625084,0.029359818266322404,0.07841318396612529
1,50,1.0,0.0090665926670287,0.9989424367167776,0.0005445156153026,4592,123.72983395843768,0.3470194306405296,0.925506154173262,0.0369245992247971,3976,119.46754710189998,0.0090583230292084,8714.80974136151,0.3468068230996578,6962.880121481511,8794,8793,8503,8793,1.0,revision_B@ff544e3dab27,ff544e3dab270c9412bea847c1119b0311242e63,b3-operational_20260825_130210_101492_c372f280,c372f2809deaf53f8be3bdb53f4495cea2a819857d704837db6d22d4ce9a26a4,cef0d7e99cf98289cf781ea358600304c52099759ac7cef6c0a3cc8b44b6bdc2,evidence,,0,1,random_walk,random_walk,matched_prior_stationary_exact,0.8,10000.0,,,200000.0,xlarge,0.33774850007044943,1751.9296198799993,0.19921874231066627,0.3379528379735009
1,51,0.0,0.3540006909818717,0.9189999941065188,0.0402356054662341,4089,99.10413645068184,0.3540006909818717,0.9189999941065188,0.0402356054662341,4089,104.13843196025118,0.3537434344416396,6698.74898602228,0.3537434344416396,6698.74898602228,8526,8525,8525,8525,0.0,revision_B@ff544e3dab27,ff544e3dab270c9412bea847c1119b0311242e63,b3-operational_20260825_130210_101492_c372f280,c372f2809deaf53f8be3bdb53f4495cea2a819857d704837db6d22d4ce9a26a4,cef0d7e99cf98289cf781ea358600304c52099759ac7cef6c0a3cc8b44b6bdc2,evidence,,0,1,random_walk,random_walk,matched_prior_stationary_exact,0.8,10000.0,,,200000.0,xlarge,0.0,0.0,0.0,0.0
1,51,0.5,0.2207034878299234,0.9654852881249966,0.0181007529538508,3549,101.61362950189503,0.3649098547220396,0.915946837969168,0.0416759370938089,4061,122.66752120049205,0.2205543018396447,7509.282894872386,0.3646539491883437,6908.008516551337,8976,8975,8509,8975,0.5,revision_B@ff544e3dab27,ff544e3dab270c9412bea847c1119b0311242e63,b3-operational_20260825_130210_101492_c372f280,c372f2809deaf53f8be3bdb53f4495cea2a819857d704837db6d22d4ce9a26a4,cef0d7e99cf98289cf781ea358600304c52099759ac7cef6c0a3cc8b44b6bdc2,evidence,,0,1,random_walk,random_walk,matched_prior_stationary_exact,0.8,10000.0,,,200000.0,xlarge,0.144099647348699,601.274378321049,0.06698689598050903,0.14420636689211616
1,51,1.0,0.00687611778424,0.9991370922905856,0.0004361979929037,4510,122.26079816371202,0.3483880030390882,0.9236520056173808,0.0378789653032307,4008,121.01914405426942,0.0068726117317757,8574.997716694817,0.3481803462722618,6687.622789425295,8634,8633,8507,8633,1.0,revision_B@ff544e3dab27,ff544e3dab270c9412bea847c1119b0311242e63,b3-operational_20260825_130210_101492_c372f280,c372f2809deaf53f8be3bdb53f4495cea2a819857d704837db6d22d4ce9a26a4,cef0d7e99cf98289cf781ea358600304c52099759ac7cef6c0a3cc8b44b6bdc2,evidence,,0,1,random_walk,random_walk,matched_prior_stationary_exact,0.8,10000.0,,,200000.0,xlarge,0.3413077345404861,1887.3749272695222,0.2185979762878761,0.34151188525484816
7,42,0.0,0.1769010751284937,0.8962397739288519,0.0490442508914479,4660,114.87073817302009,0.1769010751284937,0.8962397739288519,0.0490442508914479,4660,122.81129172071816,0.1767238389264508,7342.739309660904,0.1767238389264508,7342.739309660904,8249,8248,8248,8248,0.0,revision_B@ff544e3dab27,ff544e3dab270c9412bea847c1119b0311242e63,b3-operational_20260825_130210_101492_c372f280,c372f2809deaf53f8be3bdb53f4495cea2a819857d704837db6d22d4ce9a26a4,cef0d7e99cf98289cf781ea358600304c52099759ac7cef6c0a3cc8b44b6bdc2,evidence,,0,1,random_walk,random_walk,matched_prior_stationary_exact,0.8,10000.0,,,200000.0,xlarge,0.0,0.0,0.0,0.0
7,42,0.5,0.0943928207671842,0.9593983918405472,0.018802244695154,5622,162.25036620651372,0.1682598886868213,0.901395343065784,0.0464517448997486,4811,148.1623024403816,0.0943163607476466,7675.489790993591,0.1681005259156024,7444.081764847958,8233,8151,8232,8232,0.5,revision_B@ff544e3dab27,ff544e3dab270c9412bea847c1119b0311242e63,b3-operational_20260825_130210_101492_c372f280,c372f2809deaf53f8be3bdb53f4495cea2a819857d704837db6d22d4ce9a26a4,cef0d7e99cf98289cf781ea358600304c52099759ac7cef6c0a3cc8b44b6bdc2,evidence,,0,1,random_walk,random_walk,matched_prior_stationary_exact,0.8,10000.0,,,200000.0,xlarge,0.0737841651679558,231.4080261456329,0.028107375943839778,0.0738670679196371
7,42,1.0,0.0051020006290076,0.9989709924061844,0.0004617992634594,5316,144.7434044458205,0.1587297688590704,0.9026524473612252,0.0457824282457473,4779,146.55226689053234,0.0050977485680359,8183.411696458109,0.1585905983769718,7473.838939969154,8225,8006,8224,8224,1.0,revision_B@ff544e3dab27,ff544e3dab270c9412bea847c1119b0311242e63,b3-operational_20260825_130210_101492_c372f280,c372f2809deaf53f8be3bdb53f4495cea2a819857d704837db6d22d4ce9a26a4,cef0d7e99cf98289cf781ea358600304c52099759ac7cef6c0a3cc8b44b6bdc2,evidence,,0,1,random_walk,random_walk,matched_prior_stationary_exact,0.8,10000.0,,,200000.0,xlarge,0.15349284980893588,709.5727564889548,0.0862702439500249,0.1536277682300628
7,43,0.0,0.187999651101452,0.8972442062894325,0.0486496755714035,4477,112.9025964946486,0.187999651101452,0.8972442062894325,0.0486496755714035,4477,118.42794350674376,0.187803112105278,7291.892980904849,0.187803112105278,7291.892980904849,8257,8256,8256,8256,0.0,revision_B@ff544e3dab27,ff544e3dab270c9412bea847c1119b0311242e63,b3-operational_20260825_130210_101492_c372f280,c372f2809deaf53f8be3bdb53f4495cea2a819857d704837db6d22d4ce9a26a4,cef0d7e99cf98289cf781ea358600304c52099759ac7cef6c0a3cc8b44b6bdc2,evidence,,0,1,random_walk,random_walk,matched_prior_stationary_exact,0.8,10000.0,,,200000.0,xlarge,0.0,0.0,0.0,0.0
7,43,0.5,0.0471918935501075,0.9826335120746362,0.0079324253229672,4503,126.85986631561536,0.166426660193783,0.8950038983701101,0.0495937335593616,4436,137.82436699152458,0.0471696337178385,7904.146121492292,0.1662902550348909,7303.500379678299,8246,8087,8245,8245,0.5,revision_B@ff544e3dab27,ff544e3dab270c9412bea847c1119b0311242e63,b3-operational_20260825_130210_101492_c372f280,c372f2809deaf53f8be3bdb53f4495cea2a819857d704837db6d22d4ce9a26a4,cef0d7e99cf98289cf781ea358600304c52099759ac7cef6c0a3cc8b44b6bdc2,evidence,,0,1,random_walk,random_walk,matched_prior_stationary_exact,0.8,10000.0,,,200000.0,xlarge,0.1191206213170524,600.6457418139926,0.0728408612435111,0.1192347666436755
7,43,1.0,0.0049442173150018,0.9989466897330976,0.0004822587244987,4935,135.16241056111176,0.1913306912400118,0.899160855545074,0.0478020693283451,4353,134.61880293185823,0.0049373222469014,8222.522777626458,0.1911697215917671,7334.611374231295,8263,8098,8262,8262,1.0,revision_B@ff544e3dab27,ff544e3dab270c9412bea847c1119b0311242e63,b3-operational_20260825_130210_101492_c372f280,c372f2809deaf53f8be3bdb53f4495cea2a819857d704837db6d22d4ce9a26a4,cef0d7e99cf98289cf781ea358600304c52099759ac7cef6c0a3cc8b44b6bdc2,evidence,,0,1,random_walk,random_walk,matched_prior_stationary_exact,0.8,10000.0,,,200000.0,xlarge,0.18623239934486568,887.9114033951637,0.10745629957583973,0.18638647392501
7,44,0.0,0.2074285956612588,0.8966774816722806,0.0487724323376395,4753,118.88035309431145,0.2074285956612588,0.8966774816722806,0.0487724323376395,4753,124.54226445534732,0.2072573386496559,7260.5084884497455,0.2072573386496559,7260.5084884497455,8243,8242,8242,8242,0.0,revision_B@ff544e3dab27,ff544e3dab270c9412bea847c1119b0311242e63,b3-operational_20260825_130210_101492_c372f280,c372f2809deaf53f8be3bdb53f4495cea2a819857d704837db6d22d4ce9a26a4,cef0d7e99cf98289cf781ea358600304c52099759ac7cef6c0a3cc8b44b6bdc2,evidence,,0,1,random_walk,random_walk,matched_prior_stationary_exact,0.8,10000.0,,,200000.0,xlarge,0.0,0.0,0.0,0.0
7,44,0.5,0.0434887833207757,0.975002387090614,0.01147775764307,5735,162.9409895845456,0.2080980028490731,0.8964925174941789,0.0489828725083299,4676,146.84000094572548,0.0434620322779693,7931.519996773128,0.2079090664487208,7276.721371426612,8255,8111,8254,8254,0.5,revision_B@ff544e3dab27,ff544e3dab270c9412bea847c1119b0311242e63,b3-operational_20260825_130210_101492_c372f280,c372f2809deaf53f8be3bdb53f4495cea2a819857d704837db6d22d4ce9a26a4,cef0d7e99cf98289cf781ea358600304c52099759ac7cef6c0a3cc8b44b6bdc2,evidence,,0,1,random_walk,random_walk,matched_prior_stationary_exact,0.8,10000.0,,,200000.0,xlarge,0.1644470341707515,654.798625346516,0.07932145673488988,0.16460921952829738
7,44,1.0,0.0046303952637304,0.999016935519907,0.0004501081428654,4497,124.10639674041886,0.1420216164525937,0.9104933869897628,0.0421903314432688,4706,144.24653180874884,0.0046268002899437,8198.200954145474,0.141892219723597,7524.426346784017,8236,8098,8235,8235,1.0,revision_B@ff544e3dab27,ff544e3dab270c9412bea847c1119b0311242e63,b3-operational_20260825_130210_101492_c372f280,c372f2809deaf53f8be3bdb53f4495cea2a819857d704837db6d22d4ce9a26a4,cef0d7e99cf98289cf781ea358600304c52099759ac7cef6c0a3cc8b44b6bdc2,evidence,,0,1,random_walk,random_walk,matched_prior_stationary_exact,0.8,10000.0,,,200000.0,xlarge,0.1372654194336533,673.7746073614562,0.08180847588167268,0.1373912211888633
7,45,0.0,0.163349303656787,0.9146969988278124,0.0401999181621558,4018,99.02796403353568,0.163349303656787,0.9146969988278124,0.0401999181621558,4018,103.32092807756273,0.1632787564576486,7429.903491439122,0.1632787564576486,7429.903491439122,8235,8234,8234,8234,0.0,revision_B@ff544e3dab27,ff544e3dab270c9412bea847c1119b0311242e63,b3-operational_20260825_130210_101492_c372f280,c372f2809deaf53f8be3bdb53f4495cea2a819857d704837db6d22d4ce9a26a4,cef0d7e99cf98289cf781ea358600304c52099759ac7cef6c0a3cc8b44b6bdc2,evidence,,0,1,random_walk,random_walk,matched_prior_stationary_exact,0.8,10000.0,,,200000.0,xlarge,0.0,0.0,0.0,0.0
7,45,0.5,0.0682738033886969,0.9678913930654548,0.0147863447711463,4465,130.56445837090723,0.1923170646292543,0.8976958127547277,0.0484947682235342,3920,125.680174121866,0.0682282565823158,7787.800900840991,0.1921455796453497,7350.2681786884,8263,8125,8262,8262,0.5,revision_B@ff544e3dab27,ff544e3dab270c9412bea847c1119b0311242e63,b3-operational_20260825_130210_101492_c372f280,c372f2809deaf53f8be3bdb53f4495cea2a819857d704837db6d22d4ce9a26a4,cef0d7e99cf98289cf781ea358600304c52099759ac7cef6c0a3cc8b44b6bdc2,evidence,,0,1,random_walk,random_walk,matched_prior_stationary_exact,0.8,10000.0,,,200000.0,xlarge,0.12391732306303391,437.5327221525904,0.05295083167767039,0.1240432612405574
7,45,1.0,0.004943994691836,0.9990039904229848,0.0004559537031624,4936,136.99147903185803,0.1633186691479901,0.9117960803770776,0.0415677792716431,4042,128.36686636938248,0.0049394583351154,8194.606178181299,0.1632133443945437,7473.074888752868,8235,8097,8234,8234,1.0,revision_B@ff544e3dab27,ff544e3dab270c9412bea847c1119b0311242e63,b3-operational_20260825_130210_101492_c372f280,c372f2809deaf53f8be3bdb53f4495cea2a819857d704837db6d22d4ce9a26a4,cef0d7e99cf98289cf781ea358600304c52099759ac7cef6c0a3cc8b44b6bdc2,evidence,,0,1,random_walk,random_walk,matched_prior_stationary_exact,0.8,10000.0,,,200000.0,xlarge,0.15827388605942833,721.5312894284307,0.08761764291784221,0.15837467445615408
7,46,0.0,0.1864710434952022,0.8962196464577741,0.0490413281112994,4738,119.5332078562351,0.1864710434952022,0.8962196464577741,0.0490413281112994,4738,125.94676841830368,0.1863184690099663,7369.988619598695,0.1863184690099663,7369.988619598695,8248,8247,8247,8247,0.0,revision_B@ff544e3dab27,ff544e3dab270c9412bea847c1119b0311242e63,b3-operational_20260825_130210_101492_c372f280,c372f2809deaf53f8be3bdb53f4495cea2a819857d704837db6d22d4ce9a26a4,cef0d7e99cf98289cf781ea358600304c52099759ac7cef6c0a3cc8b44b6bdc2,evidence,,0,1,random_walk,random_walk,matched_prior_stationary_exact,0.8,10000.0,,,200000.0,xlarge,0.0,0.0,0.0,0.0
7,46,0.5,0.0973240492110615,0.9583497577661076,0.0191471327526743,5282,155.85725812113378,0.20329067186751,0.8961481902549338,0.0491260887356053,4696,149.21318427217193,0.0972459665047091,7632.791893557962,0.2030827688167457,7321.75709318287,8253,8117,8252,8252,0.5,revision_B@ff544e3dab27,ff544e3dab270c9412bea847c1119b0311242e63,b3-operational_20260825_130210_101492_c372f280,c372f2809deaf53f8be3bdb53f4495cea2a819857d704837db6d22d4ce9a26a4,cef0d7e99cf98289cf781ea358600304c52099759ac7cef6c0a3cc8b44b6bdc2,evidence,,0,1,random_walk,random_walk,matched_prior_stationary_exact,0.8,10000.0,,,200000.0,xlarge,0.1058368023120366,311.03480037509144,0.03768748338484084,0.10596662265644849
7,46,1.0,0.0048321419486525,0.9989913498675348,0.0004617992634594,5821,160.79125489015132,0.1723524482650011,0.9002873953103993,0.0472555094405798,4727,150.11617583862972,0.0048289137020164,8222.420688854007,0.1721700194917557,7393.203100514023,8262,8098,8261,8261,1.0,revision_B@ff544e3dab27,ff544e3dab270c9412bea847c1119b0311242e63,b3-operational_20260825_130210_101492_c372f280,c372f2809deaf53f8be3bdb53f4495cea2a819857d704837db6d22d4ce9a26a4,cef0d7e99cf98289cf781ea358600304c52099759ac7cef6c0a3cc8b44b6bdc2,evidence,,0,1,random_walk,random_walk,matched_prior_stationary_exact,0.8,10000.0,,,200000.0,xlarge,0.1673411057897393,829.2175883399832,0.10036523702977283,0.1675203063163486
7,47,0.0,0.1880769411056632,0.8965847746371748,0.0488805752031332,4769,121.77632749872282,0.187938882949839,0.8967084193735857,0.0488308879406091,4721,126.45868332963435,0.1879386221375205,7306.692417776612,0.1877536366494125,7303.71533356283,8250,8248,8249,8249,0.0,revision_B@ff544e3dab27,ff544e3dab270c9412bea847c1119b0311242e63,b3-operational_20260825_130210_101492_c372f280,c372f2809deaf53f8be3bdb53f4495cea2a819857d704837db6d22d4ce9a26a4,cef0d7e99cf98289cf781ea358600304c52099759ac7cef6c0a3cc8b44b6bdc2,evidence,,0,1,random_walk,random_walk,matched_prior_stationary_exact,0.8,10000.0,,,200000.0,xlarge,-0.0001849854881079971,2.977084213782291,0.00036085869257967165,-0.0001380581558242111
7,47,0.5,0.0968040723896194,0.9588073828679604,0.0190799088092593,5411,158.4407097181538,0.1798511018438559,0.8984290290783638,0.0481878763079441,4692,149.6391780481208,0.0967405795731517,7624.913642423873,0.1796733708666589,7331.14984637921,8267,8152,8266,8266,0.5,revision_B@ff544e3dab27,ff544e3dab270c9412bea847c1119b0311242e63,b3-operational_20260825_130210_101492_c372f280,c372f2809deaf53f8be3bdb53f4495cea2a819857d704837db6d22d4ce9a26a4,cef0d7e99cf98289cf781ea358600304c52099759ac7cef6c0a3cc8b44b6bdc2,evidence,,0,1,random_walk,random_walk,matched_prior_stationary_exact,0.8,10000.0,,,200000.0,xlarge,0.08293279129350721,293.76379604466274,0.03553451022676458,0.08304702945423649
7,47,1.0,0.0049709691765538,0.9989466628363496,0.0004822587244987,4481,124.631116198143,0.1708748019855796,0.8984084357830939,0.0482083357689834,4723,149.76904671289958,0.0049685916772403,8227.225266138306,0.1707091032541263,7416.446157790811,8268,8098,8267,8267,1.0,revision_B@ff544e3dab27,ff544e3dab270c9412bea847c1119b0311242e63,b3-operational_20260825_130210_101492_c372f280,c372f2809deaf53f8be3bdb53f4495cea2a819857d704837db6d22d4ce9a26a4,cef0d7e99cf98289cf781ea358600304c52099759ac7cef6c0a3cc8b44b6bdc2,evidence,,0,1,random_walk,random_walk,matched_prior_stationary_exact,0.8,10000.0,,,200000.0,xlarge,0.16574051157688602,810.7791083474949,0.09806230144502841,0.16590383280902582
7,48,0.0,0.1655722243957998,0.8977177716532995,0.0482697141521014,4466,112.56035475281531,0.1655722243957998,0.8977177716532995,0.0482697141521014,4466,117.46805397805292,0.165419247531696,7398.275249973046,0.165419247531696,7398.275249973046,8242,8241,8241,8241,0.0,revision_B@ff544e3dab27,ff544e3dab270c9412bea847c1119b0311242e63,b3-operational_20260825_130210_101492_c372f280,c372f2809deaf53f8be3bdb53f4495cea2a819857d704837db6d22d4ce9a26a4,cef0d7e99cf98289cf781ea358600304c52099759ac7cef6c0a3cc8b44b6bdc2,evidence,,0,1,random_walk,random_walk,matched_prior_stationary_exact,0.8,10000.0,,,200000.0,xlarge,0.0,0.0,0.0,0.0
7,48,0.5,0.0425509661716694,0.983791537786658,0.0073975565557958,5270,151.99466694856528,0.1856665764877897,0.8996461211804166,0.0476588531010697,4456,142.70763873157557,0.0425347995984116,7950.201015202796,0.185487867514611,7371.046878946197,8272,8083,8271,8271,0.5,revision_B@ff544e3dab27,ff544e3dab270c9412bea847c1119b0311242e63,b3-operational_20260825_130210_101492_c372f280,c372f2809deaf53f8be3bdb53f4495cea2a819857d704837db6d22d4ce9a26a4,cef0d7e99cf98289cf781ea358600304c52099759ac7cef6c0a3cc8b44b6bdc2,evidence,,0,1,random_walk,random_walk,matched_prior_stationary_exact,0.8,10000.0,,,200000.0,xlarge,0.14295306791619938,579.1541362565995,0.07001379790336067,0.1431156103161203
7,48,1.0,0.0035883442595683,0.9992402040594812,0.0003478108376687,4041,114.29188829823396,0.1888619250596969,0.8998853366540496,0.0474659496112702,4464,143.34456509375013,0.0035843508773895,8234.575592318859,0.1886924021553067,7358.615596773881,8264,8097,8263,8263,1.0,revision_B@ff544e3dab27,ff544e3dab270c9412bea847c1119b0311242e63,b3-operational_20260825_130210_101492_c372f280,c372f2809deaf53f8be3bdb53f4495cea2a819857d704837db6d22d4ce9a26a4,cef0d7e99cf98289cf781ea358600304c52099759ac7cef6c0a3cc8b44b6bdc2,evidence,,0,1,random_walk,random_walk,matched_prior_stationary_exact,0.8,10000.0,,,200000.0,xlarge,0.18510805127791718,875.9599955449776,0.10599709529827898,0.1852735808001286
7,49,0.0,0.1984577654922209,0.8965706972977318,0.048898111884024,4772,123.36229513119906,0.1984577654922209,0.8965706972977318,0.048898111884024,4772,129.7023292890517,0.1982731264812663,7235.361867905882,0.1982731264812663,7235.361867905882,8250,8249,8249,8249,0.0,revision_B@ff544e3dab27,ff544e3dab270c9412bea847c1119b0311242e63,b3-operational_20260825_130210_101492_c372f280,c372f2809deaf53f8be3bdb53f4495cea2a819857d704837db6d22d4ce9a26a4,cef0d7e99cf98289cf781ea358600304c52099759ac7cef6c0a3cc8b44b6bdc2,evidence,,0,1,random_walk,random_walk,matched_prior_stationary_exact,0.8,10000.0,,,200000.0,xlarge,0.0,0.0,0.0,0.0
7,49,0.5,0.0704341398983335,0.9673937172177156,0.0150260127433214,4641,137.98030634061433,0.213109828232292,0.8978040957315568,0.0484246214999707,4781,154.65876641322393,0.070382806413202,7765.463988264254,0.2129059782951396,7315.502625795257,8261,8128,8260,8260,0.5,revision_B@ff544e3dab27,ff544e3dab270c9412bea847c1119b0311242e63,b3-operational_20260825_130210_101492_c372f280,c372f2809deaf53f8be3bdb53f4495cea2a819857d704837db6d22d4ce9a26a4,cef0d7e99cf98289cf781ea358600304c52099759ac7cef6c0a3cc8b44b6bdc2,evidence,,0,1,random_walk,random_walk,matched_prior_stationary_exact,0.8,10000.0,,,200000.0,xlarge,0.14252317188193758,449.9613624689973,0.05446814701234685,0.1426756883339585
7,49,1.0,0.0037464894734393,0.9992052217556464,0.0003711930788566,4987,139.2389856276568,0.1979289850615316,0.896279712994028,0.0488834979832817,4830,153.49049328558613,0.0037454801150863,8204.359916482481,0.1977411488845742,7276.573095342617,8235,8191,8234,8234,1.0,revision_B@ff544e3dab27,ff544e3dab270c9412bea847c1119b0311242e63,b3-operational_20260825_130210_101492_c372f280,c372f2809deaf53f8be3bdb53f4495cea2a819857d704837db6d22d4ce9a26a4,cef0d7e99cf98289cf781ea358600304c52099759ac7cef6c0a3cc8b44b6bdc2,evidence,,0,1,random_walk,random_walk,matched_prior_stationary_exact,0.8,10000.0,,,200000.0,xlarge,0.1939956687694879,927.7868211398636,0.1126638519902688,0.19418249558809228
7,50,0.0,0.171363442707916,0.8964782802516221,0.0488688840825393,4795,122.9951333149802,0.171363442707916,0.8964782802516221,0.0488688840825393,4795,129.1216527040815,0.1711984725987912,7382.725794137299,0.1711984725987912,7382.725794137299,8243,8242,8242,8242,0.0,revision_B@ff544e3dab27,ff544e3dab270c9412bea847c1119b0311242e63,b3-operational_20260825_130210_101492_c372f280,c372f2809deaf53f8be3bdb53f4495cea2a819857d704837db6d22d4ce9a26a4,cef0d7e99cf98289cf781ea358600304c52099759ac7cef6c0a3cc8b44b6bdc2,evidence,,0,1,random_walk,random_walk,matched_prior_stationary_exact,0.8,10000.0,,,200000.0,xlarge,0.0,0.0,0.0,0.0
7,50,0.5,0.0835305699416952,0.9631790426171418,0.017007657683989,4893,145.09262926410884,0.1660390507747193,0.9149909381203072,0.040305138247501,4760,149.07052545971237,0.0834764082760595,7662.789398887167,0.1659283964097004,7475.296822186651,8264,8139,8263,8263,0.5,revision_B@ff544e3dab27,ff544e3dab270c9412bea847c1119b0311242e63,b3-operational_20260825_130210_101492_c372f280,c372f2809deaf53f8be3bdb53f4495cea2a819857d704837db6d22d4ce9a26a4,cef0d7e99cf98289cf781ea358600304c52099759ac7cef6c0a3cc8b44b6bdc2,evidence,,0,1,random_walk,random_walk,matched_prior_stationary_exact,0.8,10000.0,,,200000.0,xlarge,0.0824519881336409,187.4925767005161,0.022687872301611338,0.0825084808330241
7,50,1.0,0.0051619834481319,0.9988826744304832,0.0005114865259835,4932,140.03089813434053,0.1669184633328921,0.8972164200844185,0.0484684632021979,4797,154.08131365536246,0.0051603331875622,8195.814296876531,0.1667562175911912,7433.717559256076,8238,8097,8237,8237,1.0,revision_B@ff544e3dab27,ff544e3dab270c9412bea847c1119b0311242e63,b3-operational_20260825_130210_101492_c372f280,c372f2809deaf53f8be3bdb53f4495cea2a819857d704837db6d22d4ce9a26a4,cef0d7e99cf98289cf781ea358600304c52099759ac7cef6c0a3cc8b44b6bdc2,evidence,,0,1,random_walk,random_walk,matched_prior_stationary_exact,0.8,10000.0,,,200000.0,xlarge,0.161595884403629,762.0967376204553,0.09250992202239079,0.1617564798847602
7,51,0.0,0.1956041004699838,0.8950843454163334,0.0494622084526801,4042,104.4404480563244,0.1956041004699838,0.8950843454163334,0.0494622084526801,4042,110.00185167219024,0.1954225780208834,7256.376149587368,0.1954225780208834,7256.376149587368,8237,8236,8236,8236,0.0,revision_B@ff544e3dab27,ff544e3dab270c9412bea847c1119b0311242e63,b3-operational_20260825_130210_101492_c372f280,c372f2809deaf53f8be3bdb53f4495cea2a819857d704837db6d22d4ce9a26a4,cef0d7e99cf98289cf781ea358600304c52099759ac7cef6c0a3cc8b44b6bdc2,evidence,,0,1,random_walk,random_walk,matched_prior_stationary_exact,0.8,10000.0,,,200000.0,xlarge,0.0,0.0,0.0,0.0
7,51,0.5,0.0666430887196352,0.9682092299879388,0.0146372829835739,4162,122.80087305174676,0.2026438127302547,0.8989009366946916,0.0480446600806687,3990,128.62170267361216,0.0665989779730535,7807.704419517056,0.2024694052090178,7344.298640218669,8275,8124,8274,8274,0.5,revision_B@ff544e3dab27,ff544e3dab270c9412bea847c1119b0311242e63,b3-operational_20260825_130210_101492_c372f280,c372f2809deaf53f8be3bdb53f4495cea2a819857d704837db6d22d4ce9a26a4,cef0d7e99cf98289cf781ea358600304c52099759ac7cef6c0a3cc8b44b6bdc2,evidence,,0,1,random_walk,random_walk,matched_prior_stationary_exact,0.8,10000.0,,,200000.0,xlarge,0.1358704272359643,463.40577929838673,0.05600069840463888,0.1360007240106195
7,51,1.0,0.0044806202448465,0.9990675144566552,0.0004354942421231,4539,129.4746300195111,0.1945411053935354,0.9001013258862925,0.0472584322207283,3965,132.45184754696675,0.0044792503006972,8216.311664475386,0.1943950099467067,7310.029277090333,8253,8191,8252,8252,1.0,revision_B@ff544e3dab27,ff544e3dab270c9412bea847c1119b0311242e63,b3-operational_20260825_130210_101492_c372f280,c372f2809deaf53f8be3bdb53f4495cea2a819857d704837db6d22d4ce9a26a4,cef0d7e99cf98289cf781ea358600304c52099759ac7cef6c0a3cc8b44b6bdc2,evidence,,0,1,random_walk,random_walk,matched_prior_stationary_exact,0.8,10000.0,,,200000.0,xlarge,0.18991575964600949,906.282387385053,0.10981247878166157,0.1900604851486889
10,42,0.0,0.2370345273113889,0.9393439733450082,0.0312795958399427,4250,108.98702298779972,0.2370345273113889,0.9393439733450082,0.0312795958399427,4250,113.61728146392852,0.2368533231677065,7279.865200879413,0.2368533231677065,7279.865200879413,8794,8793,8793,8793,0.0,revision_B@ff544e3dab27,ff544e3dab270c9412bea847c1119b0311242e63,b3-operational_20260825_130210_101492_c372f280,c372f2809deaf53f8be3bdb53f4495cea2a819857d704837db6d22d4ce9a26a4,cef0d7e99cf98289cf781ea358600304c52099759ac7cef6c0a3cc8b44b6bdc2,evidence,,0,1,random_walk,random_walk,matched_prior_stationary_exact,0.8,10000.0,,,200000.0,xlarge,0.0,0.0,0.0,0.0
10,42,0.5,0.1205367046652887,0.989111491028599,0.0057703641369523,4426,134.38518972625025,0.2821802535055239,0.9353748475418618,0.0332470319862308,4227,137.01628789491951,0.1205142923519503,8039.689173295479,0.2820990329961003,7342.861269800105,9037,9036,8772,9036,0.5,revision_B@ff544e3dab27,ff544e3dab270c9412bea847c1119b0311242e63,b3-operational_20260825_130210_101492_c372f280,c372f2809deaf53f8be3bdb53f4495cea2a819857d704837db6d22d4ce9a26a4,cef0d7e99cf98289cf781ea358600304c52099759ac7cef6c0a3cc8b44b6bdc2,evidence,,0,1,random_walk,random_walk,matched_prior_stationary_exact,0.8,10000.0,,,200000.0,xlarge,0.16158474064415,696.8279034953739,0.07710832173236405,0.16164354884023518
10,42,1.0,0.0018438195836147,0.9996932461051103,0.0001524689710983,4705,137.91642725060228,0.3095071101831017,0.9173926429337044,0.0424831331200722,4226,138.5770061389776,0.0018444339934149,8753.921663611274,0.3093120649424836,7003.46990363733,8770,8475,8769,8769,1.0,revision_B@ff544e3dab27,ff544e3dab270c9412bea847c1119b0311242e63,b3-operational_20260825_130210_101492_c372f280,c372f2809deaf53f8be3bdb53f4495cea2a819857d704837db6d22d4ce9a26a4,cef0d7e99cf98289cf781ea358600304c52099759ac7cef6c0a3cc8b44b6bdc2,evidence,,0,1,random_walk,random_walk,matched_prior_stationary_exact,0.8,10000.0,,,200000.0,xlarge,0.3074676309490687,1750.4517599739438,0.19959541162758768,0.307663290599487
10,43,0.0,0.2525454775611262,0.9396358918032972,0.031100738008462,4130,106.13511155114976,0.2525454775611262,0.9396358918032972,0.031100738008462,4130,111.09665544983,0.2523427261231369,7266.257453473907,0.2523427261231369,7266.257453473907,8786,8785,8785,8785,0.0,revision_B@ff544e3dab27,ff544e3dab270c9412bea847c1119b0311242e63,b3-operational_20260825_130210_101492_c372f280,c372f2809deaf53f8be3bdb53f4495cea2a819857d704837db6d22d4ce9a26a4,cef0d7e99cf98289cf781ea358600304c52099759ac7cef6c0a3cc8b44b6bdc2,evidence,,0,1,random_walk,random_walk,matched_prior_stationary_exact,0.8,10000.0,,,200000.0,xlarge,0.0,0.0,0.0,0.0
10,43,0.5,0.1225982445141105,0.9881687183451204,0.00601372807159,3307,99.67955343180802,0.2498565267570911,0.9499187717371408,0.0256704969608829,4241,134.77139848086517,0.1225678976902188,7779.381705488333,0.249815106897279,7185.833709378328,8741,8667,8740,8740,0.5,revision_B@ff544e3dab27,ff544e3dab270c9412bea847c1119b0311242e63,b3-operational_20260825_130210_101492_c372f280,c372f2809deaf53f8be3bdb53f4495cea2a819857d704837db6d22d4ce9a26a4,cef0d7e99cf98289cf781ea358600304c52099759ac7cef6c0a3cc8b44b6bdc2,evidence,,0,1,random_walk,random_walk,matched_prior_stationary_exact,0.8,10000.0,,,200000.0,xlarge,0.12724720920706023,593.5479961100045,0.06790390071044555,0.1272582822429806
10,43,1.0,0.0038128818221831,0.9994978182995012,0.000263888603824,4968,146.2666881388286,0.293268884727312,0.9284105331763036,0.0367157010787179,4192,135.5191749165533,0.003814024360014,8927.033832783189,0.2931553621664855,7176.855686250083,8961,8960,8745,8960,1.0,revision_B@ff544e3dab27,ff544e3dab270c9412bea847c1119b0311242e63,b3-operational_20260825_130210_101492_c372f280,c372f2809deaf53f8be3bdb53f4495cea2a819857d704837db6d22d4ce9a26a4,cef0d7e99cf98289cf781ea358600304c52099759ac7cef6c0a3cc8b44b6bdc2,evidence,,0,1,random_walk,random_walk,matched_prior_stationary_exact,0.8,10000.0,,,200000.0,xlarge,0.28934133780647153,1750.178146533106,0.19531058436927864,0.2894560029051289
10,44,0.0,0.267491645112238,0.928792745672134,0.0367244973655121,4271,110.64037723315414,0.267491645112238,0.928792745672134,0.0367244973655121,4271,113.68938985909335,0.2673068544188103,7199.614401246576,0.2673068544188103,7199.614401246576,8795,8794,8794,8794,0.0,revision_B@ff544e3dab27,ff544e3dab270c9412bea847c1119b0311242e63,b3-operational_20260825_130210_101492_c372f280,c372f2809deaf53f8be3bdb53f4495cea2a819857d704837db6d22d4ce9a26a4,cef0d7e99cf98289cf781ea358600304c52099759ac7cef6c0a3cc8b44b6bdc2,evidence,,0,1,random_walk,random_walk,matched_prior_stationary_exact,0.8,10000.0,,,200000.0,xlarge,0.0,0.0,0.0,0.0
10,44,0.5,0.1267983131616247,0.9880847777298956,0.0062424315282375,4049,121.01854816148987,0.2942971726479819,0.9322551148702708,0.0347570612192239,4162,134.03946092689876,0.1267425178726199,7896.983489790072,0.2941734069584265,7191.405879094817,8934,8933,8748,8933,0.5,revision_B@ff544e3dab27,ff544e3dab270c9412bea847c1119b0311242e63,b3-operational_20260825_130210_101492_c372f280,c372f2809deaf53f8be3bdb53f4495cea2a819857d704837db6d22d4ce9a26a4,cef0d7e99cf98289cf781ea358600304c52099759ac7cef6c0a3cc8b44b6bdc2,evidence,,0,1,random_walk,random_walk,matched_prior_stationary_exact,0.8,10000.0,,,200000.0,xlarge,0.16743088908580658,705.5776106952553,0.07897667457972413,0.16749885948635718
10,44,1.0,0.0031034001837816,0.9995223391733056,0.0002462960302357,4598,134.6539598851232,0.2789575914295442,0.9398218640167604,0.0308251210222458,4155,131.57278061343823,0.0030982337017811,8765.919494575819,0.2788753065325498,7156.094297705891,8793,8792,8734,8792,1.0,revision_B@ff544e3dab27,ff544e3dab270c9412bea847c1119b0311242e63,b3-operational_20260825_130210_101492_c372f280,c372f2809deaf53f8be3bdb53f4495cea2a819857d704837db6d22d4ce9a26a4,cef0d7e99cf98289cf781ea358600304c52099759ac7cef6c0a3cc8b44b6bdc2,evidence,,0,1,random_walk,random_walk,matched_prior_stationary_exact,0.8,10000.0,,,200000.0,xlarge,0.27577707283076874,1609.8251968699278,0.18308031353007254,0.2758541912457626
10,45,0.0,0.274066232406901,0.9295564793594284,0.0363198681729819,4328,114.72685200721024,0.274066232406901,0.9295564793594284,0.0363198681729819,4328,119.0457321862923,0.2738494938937409,7136.546625677248,0.2738494938937409,7136.546625677248,8792,8791,8791,8791,0.0,revision_B@ff544e3dab27,ff544e3dab270c9412bea847c1119b0311242e63,b3-operational_20260825_130210_101492_c372f280,c372f2809deaf53f8be3bdb53f4495cea2a819857d704837db6d22d4ce9a26a4,cef0d7e99cf98289cf781ea358600304c52099759ac7cef6c0a3cc8b44b6bdc2,evidence,,0,1,random_walk,random_walk,matched_prior_stationary_exact,0.8,10000.0,,,200000.0,xlarge,0.0,0.0,0.0,0.0
10,45,0.5,0.1326197011090553,0.9856294288138768,0.007646905319701,5376,162.08678617654368,0.2892423617195634,0.9350785758729544,0.0333467232365644,4231,138.80628923140466,0.1325253138239667,7990.134586144176,0.2891278550543886,7350.955224546353,9074,9073,8758,9073,0.5,revision_B@ff544e3dab27,ff544e3dab270c9412bea847c1119b0311242e63,b3-operational_20260825_130210_101492_c372f280,c372f2809deaf53f8be3bdb53f4495cea2a819857d704837db6d22d4ce9a26a4,cef0d7e99cf98289cf781ea358600304c52099759ac7cef6c0a3cc8b44b6bdc2,evidence,,0,1,random_walk,random_walk,matched_prior_stationary_exact,0.8,10000.0,,,200000.0,xlarge,0.1566025412304219,639.1793615978231,0.07044074956996067,0.1566226606105081
10,45,1.0,0.0031159626528597,0.9995703628481036,0.0002257713610494,4978,147.11833288613707,0.2843140776258918,0.9260964297764536,0.0378914714135339,4200,141.04306480498053,0.0031170108117914,8933.232240148609,0.284202056121714,7164.522803730381,8961,8960,8742,8960,1.0,revision_B@ff544e3dab27,ff544e3dab270c9412bea847c1119b0311242e63,b3-operational_20260825_130210_101492_c372f280,c372f2809deaf53f8be3bdb53f4495cea2a819857d704837db6d22d4ce9a26a4,cef0d7e99cf98289cf781ea358600304c52099759ac7cef6c0a3cc8b44b6bdc2,evidence,,0,1,random_walk,random_walk,matched_prior_stationary_exact,0.8,10000.0,,,200000.0,xlarge,0.2810850453099226,1768.7094364182276,0.19737857788396693,0.2811981149730321
10,46,0.0,0.2649059250794225,0.9334126108082887,0.0343143147839192,4326,112.79531832272188,0.2649059250794225,0.9334126108082887,0.0343143147839192,4326,118.8726038512541,0.2647281648618645,7234.47702136173,0.2647281648618645,7234.47702136173,8788,8787,8787,8787,0.0,revision_B@ff544e3dab27,ff544e3dab270c9412bea847c1119b0311242e63,b3-operational_20260825_130210_101492_c372f280,c372f2809deaf53f8be3bdb53f4495cea2a819857d704837db6d22d4ce9a26a4,cef0d7e99cf98289cf781ea358600304c52099759ac7cef6c0a3cc8b44b6bdc2,evidence,,0,1,random_walk,random_walk,matched_prior_stationary_exact,0.8,10000.0,,,200000.0,xlarge,0.0,0.0,0.0,0.0
10,46,0.5,0.14299873930168,0.9839494191029156,0.0082919663512709,4051,122.69512542453596,0.2693823221785429,0.936052222780646,0.0328306744113085,4139,134.923155592056,0.1429352981671294,7684.491043820089,0.2692927838035657,7129.846280964748,8810,8809,8754,8809,0.5,revision_B@ff544e3dab27,ff544e3dab270c9412bea847c1119b0311242e63,b3-operational_20260825_130210_101492_c372f280,c372f2809deaf53f8be3bdb53f4495cea2a819857d704837db6d22d4ce9a26a4,cef0d7e99cf98289cf781ea358600304c52099759ac7cef6c0a3cc8b44b6bdc2,evidence,,0,1,random_walk,random_walk,matched_prior_stationary_exact,0.8,10000.0,,,200000.0,xlarge,0.12635748563643628,554.6447628553406,0.06295627274180937,0.1263835828768629
10,46,1.0,0.0034500342185117,0.9994754903328404,0.0002756169862162,4970,146.5760743507417,0.2843821671945278,0.9271594646446192,0.0374047435442585,4228,140.6775188863976,0.0034509202144371,8930.252570462442,0.2842560114621456,7233.945550619285,8961,8960,8756,8960,1.0,revision_B@ff544e3dab27,ff544e3dab270c9412bea847c1119b0311242e63,b3-operational_20260825_130210_101492_c372f280,c372f2809deaf53f8be3bdb53f4495cea2a819857d704837db6d22d4ce9a26a4,cef0d7e99cf98289cf781ea358600304c52099759ac7cef6c0a3cc8b44b6bdc2,evidence,,0,1,random_walk,random_walk,matched_prior_stationary_exact,0.8,10000.0,,,200000.0,xlarge,0.28080509124770847,1696.307019843157,0.18929885278910355,0.2809321329760161
10,47,0.0,0.266157831244762,0.9269223127359428,0.0377448666336317,4329,113.5012960304739,0.266157831244762,0.9269223127359428,0.0377448666336317,4329,120.02182152238674,0.2659474683559642,7229.1397774693105,0.2659474683559642,7229.1397774693105,8808,8807,8807,8807,0.0,revision_B@ff544e3dab27,ff544e3dab270c9412bea847c1119b0311242e63,b3-operational_20260825_130210_101492_c372f280,c372f2809deaf53f8be3bdb53f4495cea2a819857d704837db6d22d4ce9a26a4,cef0d7e99cf98289cf781ea358600304c52099759ac7cef6c0a3cc8b44b6bdc2,evidence,,0,1,random_walk,random_walk,matched_prior_stationary_exact,0.8,10000.0,,,200000.0,xlarge,0.0,0.0,0.0,0.0
10,47,0.5,0.1214171906708496,0.988830232763181,0.0059433577772369,3485,105.92514824261887,0.2956272645666049,0.9308579989935496,0.0354519678759606,4069,132.70303109206725,0.1213407234078072,8064.848392617824,0.2955028669868479,7337.795285580804,9074,9073,8743,9073,0.5,revision_B@ff544e3dab27,ff544e3dab270c9412bea847c1119b0311242e63,b3-operational_20260825_130210_101492_c372f280,c372f2809deaf53f8be3bdb53f4495cea2a819857d704837db6d22d4ce9a26a4,cef0d7e99cf98289cf781ea358600304c52099759ac7cef6c0a3cc8b44b6bdc2,evidence,,0,1,random_walk,random_walk,matched_prior_stationary_exact,0.8,10000.0,,,200000.0,xlarge,0.1741621435790407,727.0531070370198,0.08012487403978619,0.17421007389575527
10,47,1.0,0.0031401158588713,0.9995089724131774,0.0002580244126279,4971,146.90753127716016,0.2873404673362785,0.9284174410293068,0.0367039726963257,4091,135.0367289853748,0.0031402449738126,8933.016232381753,0.287220204292935,7229.195294773848,8961,8960,8743,8960,1.0,revision_B@ff544e3dab27,ff544e3dab270c9412bea847c1119b0311242e63,b3-operational_20260825_130210_101492_c372f280,c372f2809deaf53f8be3bdb53f4495cea2a819857d704837db6d22d4ce9a26a4,cef0d7e99cf98289cf781ea358600304c52099759ac7cef6c0a3cc8b44b6bdc2,evidence,,0,1,random_walk,random_walk,matched_prior_stationary_exact,0.8,10000.0,,,200000.0,xlarge,0.2840799593191224,1703.8209376079049,0.1901373660984159,0.2842003514774072
10,48,0.0,0.2627026670910655,0.9274145920407052,0.0374780459342096,4284,112.96409947716164,0.2627026670910655,0.9274145920407052,0.0374780459342096,4284,117.90834789269138,0.2625036968005684,7213.7129300410625,0.2625036968005684,7213.7129300410625,8805,8804,8804,8804,0.0,revision_B@ff544e3dab27,ff544e3dab270c9412bea847c1119b0311242e63,b3-operational_20260825_130210_101492_c372f280,c372f2809deaf53f8be3bdb53f4495cea2a819857d704837db6d22d4ce9a26a4,cef0d7e99cf98289cf781ea358600304c52099759ac7cef6c0a3cc8b44b6bdc2,evidence,,0,1,random_walk,random_walk,matched_prior_stationary_exact,0.8,10000.0,,,200000.0,xlarge,0.0,0.0,0.0,0.0
10,48,0.5,0.1425695884990757,0.9842444844513524,0.0082626453952904,4869,151.43545810808428,0.2677108569403658,0.9335878428888548,0.0341237285700463,4266,142.73879243130796,0.1424974588467335,7810.489348510417,0.267607424478806,7307.244102042825,8943,8942,8761,8942,0.5,revision_B@ff544e3dab27,ff544e3dab270c9412bea847c1119b0311242e63,b3-operational_20260825_130210_101492_c372f280,c372f2809deaf53f8be3bdb53f4495cea2a819857d704837db6d22d4ce9a26a4,cef0d7e99cf98289cf781ea358600304c52099759ac7cef6c0a3cc8b44b6bdc2,evidence,,0,1,random_walk,random_walk,matched_prior_stationary_exact,0.8,10000.0,,,200000.0,xlarge,0.12510996563207247,503.24524646759164,0.05627253119396082,0.1251412684412901
10,48,1.0,0.0031198262318376,0.999540222335342,0.0002462960302357,4496,133.17695318395272,0.2826878454739272,0.9296316437219152,0.0360442511867656,4247,141.65177699003834,0.0031207353966747,9106.6589317362,0.282553428537854,7357.939412553866,9135,9134,8734,9134,1.0,revision_B@ff544e3dab27,ff544e3dab270c9412bea847c1119b0311242e63,b3-operational_20260825_130210_101492_c372f280,c372f2809deaf53f8be3bdb53f4495cea2a819857d704837db6d22d4ce9a26a4,cef0d7e99cf98289cf781ea358600304c52099759ac7cef6c0a3cc8b44b6bdc2,evidence,,0,1,random_walk,random_walk,matched_prior_stationary_exact,0.8,10000.0,,,200000.0,xlarge,0.2794326931411793,1748.719519182334,0.191430708175406,0.2795680192420896
10,49,0.0,0.2520551804352782,0.939305946992342,0.0312561390751584,4201,110.98444933001883,0.2520551804352782,0.939305946992342,0.0312561390751584,4201,116.04125483892858,0.2519381715626899,7269.761263914944,0.2519381715626899,7269.761263914944,8782,8781,8781,8781,0.0,revision_B@ff544e3dab27,ff544e3dab270c9412bea847c1119b0311242e63,b3-operational_20260825_130210_101492_c372f280,c372f2809deaf53f8be3bdb53f4495cea2a819857d704837db6d22d4ce9a26a4,cef0d7e99cf98289cf781ea358600304c52099759ac7cef6c0a3cc8b44b6bdc2,evidence,,0,1,random_walk,random_walk,matched_prior_stationary_exact,0.8,10000.0,,,200000.0,xlarge,0.0,0.0,0.0,0.0
10,49,0.5,0.1328589943208701,0.985574295415022,0.0076615657976912,4450,136.05307345394976,0.2752449100885253,0.9260387258676248,0.0380234157154459,4236,136.85350210324395,0.1327850703603587,7971.124664399914,0.2751072026371461,7299.273201711035,9057,9056,8766,9056,0.5,revision_B@ff544e3dab27,ff544e3dab270c9412bea847c1119b0311242e63,b3-operational_20260825_130210_101492_c372f280,c372f2809deaf53f8be3bdb53f4495cea2a819857d704837db6d22d4ce9a26a4,cef0d7e99cf98289cf781ea358600304c52099759ac7cef6c0a3cc8b44b6bdc2,evidence,,0,1,random_walk,random_walk,matched_prior_stationary_exact,0.8,10000.0,,,200000.0,xlarge,0.14232213227678742,671.8514626888791,0.07418035361475976,0.14238591576765522
10,49,1.0,0.0031198262318373,0.9995621141130622,0.0002345676478435,4496,133.99755380745046,0.2945236996069159,0.9193801905611092,0.041357208410423,4233,136.21025563939477,0.0031207415464017,9106.66779317186,0.2943197853626259,7313.229954386034,9135,9134,8747,9134,1.0,revision_B@ff544e3dab27,ff544e3dab270c9412bea847c1119b0311242e63,b3-operational_20260825_130210_101492_c372f280,c372f2809deaf53f8be3bdb53f4495cea2a819857d704837db6d22d4ce9a26a4,cef0d7e99cf98289cf781ea358600304c52099759ac7cef6c0a3cc8b44b6bdc2,evidence,,0,1,random_walk,random_walk,matched_prior_stationary_exact,0.8,10000.0,,,200000.0,xlarge,0.2911990438162242,1793.437838785827,0.19632598125734285,0.29140387337507856
10,50,0.0,0.2275375020993926,0.9370766629982188,0.0325228043735137,4290,112.31268938595896,0.2275375020993926,0.9370766629982188,0.0325228043735137,4291,116.82736725488212,0.227399870966417,7321.237386919639,0.2273998488572688,7321.237503974554,8814,8813,8813,8813,0.0,revision_B@ff544e3dab27,ff544e3dab270c9412bea847c1119b0311242e63,b3-operational_20260825_130210_101492_c372f280,c372f2809deaf53f8be3bdb53f4495cea2a819857d704837db6d22d4ce9a26a4,cef0d7e99cf98289cf781ea358600304c52099759ac7cef6c0a3cc8b44b6bdc2,evidence,,0,1,random_walk,random_walk,matched_prior_stationary_exact,0.8,10000.0,,,200000.0,xlarge,-2.2109148206661544e-08,-0.00011705491488100961,-1.3280566698548855e-08,0.0
10,50,0.5,0.140980298164099,0.984442905182719,0.0081658862405549,4818,149.53516833018512,0.2974338455239693,0.9312406320438448,0.0352408569929013,4138,129.1396579494467,0.1408850531302467,7819.094856748731,0.2973271562448613,7166.416845097077,8951,8950,8739,8950,0.5,revision_B@ff544e3dab27,ff544e3dab270c9412bea847c1119b0311242e63,b3-operational_20260825_130210_101492_c372f280,c372f2809deaf53f8be3bdb53f4495cea2a819857d704837db6d22d4ce9a26a4,cef0d7e99cf98289cf781ea358600304c52099759ac7cef6c0a3cc8b44b6bdc2,evidence,,0,1,random_walk,random_walk,matched_prior_stationary_exact,0.8,10000.0,,,200000.0,xlarge,0.15644210311461457,652.6780116516538,0.0729167703777962,0.1564535473598703
10,50,1.0,0.0031159626528595,0.9995033398996634,0.0002609565082259,4404,131.69420721498318,0.2953407954498536,0.9332758551778872,0.0342644691587524,4226,132.74168703192845,0.0031137248903876,8932.249686104562,0.2952098090224571,7271.534157368829,8960,8959,8756,8959,1.0,revision_B@ff544e3dab27,ff544e3dab270c9412bea847c1119b0311242e63,b3-operational_20260825_130210_101492_c372f280,c372f2809deaf53f8be3bdb53f4495cea2a819857d704837db6d22d4ce9a26a4,cef0d7e99cf98289cf781ea358600304c52099759ac7cef6c0a3cc8b44b6bdc2,evidence,,0,1,random_walk,random_walk,matched_prior_stationary_exact,0.8,10000.0,,,200000.0,xlarge,0.2920960841320695,1660.7155287357327,0.18534771526068447,0.29222483279699407
10,51,0.0,0.2364366318410068,0.922814331803517,0.0398442470818318,4325,115.15383095224388,0.2364366318410068,0.922814331803517,0.0398442470818318,4325,115.03586821863428,0.2362571114774622,7266.498583000588,0.2362571114774622,7266.498583000588,8803,8802,8802,8802,0.0,revision_B@ff544e3dab27,ff544e3dab270c9412bea847c1119b0311242e63,b3-operational_20260825_130210_101492_c372f280,c372f2809deaf53f8be3bdb53f4495cea2a819857d704837db6d22d4ce9a26a4,cef0d7e99cf98289cf781ea358600304c52099759ac7cef6c0a3cc8b44b6bdc2,evidence,,0,1,random_walk,random_walk,matched_prior_stationary_exact,0.8,10000.0,,,200000.0,xlarge,0.0,0.0,0.0,0.0
10,51,0.5,0.1164289866966273,0.9891787549322962,0.0055885742098735,4564,139.42788924241904,0.3095201798468323,0.9283925260305236,0.0368007318510612,4222,126.125064821681,0.1163762042029963,7858.671129184629,0.3093851286245936,7019.977877431286,8807,8806,8763,8806,0.5,revision_B@ff544e3dab27,ff544e3dab270c9412bea847c1119b0311242e63,b3-operational_20260825_130210_101492_c372f280,c372f2809deaf53f8be3bdb53f4495cea2a819857d704837db6d22d4ce9a26a4,cef0d7e99cf98289cf781ea358600304c52099759ac7cef6c0a3cc8b44b6bdc2,evidence,,0,1,random_walk,random_walk,matched_prior_stationary_exact,0.8,10000.0,,,200000.0,xlarge,0.1930089244215973,838.6932517533423,0.09523029996063839,0.19309119315020498
10,51,1.0,0.0031362522798935,0.9995393932501208,0.0002374997434416,3910,118.37281284690836,0.2810962149781477,0.9321945576984744,0.0347189439764494,4123,116.06727659958416,0.0031372734188646,8765.561907615273,0.2809947889636843,7132.089509864357,8793,8792,8731,8792,1.0,revision_B@ff544e3dab27,ff544e3dab270c9412bea847c1119b0311242e63,b3-operational_20260825_130210_101492_c372f280,c372f2809deaf53f8be3bdb53f4495cea2a819857d704837db6d22d4ce9a26a4,cef0d7e99cf98289cf781ea358600304c52099759ac7cef6c0a3cc8b44b6bdc2,evidence,,0,1,random_walk,random_walk,matched_prior_stationary_exact,0.8,10000.0,,,200000.0,xlarge,0.2778575155448197,1633.4723977509157,0.1857696346811004,0.2779599626982542
