study,dataset,planning_mode,trial,seed,num_drones,budget,fov_deg,victim_model,likelihood,victims_found,path_length,cells_observed,sim_time,wall_time
main,1,pizza,1,42,5,200000.0,45.0,random_walk,0.3049448203078362,0,200005.54543874832,12860,7997.0,43.27905631065369
main,1,pizza,2,43,5,200000.0,45.0,random_walk,0.3050258122279614,1,199950.78402175003,12866,8001.0,42.442371129989624
main,1,pizza,3,44,5,200000.0,45.0,random_walk,0.3049653869314785,3,200021.4487519557,12863,7999.0,39.82369256019592
main,1,pizza,4,45,5,200000.0,45.0,random_walk,0.3049448203078362,1,200014.02923663336,12860,7997.0,43.25119709968567
main,1,pizza,5,46,5,200000.0,45.0,random_walk,0.3050258122279614,2,199975.7557606355,12866,8001.0,42.26480579376221
main,1,pizza,6,47,5,200000.0,45.0,random_walk,0.3050258122279614,2,199994.8228365796,12866,8001.0,42.10338521003723
main,1,pizza,7,48,5,200000.0,45.0,random_walk,0.3049653869314785,1,200012.8496245136,12863,7999.0,40.14084219932556
main,1,pizza,8,49,5,200000.0,45.0,random_walk,0.3050258122279614,1,199972.4537295323,12866,8001.0,41.22223782539368
main,1,pizza,9,50,5,200000.0,45.0,random_walk,0.3049448203078362,1,200002.43918069307,12860,7997.0,40.78001093864441
main,1,pizza,10,51,5,200000.0,45.0,random_walk,0.3050258122279614,2,199972.62246599817,12866,8001.0,40.99864459037781
main,1,pizza,11,52,5,200000.0,45.0,random_walk,0.3050258122279614,1,199971.44364894603,12866,8001.0,39.98982572555542
main,1,pizza,12,53,5,200000.0,45.0,random_walk,0.3049448203078362,1,200019.826212753,12860,7997.0,41.362014293670654
main,1,pizza,13,54,5,200000.0,45.0,random_walk,0.3050258122279614,1,200008.87198865254,12866,8000.0,40.40474987030029
main,1,pizza,14,55,5,200000.0,45.0,random_walk,0.3049448203078362,1,200001.2683519915,12861,7998.0,42.657997846603394
main,1,pizza,15,56,5,200000.0,45.0,random_walk,0.3050258122279614,0,199922.78882549587,12866,8001.0,42.46741271018982
main,1,pizza,16,57,5,200000.0,45.0,random_walk,0.3050258122279614,1,199986.27004224958,12866,8001.0,42.832865953445435
main,1,pizza,17,58,5,200000.0,45.0,random_walk,0.3050258122279614,2,199986.45782700542,12866,8001.0,41.998916149139404
main,1,pizza,18,59,5,200000.0,45.0,random_walk,0.3049448203078362,3,200014.63021522478,12861,7998.0,43.13176608085632
main,1,pizza,19,60,5,200000.0,45.0,random_walk,0.3049653869314785,1,200004.6178232223,12863,7999.0,41.99223852157593
main,1,pizza,20,61,5,200000.0,45.0,random_walk,0.3048836775997154,3,200008.1216624179,12857,7995.0,41.30613303184509
main,1,pizza,21,62,5,200000.0,45.0,random_walk,0.3049448203078362,1,200000.85585545193,12861,7998.0,41.75909614562988
main,1,pizza,22,63,5,200000.0,45.0,random_walk,0.3049653869314785,1,200016.12473009594,12863,7999.0,42.73375749588013
main,1,pizza,23,64,5,200000.0,45.0,random_walk,0.3050258122279614,1,199930.56256784828,12866,8001.0,42.849021673202515
main,1,pizza,24,65,5,200000.0,45.0,random_walk,0.3050258122279614,1,199902.75011697886,12866,8001.0,42.82704710960388
main,1,pizza,25,66,5,200000.0,45.0,random_walk,0.3049448203078362,2,200009.20897407987,12860,7997.0,40.64992022514343
main,1,pizza,26,67,5,200000.0,45.0,random_walk,0.3050258122279614,1,199988.2107852288,12866,8001.0,42.71027088165283
main,1,pizza,27,68,5,200000.0,45.0,random_walk,0.3049448203078362,1,200009.1211894642,12861,7998.0,44.087581396102905
main,1,pizza,28,69,5,200000.0,45.0,random_walk,0.3049448203078362,2,200015.66357225843,12861,7998.0,43.64240646362305
main,1,pizza,29,70,5,200000.0,45.0,random_walk,0.3050258122279614,2,199977.139003273,12866,8001.0,42.458820819854736
main,1,pizza,30,71,5,200000.0,45.0,random_walk,0.3050258122279614,0,199910.0431942332,12866,8001.0,43.99721884727478
main,1,pizza,31,72,5,200000.0,45.0,random_walk,0.3050258122279614,0,199885.85174243082,12866,8001.0,42.51498508453369
main,1,pizza,32,73,5,200000.0,45.0,random_walk,0.3050258122279614,3,199964.09226113468,12866,8001.0,41.315600872039795
main,1,pizza,33,74,5,200000.0,45.0,random_walk,0.3049448203078362,1,200021.51774643804,12861,7998.0,41.81631255149841
main,1,pizza,34,75,5,200000.0,45.0,random_walk,0.3050258122279614,3,199993.4537598061,12866,8001.0,42.81660747528076
main,1,pizza,35,76,5,200000.0,45.0,random_walk,0.3049448203078362,1,200000.1951752851,12860,7997.0,42.31370258331299
main,1,pizza,36,77,5,200000.0,45.0,random_walk,0.3050258122279614,1,199979.02354030812,12866,8001.0,43.52140688896179
main,1,pizza,37,78,5,200000.0,45.0,random_walk,0.3049448203078362,3,200023.85100410096,12861,7998.0,41.052993059158325
main,1,pizza,38,79,5,200000.0,45.0,random_walk,0.3050258122279614,2,199892.1535846526,12866,8001.0,41.90190148353577
main,1,pizza,39,80,5,200000.0,45.0,random_walk,0.3050258122279614,0,199925.39212769107,12866,8001.0,42.131417751312256
main,1,pizza,40,81,5,200000.0,45.0,random_walk,0.3050258122279614,3,199922.80052609908,12866,8001.0,42.34268307685852
main,1,pizza,41,82,5,200000.0,45.0,random_walk,0.3049653869314785,2,200014.05398231652,12863,7999.0,40.291086196899414
main,1,pizza,42,83,5,200000.0,45.0,random_walk,0.3050258122279614,2,199945.75946912784,12866,8001.0,40.77267837524414
main,1,pizza,43,84,5,200000.0,45.0,random_walk,0.3049448203078362,2,200020.78012119353,12860,7997.0,42.85317397117615
main,1,pizza,44,85,5,200000.0,45.0,random_walk,0.3049448203078362,2,200008.9282705975,12861,7998.0,42.50163912773132
main,1,pizza,45,86,5,200000.0,45.0,random_walk,0.3050258122279614,2,199968.97857105418,12866,8001.0,42.46816611289978
main,1,pizza,46,87,5,200000.0,45.0,random_walk,0.3050258122279614,2,199985.33704418238,12866,8001.0,42.380932331085205
main,1,pizza,47,88,5,200000.0,45.0,random_walk,0.3050258122279614,2,199965.342741524,12866,8001.0,42.60124683380127
main,1,pizza,48,89,5,200000.0,45.0,random_walk,0.3050258122279614,0,199999.71175062325,12866,8001.0,43.115562200546265
main,1,pizza,49,90,5,200000.0,45.0,random_walk,0.3050258122279614,1,199954.30394721977,12866,8001.0,43.72992515563965
main,1,pizza,50,91,5,200000.0,45.0,random_walk,0.304904567830398,1,200002.4489882052,12858,7996.0,44.30114269256592
main,1,pizza,51,92,5,200000.0,45.0,random_walk,0.3050258122279614,1,199883.3816954681,12866,8001.0,40.22890877723694
main,1,pizza,52,93,5,200000.0,45.0,random_walk,0.3050258122279614,2,199912.74140427622,12866,8001.0,43.87835097312927
main,1,pizza,53,94,5,200000.0,45.0,random_walk,0.3049653869314785,2,200000.92768950912,12863,7999.0,41.826526403427124
main,1,pizza,54,95,5,200000.0,45.0,random_walk,0.3049653869314785,3,200020.53533479085,12863,7999.0,43.992032289505005
main,1,pizza,55,96,5,200000.0,45.0,random_walk,0.3049448203078362,3,200006.75729368138,12861,7998.0,41.24647355079651
main,1,pizza,56,97,5,200000.0,45.0,random_walk,0.3049653869314785,2,200016.36865774245,12863,7999.0,41.32968616485596
main,1,pizza,57,98,5,200000.0,45.0,random_walk,0.3050258122279614,1,199964.94312955433,12866,8001.0,39.3721284866333
main,1,pizza,58,99,5,200000.0,45.0,random_walk,0.3049448203078362,0,200008.63936131823,12860,7997.0,41.57437252998352
main,1,pizza,59,100,5,200000.0,45.0,random_walk,0.3050258122279614,1,199978.73474722297,12866,8001.0,41.90572953224182
main,1,pizza,60,101,5,200000.0,45.0,random_walk,0.3050258122279614,2,200006.30732036775,12866,8000.0,41.17955994606018
main,1,pizza,61,102,5,200000.0,45.0,random_walk,0.3050258122279614,0,199994.68637918745,12866,8001.0,41.37524223327637
main,1,pizza,62,103,5,200000.0,45.0,random_walk,0.3050258122279614,3,199991.75285898586,12866,8001.0,39.80436301231384
main,1,pizza,63,104,5,200000.0,45.0,random_walk,0.3050258122279614,1,200014.6698058407,12866,8000.0,41.96523928642273
main,1,pizza,64,105,5,200000.0,45.0,random_walk,0.3050258122279614,2,200009.65704411146,12866,8000.0,41.68608641624451
main,1,pizza,65,106,5,200000.0,45.0,random_walk,0.3050258122279614,2,199867.26396247055,12866,8001.0,39.70539426803589
main,1,pizza,66,107,5,200000.0,45.0,random_walk,0.3049653869314785,1,200020.5997715894,12863,7999.0,42.309736013412476
main,1,pizza,67,108,5,200000.0,45.0,random_walk,0.3050258122279614,2,200004.26698327306,12866,8000.0,38.860406160354614
main,1,pizza,68,109,5,200000.0,45.0,random_walk,0.3049653869314785,0,200024.74513390817,12863,7999.0,40.63604116439819
main,1,pizza,69,110,5,200000.0,45.0,random_walk,0.3049448203078362,4,200012.7252771274,12861,7998.0,39.51218128204346
main,1,pizza,70,111,5,200000.0,45.0,random_walk,0.3050258122279614,2,199972.46875771735,12866,8001.0,41.064199924468994
main,1,pizza,71,112,5,200000.0,45.0,random_walk,0.3050258122279614,1,199990.2952499963,12866,8001.0,40.868794441223145
main,1,pizza,72,113,5,200000.0,45.0,random_walk,0.3050258122279614,0,199995.7860111041,12866,8001.0,41.32512402534485
main,1,pizza,73,114,5,200000.0,45.0,random_walk,0.3050258122279614,1,199970.5875744157,12866,8001.0,39.82105827331543
main,1,pizza,74,115,5,200000.0,45.0,random_walk,0.3050258122279614,0,200011.85842462833,12866,8000.0,43.39981508255005
main,1,pizza,75,116,5,200000.0,45.0,random_walk,0.3049448203078362,3,200010.61480157872,12860,7997.0,43.09994196891785
main,1,pizza,76,117,5,200000.0,45.0,random_walk,0.3050258122279614,1,199958.93277636523,12866,8001.0,43.18102717399597
main,1,pizza,77,118,5,200000.0,45.0,random_walk,0.3050258122279614,3,200010.4315536814,12866,8000.0,42.97952079772949
main,1,pizza,78,119,5,200000.0,45.0,random_walk,0.3050258122279614,0,199921.08776672388,12866,8001.0,43.826016664505005
main,1,pizza,79,120,5,200000.0,45.0,random_walk,0.3050258122279614,1,199975.9305442476,12866,8001.0,39.52897667884827
main,1,pizza,80,121,5,200000.0,45.0,random_walk,0.3050258122279614,2,199978.7050112469,12866,8001.0,40.360156297683716
main,1,pizza,81,122,5,200000.0,45.0,random_walk,0.3050258122279614,1,199946.776497074,12866,8001.0,40.40022087097168
main,1,pizza,82,123,5,200000.0,45.0,random_walk,0.3050258122279614,0,199969.55893300107,12866,8001.0,40.90004253387451
main,1,pizza,83,124,5,200000.0,45.0,random_walk,0.3049448203078362,1,200012.53702091562,12860,7997.0,40.49055075645447
main,1,pizza,84,125,5,200000.0,45.0,random_walk,0.3050258122279614,1,200000.5374217685,12866,8000.0,41.14596343040466
main,1,pizza,85,126,5,200000.0,45.0,random_walk,0.3049653869314785,1,200001.33466318352,12863,7999.0,43.43912672996521
main,1,pizza,86,127,5,200000.0,45.0,random_walk,0.3050258122279614,1,199995.40228646775,12866,8001.0,44.26893091201782
main,1,pizza,87,128,5,200000.0,45.0,random_walk,0.3049653869314785,2,200020.26835838493,12863,7999.0,43.07502055168152
main,1,pizza,88,129,5,200000.0,45.0,random_walk,0.3050258122279614,1,200022.49954540675,12866,8000.0,44.12394428253174
main,1,pizza,89,130,5,200000.0,45.0,random_walk,0.3050258122279614,3,199911.99855505288,12866,8001.0,42.34438610076904
main,1,pizza,90,131,5,200000.0,45.0,random_walk,0.3049448203078362,1,200014.29513603268,12861,7998.0,44.17254590988159
main,1,pizza,91,132,5,200000.0,45.0,random_walk,0.3049448203078362,0,200007.47334745538,12860,7997.0,41.32407832145691
main,1,pizza,92,133,5,200000.0,45.0,random_walk,0.3049653869314785,1,200002.61540179208,12863,7999.0,41.046656370162964
main,1,pizza,93,134,5,200000.0,45.0,random_walk,0.3049448203078362,0,200004.12693207274,12861,7998.0,40.497665882110596
main,1,pizza,94,135,5,200000.0,45.0,random_walk,0.3050258122279614,3,200016.9110542904,12866,8000.0,39.54268741607666
main,1,pizza,95,136,5,200000.0,45.0,random_walk,0.3050258122279614,3,199968.2081807615,12866,8001.0,41.42541289329529
main,1,pizza,96,137,5,200000.0,45.0,random_walk,0.3050258122279614,2,199987.55851094186,12866,8001.0,40.49865126609802
main,1,pizza,97,138,5,200000.0,45.0,random_walk,0.3049448203078362,0,200013.34480972154,12861,7998.0,39.24488377571106
main,1,pizza,98,139,5,200000.0,45.0,random_walk,0.3050258122279614,0,199936.26748878896,12866,8001.0,41.76697325706482
main,1,pizza,99,140,5,200000.0,45.0,random_walk,0.3050258122279614,3,200024.51061520865,12866,8000.0,40.46098852157593
main,1,pizza,100,141,5,200000.0,45.0,random_walk,0.3049653869314785,0,200007.33387177324,12863,7999.0,41.39767789840698
main,1,static,1,42,5,200000.0,45.0,random_walk,0.33257697418937043,0,198150.67375400517,12649,8001.0,41.22895812988281
main,1,static,2,43,5,200000.0,45.0,random_walk,0.3065036592903866,2,197790.80591981686,11616,8001.0,41.62021231651306
main,1,static,3,44,5,200000.0,45.0,random_walk,0.31164929084583276,1,197700.26528858446,11572,8001.0,42.8298544883728
main,1,static,4,45,5,200000.0,45.0,random_walk,0.29977855569427286,1,197296.00798346035,10661,8001.0,43.406085729599
main,1,static,5,46,5,200000.0,45.0,random_walk,0.29551971280715106,0,197394.7006742595,10525,8001.0,42.14201807975769
main,1,static,6,47,5,200000.0,45.0,random_walk,0.3153175673751829,0,197938.26551422957,11366,8001.0,42.67129468917847
main,1,static,7,48,5,200000.0,45.0,random_walk,0.2846570735168817,2,197318.6610623031,10201,8000.0,41.69780135154724
main,1,static,8,49,5,200000.0,45.0,random_walk,0.2465211965788412,1,196719.79294494548,8204,8001.0,41.821290493011475
main,1,static,9,50,5,200000.0,45.0,random_walk,0.26272651232132227,1,196838.45901655097,8806,8001.0,42.27535343170166
main,1,static,10,51,5,200000.0,45.0,random_walk,0.3438589914620235,2,198330.54038755386,13160,8001.0,39.503180742263794
main,1,static,11,52,5,200000.0,45.0,random_walk,0.2485335071117458,0,197158.61085843082,10178,8001.0,41.6953821182251
main,1,static,12,53,5,200000.0,45.0,random_walk,0.3030210464975645,1,197602.28256611835,11024,8001.0,43.388360261917114
main,1,static,13,54,5,200000.0,45.0,random_walk,0.33885905837860075,1,198199.06266735555,13251,8001.0,42.81163763999939
main,1,static,14,55,5,200000.0,45.0,random_walk,0.29404157568096106,1,197379.6675737619,10712,8001.0,42.051892042160034
main,1,static,15,56,5,200000.0,45.0,random_walk,0.27058022571869916,0,196769.98929496226,9102,8001.0,38.713324546813965
main,1,static,16,57,5,200000.0,45.0,random_walk,0.27865709373653696,1,197041.74203018282,9334,8001.0,41.67381739616394
main,1,static,17,58,5,200000.0,45.0,random_walk,0.3529153842974964,2,198627.8108268954,14025,8001.0,40.870540618896484
main,1,static,18,59,5,200000.0,45.0,random_walk,0.2898206296122632,2,197407.31667631265,10828,8001.0,41.5456268787384
main,1,static,19,60,5,200000.0,45.0,random_walk,0.303406064984616,1,197388.1070480567,10743,8001.0,41.46642994880676
main,1,static,20,61,5,200000.0,45.0,random_walk,0.2983194398678416,2,197453.80981237654,10699,8000.0,42.463088512420654
main,1,static,21,62,5,200000.0,45.0,random_walk,0.2018860242606272,1,196197.7401019374,7260,8001.0,43.12529993057251
main,1,static,22,63,5,200000.0,45.0,random_walk,0.26883766568033807,0,197056.958752299,9787,8001.0,43.23812985420227
main,1,static,23,64,5,200000.0,45.0,random_walk,0.3005538209359585,1,197459.28970757462,11001,8001.0,44.5437445640564
main,1,static,24,65,5,200000.0,45.0,random_walk,0.28190797367499887,2,197297.53093743973,9599,8001.0,44.17113733291626
main,1,static,25,66,5,200000.0,45.0,random_walk,0.31786514605145605,2,197938.16031583137,11886,8001.0,42.57961392402649
main,1,static,26,67,5,200000.0,45.0,random_walk,0.3319266741131244,1,198045.26452722953,12278,8001.0,46.0921630859375
main,1,static,27,68,5,200000.0,45.0,random_walk,0.3198818839171916,1,197876.61080361743,12191,8001.0,43.5369873046875
main,1,static,28,69,5,200000.0,45.0,random_walk,0.24217528888964146,2,196917.90475110553,9210,8001.0,43.0971417427063
main,1,static,29,70,5,200000.0,45.0,random_walk,0.26975245703119327,1,196949.80857608348,8900,8001.0,42.392813205718994
main,1,static,30,71,5,200000.0,45.0,random_walk,0.32040713483936495,2,197879.1923133253,11790,8001.0,43.84233260154724
main,1,static,31,72,5,200000.0,45.0,random_walk,0.30325629073279875,0,197908.82593503362,12010,8001.0,44.170769691467285
main,1,static,32,73,5,200000.0,45.0,random_walk,0.23343360569016425,2,196753.67767639318,8714,8001.0,44.042511224746704
main,1,static,33,74,5,200000.0,45.0,random_walk,0.311094360779306,2,197809.76276881777,11707,8001.0,42.64778923988342
main,1,static,34,75,5,200000.0,45.0,random_walk,0.3445829646191305,2,198669.6860366722,13748,8001.0,42.89817833900452
main,1,static,35,76,5,200000.0,45.0,random_walk,0.3027364006554006,1,197489.53912981504,11093,8001.0,43.33280825614929
main,1,static,36,77,5,200000.0,45.0,random_walk,0.29052845786731235,1,197247.81303286928,10536,8001.0,42.989715814590454
main,1,static,37,78,5,200000.0,45.0,random_walk,0.3072812100074311,2,197742.66851537372,10933,8001.0,41.24246120452881
main,1,static,38,79,5,200000.0,45.0,random_walk,0.35349858871007,2,198607.60626181448,14009,8001.0,44.610158920288086
main,1,static,39,80,5,200000.0,45.0,random_walk,0.3034333861095588,0,197531.68776470944,10817,8001.0,39.91060137748718
main,1,static,40,81,5,200000.0,45.0,random_walk,0.32176173744007497,2,197937.1380008167,11550,8001.0,39.96064352989197
main,1,static,41,82,5,200000.0,45.0,random_walk,0.28765130068557804,2,197254.46108475185,9625,8001.0,37.67946147918701
main,1,static,42,83,5,200000.0,45.0,random_walk,0.2997620898815151,2,197500.29622981584,10930,8001.0,40.144775390625
main,1,static,43,84,5,200000.0,45.0,random_walk,0.2917170707264842,5,197644.80941393724,11157,8001.0,40.65372705459595
main,1,static,44,85,5,200000.0,45.0,random_walk,0.35466552282890157,2,198722.61710664045,14432,8001.0,40.966699838638306
main,1,static,45,86,5,200000.0,45.0,random_walk,0.3246123897965026,3,197797.8524387716,11966,8001.0,39.645039319992065
main,1,static,46,87,5,200000.0,45.0,random_walk,0.3203020929707792,2,197878.21757899242,12036,8001.0,40.15179109573364
main,1,static,47,88,5,200000.0,45.0,random_walk,0.3238888637604391,1,197987.5531376755,12134,8001.0,40.49433779716492
main,1,static,48,89,5,200000.0,45.0,random_walk,0.2241783147153597,0,196671.44367346264,7992,8001.0,39.268547773361206
main,1,static,49,90,5,200000.0,45.0,random_walk,0.33064630715422966,1,198259.8890001786,12455,8001.0,41.15951871871948
main,1,static,50,91,5,200000.0,45.0,random_walk,0.24471770865462758,0,196594.53340473096,8593,8001.0,39.776177167892456
main,1,static,51,92,5,200000.0,45.0,random_walk,0.3063753555033912,2,197788.20075988883,11625,8001.0,38.18092918395996
main,1,static,52,93,5,200000.0,45.0,random_walk,0.31103234639147687,3,197593.34423352883,10862,8001.0,40.066216230392456
main,1,static,53,94,5,200000.0,45.0,random_walk,0.2864186975556287,2,197197.5564701245,10333,8001.0,39.932050466537476
main,1,static,54,95,5,200000.0,45.0,random_walk,0.28774736483631996,2,197431.9076684715,11343,8001.0,40.363316774368286
main,1,static,55,96,5,200000.0,45.0,random_walk,0.3231687517246467,4,197976.29898833134,12201,8001.0,40.15434718132019
main,1,static,56,97,5,200000.0,45.0,random_walk,0.28146436207274955,2,197081.8725965715,9153,8000.0,40.3333683013916
main,1,static,57,98,5,200000.0,45.0,random_walk,0.3328890891411181,1,198039.47835027231,12332,8000.0,41.57655882835388
main,1,static,58,99,5,200000.0,45.0,random_walk,0.29022861304556874,1,197275.4974436617,9689,8001.0,41.05193877220154
main,1,static,59,100,5,200000.0,45.0,random_walk,0.31548004614414177,1,197785.45666068458,11763,8001.0,41.02691888809204
main,1,static,60,101,5,200000.0,45.0,random_walk,0.32977153078408933,1,198061.81899095344,12273,8001.0,41.74146580696106
main,1,static,61,102,5,200000.0,45.0,random_walk,0.25081718982681156,0,196729.79584501218,8421,8000.0,41.499491453170776
main,1,static,62,103,5,200000.0,45.0,random_walk,0.26045667068563383,1,196928.7995517155,9387,8001.0,41.991634130477905
main,1,static,63,104,5,200000.0,45.0,random_walk,0.33030255255190955,1,198167.78042554855,13125,8001.0,40.243409872055054
main,1,static,64,105,5,200000.0,45.0,random_walk,0.3082935065366609,2,197700.02885699502,11034,8001.0,39.290884256362915
main,1,static,65,106,5,200000.0,45.0,random_walk,0.26427039563363797,2,196887.7160915355,9113,8001.0,40.3350510597229
main,1,static,66,107,5,200000.0,45.0,random_walk,0.2941989833383707,1,197415.84614051747,10619,8001.0,39.998167991638184
main,1,static,67,108,5,200000.0,45.0,random_walk,0.2977093446856134,2,197373.68637262928,10261,8001.0,40.223459005355835
main,1,static,68,109,5,200000.0,45.0,random_walk,0.3262008281057796,1,198058.85282112673,12301,8001.0,40.99545979499817
main,1,static,69,110,5,200000.0,45.0,random_walk,0.256671833142558,3,196790.78444215734,8634,8001.0,39.21354293823242
main,1,static,70,111,5,200000.0,45.0,random_walk,0.3255854077181793,3,197898.41893595766,12274,8001.0,40.52518606185913
main,1,static,71,112,5,200000.0,45.0,random_walk,0.2852627945719312,0,197250.6899861029,10366,8001.0,40.33221769332886
main,1,static,72,113,5,200000.0,45.0,random_walk,0.3124878823351386,0,197803.33125642655,11073,8001.0,40.849616289138794
main,1,static,73,114,5,200000.0,45.0,random_walk,0.26331845114774155,1,196918.03033834347,8904,8001.0,40.18922781944275
main,1,static,74,115,5,200000.0,45.0,random_walk,0.31583252303973564,1,197982.3001444431,12017,8001.0,41.47655463218689
main,1,static,75,116,5,200000.0,45.0,random_walk,0.32025902188461697,2,197780.91581389788,11823,8001.0,40.46669006347656
main,1,static,76,117,5,200000.0,45.0,random_walk,0.27795765705302666,0,197098.3967281305,10049,8001.0,40.23108410835266
main,1,static,77,118,5,200000.0,45.0,random_walk,0.2815551026614257,2,197178.79175127725,9833,8001.0,37.93811774253845
main,1,static,78,119,5,200000.0,45.0,random_walk,0.3125647967685257,1,197678.87871194605,11544,8001.0,39.85621500015259
main,1,static,79,120,5,200000.0,45.0,random_walk,0.32740381556069875,1,198013.37987080408,12222,8001.0,39.904292583465576
main,1,static,80,121,5,200000.0,45.0,random_walk,0.2809802468016882,1,197233.07085653167,9857,8001.0,40.603413105010986
main,1,static,81,122,5,200000.0,45.0,random_walk,0.2675229465490499,2,197135.74902509726,9984,8001.0,37.83467078208923
main,1,static,82,123,5,200000.0,45.0,random_walk,0.2987798910585032,0,197346.47847488898,10941,8000.0,41.53893828392029
main,1,static,83,124,5,200000.0,45.0,random_walk,0.3131074187861949,0,197581.02902973257,11411,8001.0,39.317888259887695
main,1,static,84,125,5,200000.0,45.0,random_walk,0.30425453307514905,1,197616.73846400165,11206,8001.0,40.58259129524231
main,1,static,85,126,5,200000.0,45.0,random_walk,0.2823700006214993,1,197152.32266624432,10294,8001.0,40.564799785614014
main,1,static,86,127,5,200000.0,45.0,random_walk,0.3290306299986497,2,198067.33947205674,12172,8001.0,41.51442813873291
main,1,static,87,128,5,200000.0,45.0,random_walk,0.30668576121092755,2,197465.0046661728,10978,8001.0,36.61397314071655
main,1,static,88,129,5,200000.0,45.0,random_walk,0.32960905390747813,1,198219.72169729273,13016,8001.0,37.86450433731079
main,1,static,89,130,5,200000.0,45.0,random_walk,0.28501572645973205,3,197144.9150244598,9682,8001.0,38.25492978096008
main,1,static,90,131,5,200000.0,45.0,random_walk,0.26650558565013577,2,196958.64092602945,9046,8001.0,38.50410342216492
main,1,static,91,132,5,200000.0,45.0,random_walk,0.3113632645992561,1,197649.70069909916,11163,8001.0,39.502931118011475
main,1,static,92,133,5,200000.0,45.0,random_walk,0.33877209453509377,1,198178.79771623932,13199,8001.0,39.25971555709839
main,1,static,93,134,5,200000.0,45.0,random_walk,0.3524553118959611,0,198505.74526733469,13782,8001.0,38.509705543518066
main,1,static,94,135,5,200000.0,45.0,random_walk,0.3462665942846041,2,198652.27759135756,13595,8001.0,39.70493221282959
main,1,static,95,136,5,200000.0,45.0,random_walk,0.2696155040486574,0,197056.48446648015,9328,8001.0,40.83665990829468
main,1,static,96,137,5,200000.0,45.0,random_walk,0.19992408752622087,2,195903.80783697462,5933,8001.0,40.21578073501587
main,1,static,97,138,5,200000.0,45.0,random_walk,0.31084379131270956,1,197760.36857254762,11169,8001.0,41.59557819366455
main,1,static,98,139,5,200000.0,45.0,random_walk,0.27738826962479884,0,197148.5456065426,10119,8001.0,41.832255363464355
main,1,static,99,140,5,200000.0,45.0,random_walk,0.343233295868448,2,198369.97504594785,13178,8001.0,52.46360492706299
main,1,static,100,141,5,200000.0,45.0,random_walk,0.29582760508308087,0,197379.14591316,10491,8001.0,50.466761350631714
main,1,dynamic,1,42,5,200000.0,45.0,random_walk,0.2951194597397973,0,200006.02074563206,9713,8505.0,54.79940056800842
main,1,dynamic,2,43,5,200000.0,45.0,random_walk,0.30537527776047163,1,200021.3045771943,10032,8492.0,52.73428654670715
main,1,dynamic,3,44,5,200000.0,45.0,random_walk,0.3302742651124479,2,200001.94908486295,11559,8494.0,56.18063139915466
main,1,dynamic,4,45,5,200000.0,45.0,random_walk,0.3100820880834549,1,200015.04286209156,10503,8505.0,53.39195513725281
main,1,dynamic,5,46,5,200000.0,45.0,random_walk,0.2963137989646901,2,200011.65274416152,9673,8504.0,56.07538676261902
main,1,dynamic,6,47,5,200000.0,45.0,random_walk,0.3065245734894565,2,200003.9188946154,10396,8523.0,55.88610219955444
main,1,dynamic,7,48,5,200000.0,45.0,random_walk,0.26233456375253117,1,200023.8797440159,7970,8497.0,56.78950119018555
main,1,dynamic,8,49,5,200000.0,45.0,random_walk,0.25125618836403385,1,200012.94892810265,7499,8498.0,55.70969486236572
main,1,dynamic,9,50,5,200000.0,45.0,random_walk,0.3115430391666891,1,200000.23335406918,10619,8505.0,59.044859886169434
main,1,dynamic,10,51,5,200000.0,45.0,random_walk,0.27181674738318656,2,200015.98295759782,8422,8504.0,54.736469745635986
main,1,dynamic,11,52,5,200000.0,45.0,random_walk,0.24204950400040065,0,200024.38827727205,7046,8497.0,56.7641499042511
main,1,dynamic,12,53,5,200000.0,45.0,random_walk,0.27743220325099804,1,200004.73942172166,8620,8514.0,55.52442717552185
main,1,dynamic,13,54,5,200000.0,45.0,random_walk,0.2584860994125809,1,200005.9189377284,7919,8503.0,51.5843346118927
main,1,dynamic,14,55,5,200000.0,45.0,random_walk,0.2620218120919908,1,200004.2620482672,7906,8500.0,54.100616455078125
main,1,dynamic,15,56,5,200000.0,45.0,random_walk,0.32752351950622216,0,200019.31757633673,11389,8494.0,55.6956090927124
main,1,dynamic,16,57,5,200000.0,45.0,random_walk,0.3198098141962672,1,200005.33917645388,10929,8514.0,55.54412508010864
main,1,dynamic,17,58,5,200000.0,45.0,random_walk,0.2929202698651928,2,200013.24490355328,9397,8508.0,59.91954207420349
main,1,dynamic,18,59,5,200000.0,45.0,random_walk,0.29189744862408395,1,200017.5672845227,9458,8506.0,57.879101276397705
main,1,dynamic,19,60,5,200000.0,45.0,random_walk,0.2859521846049478,1,200011.120720662,9153,8500.0,52.262205600738525
main,1,dynamic,20,61,5,200000.0,45.0,random_walk,0.2976248202237614,3,200007.89614445707,9840,8515.0,61.48642086982727
main,1,dynamic,21,62,5,200000.0,45.0,random_walk,0.3072408122930192,2,200021.93509666246,10300,8499.0,60.145023345947266
main,1,dynamic,22,63,5,200000.0,45.0,random_walk,0.27397106595578813,1,200021.24304693512,8523,8498.0,59.66885161399841
main,1,dynamic,23,64,5,200000.0,45.0,random_walk,0.26900763216517953,1,200005.17033540487,8276,8498.0,55.485881090164185
main,1,dynamic,24,65,5,200000.0,45.0,random_walk,0.30529944680346693,1,200007.3773431224,10257,8512.0,53.561673164367676
main,1,dynamic,25,66,5,200000.0,45.0,random_walk,0.24561579669504846,2,200008.05822887318,7384,8511.0,55.247292041778564
main,1,dynamic,26,67,5,200000.0,45.0,random_walk,0.3064606824559661,1,200004.97783657743,10134,8507.0,53.41664671897888
main,1,dynamic,27,68,5,200000.0,45.0,random_walk,0.2324721750644079,1,200003.75434019635,6620,8482.0,54.28290152549744
main,1,dynamic,28,69,5,200000.0,45.0,random_walk,0.27036333286668834,1,200009.8551645528,8351,8500.0,52.17988705635071
main,1,dynamic,29,70,5,200000.0,45.0,random_walk,0.26765877591938403,2,200022.33955988943,8368,8506.0,56.92380475997925
main,1,dynamic,30,71,5,200000.0,45.0,random_walk,0.260073692014439,0,200007.48355472495,7878,8500.0,55.3041090965271
main,1,dynamic,31,72,5,200000.0,45.0,random_walk,0.30914256326950024,0,200011.5199505446,10432,8509.0,58.82918357849121
main,1,dynamic,32,73,5,200000.0,45.0,random_walk,0.2915903113244533,3,200013.1529605948,9439,8508.0,51.489012479782104
main,1,dynamic,33,74,5,200000.0,45.0,random_walk,0.3198908145500453,1,200005.97820407158,10881,8503.0,59.19958233833313
main,1,dynamic,34,75,5,200000.0,45.0,random_walk,0.2896309109167991,3,200018.2091103337,9387,8505.0,59.36634612083435
main,1,dynamic,35,76,5,200000.0,45.0,random_walk,0.2773266183445719,1,200010.13656841055,8744,8504.0,58.17389917373657
main,1,dynamic,36,77,5,200000.0,45.0,random_walk,0.3302231541284,1,200016.76802371023,11835,8503.0,55.073864221572876
main,1,dynamic,37,78,5,200000.0,45.0,random_walk,0.29032249126138937,3,200012.08536126924,9399,8529.0,55.04482460021973
main,1,dynamic,38,79,5,200000.0,45.0,random_walk,0.30276615220464104,2,200021.63284223957,10126,8494.0,51.7099883556366
main,1,dynamic,39,80,5,200000.0,45.0,random_walk,0.2503671307064858,0,200016.1898231653,7495,8491.0,54.80248165130615
main,1,dynamic,40,81,5,200000.0,45.0,random_walk,0.2791810031056613,3,200021.45131188596,8709,8507.0,55.35467219352722
main,1,dynamic,41,82,5,200000.0,45.0,random_walk,0.2514707164262916,2,200022.50785324228,7477,8525.0,57.011823892593384
main,1,dynamic,42,83,5,200000.0,45.0,random_walk,0.23713077894248916,1,200002.4647735241,6831,8577.0,55.39606285095215
main,1,dynamic,43,84,5,200000.0,45.0,random_walk,0.2693395438392428,2,200022.8878833803,8329,8505.0,53.68041658401489
main,1,dynamic,44,85,5,200000.0,45.0,random_walk,0.28295542089559866,2,200011.96328215871,9271,8513.0,56.88253355026245
main,1,dynamic,45,86,5,200000.0,45.0,random_walk,0.3197825347122899,3,200003.72110937646,10894,8502.0,56.162511110305786
main,1,dynamic,46,87,5,200000.0,45.0,random_walk,0.3168554614008554,1,200012.33506977724,10866,8513.0,59.14771866798401
main,1,dynamic,47,88,5,200000.0,45.0,random_walk,0.29807158074981854,1,200003.45017889043,9744,8490.0,56.33496594429016
main,1,dynamic,48,89,5,200000.0,45.0,random_walk,0.28432595255494036,0,200002.62912753574,9041,8494.0,54.35831379890442
main,1,dynamic,49,90,5,200000.0,45.0,random_walk,0.25710336307669074,1,200021.93375575356,7818,8505.0,54.60065460205078
main,1,dynamic,50,91,5,200000.0,45.0,random_walk,0.21217733817002882,1,200009.69672614557,6352,8550.0,55.705130100250244
main,1,dynamic,51,92,5,200000.0,45.0,random_walk,0.25682421523608834,1,200023.15423909345,7745,8489.0,54.90586066246033
main,1,dynamic,52,93,5,200000.0,45.0,random_walk,0.29972747118902743,2,200023.42370457167,9844,8589.0,55.79580068588257
main,1,dynamic,53,94,5,200000.0,45.0,random_walk,0.28901043496684403,2,200024.54276070648,9314,8528.0,54.62333703041077
main,1,dynamic,54,95,5,200000.0,45.0,random_walk,0.28148999902278654,2,200012.06088677526,8865,8504.0,56.46144676208496
main,1,dynamic,55,96,5,200000.0,45.0,random_walk,0.2803192676662934,1,200019.46807896814,8817,8494.0,56.902220487594604
main,1,dynamic,56,97,5,200000.0,45.0,random_walk,0.29222949025233114,2,200019.8457246038,9453,8500.0,54.37121057510376
main,1,dynamic,57,98,5,200000.0,45.0,random_walk,0.28444095130896935,1,200008.13828345068,9123,8510.0,56.61752963066101
main,1,dynamic,58,99,5,200000.0,45.0,random_walk,0.303210745020616,0,200012.0226560791,10006,8503.0,59.824445962905884
main,1,dynamic,59,100,5,200000.0,45.0,random_walk,0.30992561004666785,1,200003.2698792761,10321,8509.0,59.24412775039673
main,1,dynamic,60,101,5,200000.0,45.0,random_walk,0.2604996372340268,2,200002.50426392778,7908,8515.0,51.23686242103577
main,1,dynamic,61,102,5,200000.0,45.0,random_walk,0.27898564967365636,0,200017.76481876237,8799,8502.0,57.21948170661926
main,1,dynamic,62,103,5,200000.0,45.0,random_walk,0.26830387565077496,1,200003.9629835529,8382,8525.0,56.60494565963745
main,1,dynamic,63,104,5,200000.0,45.0,random_walk,0.25532580629592305,1,200011.30325615383,7665,8503.0,53.32012104988098
main,1,dynamic,64,105,5,200000.0,45.0,random_walk,0.23378609313968773,2,200013.0004194298,6666,8505.0,54.5691876411438
main,1,dynamic,65,106,5,200000.0,45.0,random_walk,0.24349488476395742,2,200002.13514957065,7267,8508.0,56.094173431396484
main,1,dynamic,66,107,5,200000.0,45.0,random_walk,0.3130399321474359,1,200021.40654401312,10601,8482.0,58.07018542289734
main,1,dynamic,67,108,5,200000.0,45.0,random_walk,0.27377572921492715,1,200011.16491726128,8548,8509.0,57.994170904159546
main,1,dynamic,68,109,5,200000.0,45.0,random_walk,0.2846682548931035,0,200022.6120410274,9002,8542.0,58.44584083557129
main,1,dynamic,69,110,5,200000.0,45.0,random_walk,0.2888971988603337,3,200003.40053396433,9300,8490.0,51.280686378479004
main,1,dynamic,70,111,5,200000.0,45.0,random_walk,0.29071207791803316,2,200002.4551536842,9340,8494.0,59.14714860916138
main,1,dynamic,71,112,5,200000.0,45.0,random_walk,0.2534569595842896,0,200018.02827526297,7602,8503.0,58.070008993148804
main,1,dynamic,72,113,5,200000.0,45.0,random_walk,0.25630748956182076,0,200010.7742245929,7702,8510.0,53.030022382736206
main,1,dynamic,73,114,5,200000.0,45.0,random_walk,0.24194975837703525,0,200017.3459480927,7070,8496.0,51.85325241088867
main,1,dynamic,74,115,5,200000.0,45.0,random_walk,0.31751051465775737,0,200015.16091019235,11088,8496.0,54.714993715286255
main,1,dynamic,75,116,5,200000.0,45.0,random_walk,0.2922958781702,2,200006.7895951934,9851,8494.0,54.154539823532104
main,1,dynamic,76,117,5,200000.0,45.0,random_walk,0.3086172576089336,2,200024.53505403252,10478,8510.0,55.253761291503906
main,1,dynamic,77,118,5,200000.0,45.0,random_walk,0.29553592947586,3,200008.0076447057,9796,8520.0,55.819732666015625
main,1,dynamic,78,119,5,200000.0,45.0,random_walk,0.24142420737155576,0,200010.05839299396,7009,8503.0,53.69784498214722
main,1,dynamic,79,120,5,200000.0,45.0,random_walk,0.279571342871948,1,200002.6908923175,9059,8510.0,56.723912477493286
main,1,dynamic,80,121,5,200000.0,45.0,random_walk,0.2577588792548374,1,200006.3089642193,7988,8497.0,56.685161113739014
main,1,dynamic,81,122,5,200000.0,45.0,random_walk,0.3068737541956095,1,200023.97891557403,10466,8518.0,57.23155665397644
main,1,dynamic,82,123,5,200000.0,45.0,random_walk,0.29491651011008496,0,200000.36735289433,9915,8515.0,59.56514072418213
main,1,dynamic,83,124,5,200000.0,45.0,random_walk,0.26040266551326313,1,200001.08969917876,8121,8501.0,53.67789626121521
main,1,dynamic,84,125,5,200000.0,45.0,random_walk,0.2719096400017307,1,200017.5769820857,8373,8531.0,54.217228412628174
main,1,dynamic,85,126,5,200000.0,45.0,random_walk,0.3045567849706912,1,200015.27158019005,10052,8509.0,54.89704918861389
main,1,dynamic,86,127,5,200000.0,45.0,random_walk,0.26139710988580045,1,200006.53243246704,8554,8510.0,55.117445945739746
main,1,dynamic,87,128,5,200000.0,45.0,random_walk,0.30393377619407896,1,200011.17921590531,10219,8570.0,55.62864351272583
main,1,dynamic,88,129,5,200000.0,45.0,random_walk,0.25538042402163735,1,200002.99015549148,7622,8517.0,54.72314214706421
main,1,dynamic,89,130,5,200000.0,45.0,random_walk,0.3326444345009147,2,200000.54914637667,11833,8498.0,56.72270917892456
main,1,dynamic,90,131,5,200000.0,45.0,random_walk,0.3041386861735838,3,200017.05893831703,10026,8503.0,57.50977277755737
main,1,dynamic,91,132,5,200000.0,45.0,random_walk,0.21187280718383308,0,200011.40320931462,5774,8512.0,56.92991542816162
main,1,dynamic,92,133,5,200000.0,45.0,random_walk,0.29428019960207447,2,200003.0640032327,9519,8501.0,53.90383243560791
main,1,dynamic,93,134,5,200000.0,45.0,random_walk,0.26448655662017867,0,200009.55908900144,8158,8504.0,58.31034469604492
main,1,dynamic,94,135,5,200000.0,45.0,random_walk,0.2550141151425938,2,200022.5910057614,7727,8513.0,58.70741629600525
main,1,dynamic,95,136,5,200000.0,45.0,random_walk,0.2790703116602262,2,200005.1832909102,8693,8497.0,55.36081552505493
main,1,dynamic,96,137,5,200000.0,45.0,random_walk,0.22568300559445248,2,200004.96140375177,6275,8506.0,52.189669132232666
main,1,dynamic,97,138,5,200000.0,45.0,random_walk,0.27482445958115054,1,200014.0494544652,8534,8502.0,54.569156885147095
main,1,dynamic,98,139,5,200000.0,45.0,random_walk,0.2269911424131115,0,200012.67458784374,6556,8552.0,54.693697929382324
main,1,dynamic,99,140,5,200000.0,45.0,random_walk,0.2593853748868102,2,200019.54872419388,7791,8503.0,54.75370812416077
main,1,dynamic,100,141,5,200000.0,45.0,random_walk,0.30215597368320934,0,200015.53515751695,10030,8507.0,55.84150290489197
main,1,static_3step,1,42,5,200000.0,45.0,random_walk,0.3245806027490727,0,198834.17615413206,12158,8001.0,40.82164764404297
main,1,static_3step,2,43,5,200000.0,45.0,random_walk,0.33367302639608276,1,198196.83019817347,11974,8001.0,39.99791622161865
main,1,static_3step,3,44,5,200000.0,45.0,random_walk,0.3698863756886787,2,199192.28632529353,15186,8001.0,39.91896438598633
main,1,static_3step,4,45,5,200000.0,45.0,random_walk,0.3283527477156602,1,199157.4988065485,12252,8001.0,40.738627910614014
main,1,static_3step,5,46,5,200000.0,45.0,random_walk,0.3670539911814124,2,199208.0877297212,15083,8001.0,40.839658975601196
main,1,static_3step,6,47,5,200000.0,45.0,random_walk,0.3140830468770231,1,198613.70136591166,11935,8001.0,41.684797286987305
main,1,static_3step,7,48,5,200000.0,45.0,random_walk,0.30122257575488054,1,198984.69279239286,10365,8001.0,38.63495469093323
main,1,static_3step,8,49,5,200000.0,45.0,random_walk,0.34577596145216694,1,198750.10816184946,14114,8001.0,40.57500338554382
main,1,static_3step,9,50,5,200000.0,45.0,random_walk,0.37512572461211,2,199224.5350119643,14899,8001.0,39.63907814025879
main,1,static_3step,10,51,5,200000.0,45.0,random_walk,0.33321469748516475,2,199082.53442325257,12133,8001.0,39.758044719696045
main,1,static_3step,11,52,5,200000.0,45.0,random_walk,0.32647718516519164,1,198840.29029187837,11963,8001.0,40.36673378944397
main,1,static_3step,12,53,5,200000.0,45.0,random_walk,0.29207205003169684,1,198682.9529554738,10437,8001.0,40.047579288482666
main,1,static_3step,13,54,5,200000.0,45.0,random_walk,0.33883269361540597,1,198655.49351411642,12540,8001.0,39.53718638420105
main,1,static_3step,14,55,5,200000.0,45.0,random_walk,0.356678954149008,1,198891.40068063428,14264,8001.0,41.00966119766235
main,1,static_3step,15,56,5,200000.0,45.0,random_walk,0.34005678814334733,0,199199.85288059176,13212,8001.0,40.56194281578064
main,1,static_3step,16,57,5,200000.0,45.0,random_walk,0.3417007744265506,0,199033.37674056695,13639,8001.0,41.749932050704956
main,1,static_3step,17,58,5,200000.0,45.0,random_walk,0.32936430477647344,0,198698.23749643323,13157,8001.0,41.534810066223145
main,1,static_3step,18,59,5,200000.0,45.0,random_walk,0.293042332225572,3,198664.65043682634,10552,8001.0,41.73959398269653
main,1,static_3step,19,60,5,200000.0,45.0,random_walk,0.36213292898673116,1,198807.0330849474,14088,8001.0,39.30506753921509
main,1,static_3step,20,61,5,200000.0,45.0,random_walk,0.3467585095458224,2,198765.36799904585,12920,8001.0,40.303035497665405
main,1,static_3step,21,62,5,200000.0,45.0,random_walk,0.31811773943068855,2,198136.42399288426,11207,8001.0,39.453267335891724
main,1,static_3step,22,63,5,200000.0,45.0,random_walk,0.3563425880668983,2,199182.47974701424,14952,8001.0,40.490363121032715
main,1,static_3step,23,64,5,200000.0,45.0,random_walk,0.3724936841554553,2,198965.61964137683,14261,8001.0,39.81656336784363
main,1,static_3step,24,65,5,200000.0,45.0,random_walk,0.34354974006358957,1,199029.32523514715,14963,8001.0,40.672083616256714
main,1,static_3step,25,66,5,200000.0,45.0,random_walk,0.2670422958691564,2,199003.9927755968,8460,8001.0,40.40115237236023
main,1,static_3step,26,67,5,200000.0,45.0,random_walk,0.3043784904105588,1,198756.8858598153,10199,8001.0,39.77453136444092
main,1,static_3step,27,68,5,200000.0,45.0,random_walk,0.3728064695993877,1,198921.8263836002,14254,8001.0,41.35538125038147
main,1,static_3step,28,69,5,200000.0,45.0,random_walk,0.3257161247914561,2,198926.46439034207,11449,8001.0,40.84683394432068
main,1,static_3step,29,70,5,200000.0,45.0,random_walk,0.3505561938332787,2,199253.51149216972,13055,8001.0,40.89025640487671
main,1,static_3step,30,71,5,200000.0,45.0,random_walk,0.371150967155131,1,199029.5304094797,14662,8001.0,42.11929678916931
main,1,static_3step,31,72,5,200000.0,45.0,random_walk,0.32663962594528334,0,199200.55610887916,12192,8001.0,41.11026859283447
main,1,static_3step,32,73,5,200000.0,45.0,random_walk,0.33676073020113984,2,199123.72943432245,12956,8001.0,39.803154706954956
main,1,static_3step,33,74,5,200000.0,45.0,random_walk,0.37383224524314257,3,198989.94390070625,14338,8001.0,40.12211203575134
main,1,static_3step,34,75,5,200000.0,45.0,random_walk,0.28196794048203155,2,199264.58670121766,9376,8001.0,40.25390100479126
main,1,static_3step,35,76,5,200000.0,45.0,random_walk,0.3268092360125544,0,199201.39391297373,12113,8001.0,40.41715383529663
main,1,static_3step,36,77,5,200000.0,45.0,random_walk,0.3569990189843727,1,198652.42526274128,13571,8001.0,40.53314208984375
main,1,static_3step,37,78,5,200000.0,45.0,random_walk,0.3282671477384589,2,198966.05926844568,14993,8001.0,40.38649082183838
main,1,static_3step,38,79,5,200000.0,45.0,random_walk,0.3211186298129234,2,198831.52817351537,12220,8001.0,40.49892568588257
main,1,static_3step,39,80,5,200000.0,45.0,random_walk,0.33415914061631474,1,198292.81909555217,12313,8001.0,41.84005832672119
main,1,static_3step,40,81,5,200000.0,45.0,random_walk,0.36924541250061976,3,199231.35199268916,15121,8001.0,41.50514554977417
main,1,static_3step,41,82,5,200000.0,45.0,random_walk,0.3574112805672594,2,198831.8057274745,13976,8001.0,41.25381064414978
main,1,static_3step,42,83,5,200000.0,45.0,random_walk,0.3717649355776771,2,198930.72933553587,14349,8001.0,42.01800894737244
main,1,static_3step,43,84,5,200000.0,45.0,random_walk,0.31620128088202126,2,198835.9859357795,10903,8001.0,38.22164869308472
main,1,static_3step,44,85,5,200000.0,45.0,random_walk,0.3770769752598982,2,199064.22892173796,14557,8001.0,40.26149606704712
main,1,static_3step,45,86,5,200000.0,45.0,random_walk,0.2459583041523313,2,198653.12325779942,7905,8001.0,39.69384169578552
main,1,static_3step,46,87,5,200000.0,45.0,random_walk,0.3150533531575392,2,198995.06025234627,11474,8000.0,39.97087526321411
main,1,static_3step,47,88,5,200000.0,45.0,random_walk,0.36117497987877195,3,198882.52155139207,13963,8001.0,40.51630902290344
main,1,static_3step,48,89,5,200000.0,45.0,random_walk,0.37461277645776464,1,199185.31763498395,14950,8001.0,40.80193519592285
main,1,static_3step,49,90,5,200000.0,45.0,random_walk,0.3094655269320057,1,197719.43130125466,10704,8001.0,42.39012169837952
main,1,static_3step,50,91,5,200000.0,45.0,random_walk,0.3163519275311917,2,198032.19002318627,11221,8001.0,40.24039912223816
main,1,static_3step,51,92,5,200000.0,45.0,random_walk,0.32652318265936225,1,198761.980059922,13122,8001.0,41.87502717971802
main,1,static_3step,52,93,5,200000.0,45.0,random_walk,0.36392814672487345,3,199065.31213512068,14000,8001.0,41.528390645980835
main,1,static_3step,53,94,5,200000.0,45.0,random_walk,0.3803107282779304,1,199080.44293546176,15052,8001.0,43.534268379211426
main,1,static_3step,54,95,5,200000.0,45.0,random_walk,0.3481606080707064,4,199235.80612166788,13015,8001.0,42.542115449905396
main,1,static_3step,55,96,5,200000.0,45.0,random_walk,0.2938121700774462,3,197416.3587850494,9462,8001.0,39.365118980407715
main,1,static_3step,56,97,5,200000.0,45.0,random_walk,0.3365922347890595,2,198368.06720695004,12315,8001.0,41.19782114028931
main,1,static_3step,57,98,5,200000.0,45.0,random_walk,0.28098542285194045,1,198301.54677335007,9381,8001.0,40.24378156661987
main,1,static_3step,58,99,5,200000.0,45.0,random_walk,0.37347595823128044,4,199198.3436557445,14835,8001.0,41.43447184562683
main,1,static_3step,59,100,5,200000.0,45.0,random_walk,0.3478443137058331,1,198530.2602453526,12908,8001.0,41.508339166641235
main,1,static_3step,60,101,5,200000.0,45.0,random_walk,0.3632706965471551,1,199120.6119976524,13662,8001.0,41.481632232666016
main,1,static_3step,61,102,5,200000.0,45.0,random_walk,0.37002446816634726,1,199003.55912560847,14433,8001.0,45.039236545562744
main,1,static_3step,62,103,5,200000.0,45.0,random_walk,0.370027004262506,2,198820.4072929027,14075,8001.0,45.231454849243164
main,1,static_3step,63,104,5,200000.0,45.0,random_walk,0.35507221521241944,1,198880.17535784596,14262,8001.0,45.223668813705444
main,1,static_3step,64,105,5,200000.0,45.0,random_walk,0.3588237261229602,2,198841.03658829525,13755,8001.0,45.25955653190613
main,1,static_3step,65,106,5,200000.0,45.0,random_walk,0.34356081708774555,2,198945.41292754648,13273,8001.0,44.4346489906311
main,1,static_3step,66,107,5,200000.0,45.0,random_walk,0.3649648500332281,2,198765.90047243284,14017,8001.0,44.6304612159729
main,1,static_3step,67,108,5,200000.0,45.0,random_walk,0.32253205265198176,2,198591.65546555843,13107,8001.0,40.46617531776428
main,1,static_3step,68,109,5,200000.0,45.0,random_walk,0.3567243831702899,2,199278.31066532878,13532,8001.0,41.30369830131531
main,1,static_3step,69,110,5,200000.0,45.0,random_walk,0.3090144406129006,4,198452.63293225018,10483,8001.0,39.35004234313965
main,1,static_3step,70,111,5,200000.0,45.0,random_walk,0.3340106913233809,4,199176.7790988029,12083,8001.0,39.84639763832092
main,1,static_3step,71,112,5,200000.0,45.0,random_walk,0.33789482878364313,1,199022.60242066375,12378,8001.0,40.60097408294678
main,1,static_3step,72,113,5,200000.0,45.0,random_walk,0.32719091129414335,1,199025.20881246618,13450,8001.0,40.50984263420105
main,1,static_3step,73,114,5,200000.0,45.0,random_walk,0.32799250059757923,1,199119.0063456251,11775,8001.0,41.1514093875885
main,1,static_3step,74,115,5,200000.0,45.0,random_walk,0.3283133244892462,0,198926.73283418576,11511,8001.0,40.74441957473755
main,1,static_3step,75,116,5,200000.0,45.0,random_walk,0.29461651322266363,3,198804.76057679084,9961,8001.0,40.522374868392944
main,1,static_3step,76,117,5,200000.0,45.0,random_walk,0.3549726122470404,3,198800.79130184432,14035,8001.0,41.44571137428284
main,1,static_3step,77,118,5,200000.0,45.0,random_walk,0.36635878968268015,2,198869.8156580702,13880,8001.0,41.4973087310791
main,1,static_3step,78,119,5,200000.0,45.0,random_walk,0.32977578972867444,1,198655.66595689114,13364,8001.0,42.42996549606323
main,1,static_3step,79,120,5,200000.0,45.0,random_walk,0.36515161952006225,1,199229.92610985346,15015,8001.0,40.23338484764099
main,1,static_3step,80,121,5,200000.0,45.0,random_walk,0.3752831521564104,3,199099.88487572907,14745,8001.0,40.40799689292908
main,1,static_3step,81,122,5,200000.0,45.0,random_walk,0.36355459258221906,2,198989.3987564267,14085,8001.0,40.415186405181885
main,1,static_3step,82,123,5,200000.0,45.0,random_walk,0.3694409463364398,2,198864.19644765693,14459,8001.0,40.910463094711304
main,1,static_3step,83,124,5,200000.0,45.0,random_walk,0.34059857567612706,1,198302.33143329687,12385,8000.0,40.4307587146759
main,1,static_3step,84,125,5,200000.0,45.0,random_walk,0.3498312317140511,2,198825.89674486042,12907,8001.0,40.623122692108154
main,1,static_3step,85,126,5,200000.0,45.0,random_walk,0.3344565894323045,1,199010.53732368673,12642,8001.0,45.350531578063965
main,1,static_3step,86,127,5,200000.0,45.0,random_walk,0.3247441370132566,2,199248.38375439477,12133,8001.0,48.565820932388306
main,1,static_3step,87,128,5,200000.0,45.0,random_walk,0.36958758903586686,2,199067.94164629787,14818,8001.0,43.65701961517334
main,1,static_3step,88,129,5,200000.0,45.0,random_walk,0.32175537861998843,1,198223.84579751085,12007,8001.0,45.39328360557556
main,1,static_3step,89,130,5,200000.0,45.0,random_walk,0.35984179249633574,3,199000.7278907852,14098,8001.0,43.49840688705444
main,1,static_3step,90,131,5,200000.0,45.0,random_walk,0.32940851988840975,2,198732.54658238293,12070,8001.0,44.50398826599121
main,1,static_3step,91,132,5,200000.0,45.0,random_walk,0.28256862365658086,0,197442.6349775341,9051,8001.0,39.40053606033325
main,1,static_3step,92,133,5,200000.0,45.0,random_walk,0.3319834280273695,2,198263.5399387861,11833,8001.0,42.0809326171875
main,1,static_3step,93,134,5,200000.0,45.0,random_walk,0.3735288655517688,0,199108.9700099199,14918,8001.0,43.034995555877686
main,1,static_3step,94,135,5,200000.0,45.0,random_walk,0.36276611235735523,2,198875.26161279803,14275,8001.0,42.68420195579529
main,1,static_3step,95,136,5,200000.0,45.0,random_walk,0.33599128675080087,1,199118.69463520558,12121,8001.0,42.834067583084106
main,1,static_3step,96,137,5,200000.0,45.0,random_walk,0.36372612223914924,1,199080.78505312765,13911,8001.0,42.41964864730835
main,1,static_3step,97,138,5,200000.0,45.0,random_walk,0.35924174546625337,1,199064.7048139607,13985,8001.0,42.96141600608826
main,1,static_3step,98,139,5,200000.0,45.0,random_walk,0.3429334890541935,1,198534.35110493662,13221,8001.0,41.26940965652466
main,1,static_3step,99,140,5,200000.0,45.0,random_walk,0.34816519514524086,2,198691.0496654193,12797,8001.0,41.44231152534485
main,1,static_3step,100,141,5,200000.0,45.0,random_walk,0.3126144288736217,0,198873.3791134711,11106,8001.0,43.69394874572754
main,1,dynamic_3step,1,42,5,200000.0,45.0,random_walk,0.365941865995328,0,200020.61429108315,13816,8507.0,132.30988454818726
main,1,dynamic_3step,2,43,5,200000.0,45.0,random_walk,0.3438244085437049,0,200017.88555925371,12606,8527.0,130.09307765960693
main,1,dynamic_3step,3,44,5,200000.0,45.0,random_walk,0.35167563185751277,2,200000.79227947217,13101,8505.0,130.8268473148346
main,1,dynamic_3step,4,45,5,200000.0,45.0,random_walk,0.37022069753258097,1,200013.6752237926,14854,8519.0,136.8072817325592
main,1,dynamic_3step,5,46,5,200000.0,45.0,random_walk,0.32908943840791466,2,200016.1587405721,11322,8512.0,132.1269872188568
main,1,dynamic_3step,6,47,5,200000.0,45.0,random_walk,0.3492746284567058,1,200004.95417804146,13112,8517.0,131.0467929840088
main,1,dynamic_3step,7,48,5,200000.0,45.0,random_walk,0.33249526162115006,1,200005.87392533763,11934,8506.0,108.61787915229797
main,1,dynamic_3step,8,49,5,200000.0,45.0,random_walk,0.3798746632690291,1,200013.7914230317,14780,8519.0,108.44424629211426
main,1,dynamic_3step,9,50,5,200000.0,45.0,random_walk,0.351359611366735,2,200015.7287658248,12844,8521.0,136.68369054794312
main,1,dynamic_3step,10,51,5,200000.0,45.0,random_walk,0.36412352532077535,2,200011.78882046387,14154,8512.0,138.26405715942383
main,1,dynamic_3step,11,52,5,200000.0,45.0,random_walk,0.345897798405575,2,200001.33598361013,13069,8533.0,137.07650923728943
main,1,dynamic_3step,12,53,5,200000.0,45.0,random_walk,0.37093232795191955,1,200017.1308903458,14689,8514.0,137.3542046546936
main,1,dynamic_3step,13,54,5,200000.0,45.0,random_walk,0.34871704970948236,2,200000.13613718984,14598,8538.0,137.58847284317017
main,1,dynamic_3step,14,55,5,200000.0,45.0,random_walk,0.36939145036520044,1,200011.88950516397,14339,8513.0,137.56809186935425
main,1,dynamic_3step,15,56,5,200000.0,45.0,random_walk,0.3727107265496572,0,200024.3157221882,14446,8516.0,134.60411167144775
main,1,dynamic_3step,16,57,5,200000.0,45.0,random_walk,0.3750633475451743,0,200008.45719952718,15017,8521.0,136.77326941490173
main,1,dynamic_3step,17,58,5,200000.0,45.0,random_walk,0.3177349215887449,2,200021.51328302617,10992,8517.0,123.27724051475525
main,1,dynamic_3step,18,59,5,200000.0,45.0,random_walk,0.35806877808258325,3,200023.9731432605,13141,8508.0,135.48421597480774
main,1,dynamic_3step,19,60,5,200000.0,45.0,random_walk,0.3687022306374661,1,200006.14643440567,14287,8521.0,137.24281072616577
main,1,dynamic_3step,20,61,5,200000.0,45.0,random_walk,0.3725235109352108,3,200010.60672216874,14427,8517.0,136.43732476234436
main,1,dynamic_3step,21,62,5,200000.0,45.0,random_walk,0.3742421303361403,2,200003.580771962,14521,8519.0,136.49218940734863
main,1,dynamic_3step,22,63,5,200000.0,45.0,random_walk,0.37345991556329555,1,200001.90380020256,14980,8535.0,137.2958424091339
main,1,dynamic_3step,23,64,5,200000.0,45.0,random_walk,0.37489282597138934,2,200015.9711138925,14978,8535.0,138.8433599472046
main,1,dynamic_3step,24,65,5,200000.0,45.0,random_walk,0.31541159657049,1,200009.53334951954,10665,8499.0,117.30264067649841
main,1,dynamic_3step,25,66,5,200000.0,45.0,random_walk,0.32470753693135,2,200007.6520347399,11211,8500.0,136.984956741333
main,1,dynamic_3step,26,67,5,200000.0,45.0,random_walk,0.37431899659943985,2,200006.90312454803,14837,8525.0,138.966242313385
main,1,dynamic_3step,27,68,5,200000.0,45.0,random_walk,0.3589519020731897,2,200011.8579174268,13662,8499.0,133.10508012771606
main,1,dynamic_3step,28,69,5,200000.0,45.0,random_walk,0.37437362039408895,2,200019.42287072018,14397,8522.0,132.02313780784607
main,1,dynamic_3step,29,70,5,200000.0,45.0,random_walk,0.3602968087130062,2,200023.3188610797,14316,8533.0,132.27425980567932
main,1,dynamic_3step,30,71,5,200000.0,45.0,random_walk,0.37604528133027776,1,200016.78509418084,14667,8513.0,132.24225521087646
main,1,dynamic_3step,31,72,5,200000.0,45.0,random_walk,0.37065444452482216,1,200010.06132143317,14608,8509.0,131.3157880306244
main,1,dynamic_3step,32,73,5,200000.0,45.0,random_walk,0.360711768545716,2,200021.0365838335,13827,8520.0,135.15111231803894
main,1,dynamic_3step,33,74,5,200000.0,45.0,random_walk,0.35453201621963126,2,200017.56031456369,13118,8524.0,136.50104975700378
main,1,dynamic_3step,34,75,5,200000.0,45.0,random_walk,0.37073682041560396,3,200013.24974606847,14817,8506.0,136.49552178382874
main,1,dynamic_3step,35,76,5,200000.0,45.0,random_walk,0.36033874048901454,1,200003.02845680632,13743,8516.0,137.02414464950562
main,1,dynamic_3step,36,77,5,200000.0,45.0,random_walk,0.34018561866811364,1,200006.4622484527,12229,8518.0,134.5841031074524
main,1,dynamic_3step,37,78,5,200000.0,45.0,random_walk,0.3376482778745442,3,200007.87074963382,12424,8506.0,123.59783363342285
main,1,dynamic_3step,38,79,5,200000.0,45.0,random_walk,0.35736103456551344,2,200018.10159050624,13458,8521.0,137.8476483821869
main,1,dynamic_3step,39,80,5,200000.0,45.0,random_walk,0.3698519295885559,0,200004.82606763262,13968,8510.0,136.92315316200256
main,1,dynamic_3step,40,81,5,200000.0,45.0,random_walk,0.3784958074344964,3,200018.4741858924,14664,8512.0,132.82194781303406
main,1,dynamic_3step,41,82,5,200000.0,45.0,random_walk,0.3507527550256009,2,200006.6384729925,13029,8518.0,131.687912940979
main,1,dynamic_3step,42,83,5,200000.0,45.0,random_walk,0.32505291708383927,1,200021.16013902816,12238,8512.0,124.0330331325531
main,1,dynamic_3step,43,84,5,200000.0,45.0,random_walk,0.3337970816302378,2,200011.54459835048,11944,8547.0,133.75425148010254
main,1,dynamic_3step,44,85,5,200000.0,45.0,random_walk,0.34541005791411417,2,200016.0235559565,12455,8495.0,133.024760723114
main,1,dynamic_3step,45,86,5,200000.0,45.0,random_walk,0.3510278373166046,4,200009.20875205583,12879,8510.0,132.40943050384521
main,1,dynamic_3step,46,87,5,200000.0,45.0,random_walk,0.3769819317035378,2,200001.79126128985,14639,8523.0,136.06357526779175
main,1,dynamic_3step,47,88,5,200000.0,45.0,random_walk,0.36818434612202056,2,200011.27904817768,14044,8525.0,138.07110476493835
main,1,dynamic_3step,48,89,5,200000.0,45.0,random_walk,0.3544500801682965,1,200019.74635961142,14067,8523.0,135.89577651023865
main,1,dynamic_3step,49,90,5,200000.0,45.0,random_walk,0.33025798825441854,1,200000.48199013196,11970,8511.0,125.04006361961365
main,1,dynamic_3step,50,91,5,200000.0,45.0,random_walk,0.30914398872244864,1,200000.417875321,10396,8525.0,124.09379768371582
main,1,dynamic_3step,51,92,5,200000.0,45.0,random_walk,0.3297666258863522,1,200017.92132613686,12434,8493.0,137.63076853752136
main,1,dynamic_3step,52,93,5,200000.0,45.0,random_walk,0.3575934938404995,2,200008.8300457968,13307,8514.0,136.31511092185974
main,1,dynamic_3step,53,94,5,200000.0,45.0,random_walk,0.37046328082517915,2,200014.92308549135,14580,8504.0,135.67837738990784
main,1,dynamic_3step,54,95,5,200000.0,45.0,random_walk,0.36571842929880266,4,200016.48837241525,13553,8513.0,132.11206579208374
main,1,dynamic_3step,55,96,5,200000.0,45.0,random_walk,0.3593821693016969,2,200004.87160864065,13806,8526.0,133.5596044063568
main,1,dynamic_3step,56,97,5,200000.0,45.0,random_walk,0.3696109021405025,3,200009.79847714555,14051,8515.0,132.8528962135315
main,1,dynamic_3step,57,98,5,200000.0,45.0,random_walk,0.37614408980581304,1,200012.35405845888,14566,8515.0,139.36656522750854
main,1,dynamic_3step,58,99,5,200000.0,45.0,random_walk,0.3646046309567544,2,200018.15548587582,13784,8498.0,138.97013306617737
main,1,dynamic_3step,59,100,5,200000.0,45.0,random_walk,0.34065317976803217,1,200017.42105156204,12183,8519.0,135.9381754398346
main,1,dynamic_3step,60,101,5,200000.0,45.0,random_walk,0.3316627900954969,2,200013.62351238294,12380,8528.0,136.48536372184753
main,1,dynamic_3step,61,102,5,200000.0,45.0,random_walk,0.3331996005715668,0,200014.44179205835,11662,8508.0,123.32264542579651
main,1,dynamic_3step,62,103,5,200000.0,45.0,random_walk,0.3734417331624631,2,200009.4074562407,14868,8507.0,136.03516507148743
main,1,dynamic_3step,63,104,5,200000.0,45.0,random_walk,0.3675824493871862,1,200018.63180602537,14129,8533.0,138.75907444953918
main,1,dynamic_3step,64,105,5,200000.0,45.0,random_walk,0.37925738320220737,2,200016.93560689993,14685,8520.0,135.0449345111847
main,1,dynamic_3step,65,106,5,200000.0,45.0,random_walk,0.3621920447647825,2,200002.87397512613,13525,8519.0,131.439044713974
main,1,dynamic_3step,66,107,5,200000.0,45.0,random_walk,0.3378297449044378,1,200001.81476746494,11906,8504.0,134.99709796905518
main,1,dynamic_3step,67,108,5,200000.0,45.0,random_walk,0.36755074691856077,3,200004.2936671647,13841,8518.0,134.3804075717926
main,1,dynamic_3step,68,109,5,200000.0,45.0,random_walk,0.3773990933870438,2,200006.6354470508,14472,8505.0,133.58013606071472
main,1,dynamic_3step,69,110,5,200000.0,45.0,random_walk,0.35607486993637705,4,200003.65943664344,13010,8517.0,135.96369051933289
main,1,dynamic_3step,70,111,5,200000.0,45.0,random_walk,0.35107079962936144,3,200010.93728011908,12822,8519.0,128.11195421218872
main,1,dynamic_3step,71,112,5,200000.0,45.0,random_walk,0.37204066691303744,2,200019.0645764593,14577,8509.0,134.85811686515808
main,1,dynamic_3step,72,113,5,200000.0,45.0,random_walk,0.3522052563013609,0,200023.5387728074,12934,8499.0,138.70164322853088
main,1,dynamic_3step,73,114,5,200000.0,45.0,random_walk,0.32665432230069247,1,200014.74731956326,11207,8496.0,139.5293002128601
main,1,dynamic_3step,74,115,5,200000.0,45.0,random_walk,0.3507526436833723,2,200009.04631347023,13026,8527.0,137.15024995803833
main,1,dynamic_3step,75,116,5,200000.0,45.0,random_walk,0.3728344203228179,4,200023.36555302548,14205,8518.0,136.10422372817993
main,1,dynamic_3step,76,117,5,200000.0,45.0,random_walk,0.35755257861306594,2,200022.34308475157,13509,8522.0,134.6379680633545
main,1,dynamic_3step,77,118,5,200000.0,45.0,random_walk,0.3774698318808308,2,200000.9851139967,14553,8518.0,136.01759099960327
main,1,dynamic_3step,78,119,5,200000.0,45.0,random_walk,0.3525018948197347,1,200007.61482600516,13509,8525.0,136.0224530696869
main,1,dynamic_3step,79,120,5,200000.0,45.0,random_walk,0.3719744010089598,1,200004.86303543518,14730,8519.0,135.175696849823
main,1,dynamic_3step,80,121,5,200000.0,45.0,random_walk,0.3703495232636657,3,200002.05246118398,14740,8524.0,134.54596543312073
main,1,dynamic_3step,81,122,5,200000.0,45.0,random_walk,0.31267349378107984,2,200004.34248893132,10551,8513.0,134.89092803001404
main,1,dynamic_3step,82,123,5,200000.0,45.0,random_walk,0.3648054574048972,2,200019.1460901805,14135,8502.0,137.99422597885132
main,1,dynamic_3step,83,124,5,200000.0,45.0,random_walk,0.3745195757722372,1,200001.24736435598,14636,8502.0,136.8619830608368
main,1,dynamic_3step,84,125,5,200000.0,45.0,random_walk,0.3585922858032787,2,200015.9951026215,13070,8526.0,139.96105861663818
main,1,dynamic_3step,85,126,5,200000.0,45.0,random_walk,0.3719825736962454,0,200016.441712339,14649,8530.0,139.03103709220886
main,1,dynamic_3step,86,127,5,200000.0,45.0,random_walk,0.37199520428424515,2,200004.42116576544,14159,8531.0,135.55183935165405
main,1,dynamic_3step,87,128,5,200000.0,45.0,random_walk,0.33631876392391685,2,200011.0431712042,11841,8498.0,134.492436170578
main,1,dynamic_3step,88,129,5,200000.0,45.0,random_walk,0.34646638928997436,1,200007.98327900673,13050,8515.0,137.3167290687561
main,1,dynamic_3step,89,130,5,200000.0,45.0,random_walk,0.36904528665185804,3,200003.68064608297,14566,8526.0,136.09068870544434
main,1,dynamic_3step,90,131,5,200000.0,45.0,random_walk,0.3765156507289261,2,200009.30898482964,14840,8505.0,133.52677249908447
main,1,dynamic_3step,91,132,5,200000.0,45.0,random_walk,0.3631631148096563,1,200022.30528764107,13787,8490.0,136.14946866035461
main,1,dynamic_3step,92,133,5,200000.0,45.0,random_walk,0.36798628112889087,3,200002.1881016159,14407,8525.0,136.27348375320435
main,1,dynamic_3step,93,134,5,200000.0,45.0,random_walk,0.3609349396781756,0,200003.77823826333,13454,8545.0,133.51233386993408
main,1,dynamic_3step,94,135,5,200000.0,45.0,random_walk,0.36706639466949526,3,200002.05663643827,14155,8495.0,134.69594931602478
main,1,dynamic_3step,95,136,5,200000.0,45.0,random_walk,0.339118744904529,2,200020.84833389436,12050,8516.0,138.2091145515442
main,1,dynamic_3step,96,137,5,200000.0,45.0,random_walk,0.37129420116290124,2,200005.44463994374,14831,8521.0,138.94469141960144
main,1,dynamic_3step,97,138,5,200000.0,45.0,random_walk,0.36999670237015386,1,200019.81642369722,13939,8509.0,137.99814772605896
main,1,dynamic_3step,98,139,5,200000.0,45.0,random_walk,0.33940878913542494,0,200003.39901345858,12195,8522.0,138.11667656898499
main,1,dynamic_3step,99,140,5,200000.0,45.0,random_walk,0.3648476831886852,3,200005.1744824884,13791,8503.0,98.26167130470276
main,1,dynamic_3step,100,141,5,200000.0,45.0,random_walk,0.35305296395426644,0,200013.99783632535,13340,8526.0,98.98241233825684
