dataset,planning_seed,planning_mode,w,L_legacy,L_evidence,revisit_fraction_legacy,revisit_fraction_evidence,new_coverage_fraction_legacy,new_coverage_fraction_evidence,action_disagreement_rate,comparable_action_decisions,number_of_replans_legacy,number_of_replans_evidence,planner_wall_time_legacy,planner_wall_time_evidence,tv_final,tv_max,entropy_legacy_final,entropy_evidence_final,max_cell_legacy_final,max_cell_evidence_final,belief_model,implementation_version,git_commit,experiment_id,config_hash,source_hash,revisit_weight,simulation_num_victims,evaluation_num_victims,victim_model,simulation_victim_model,victim_sampling_model,detection_probability,decay_tau,victim_seed,sensor_seed,budget,size
1,42,dynamic,0.5,0.2951194597397973,0.28506951261714786,0.942746831712349,0.9450367030263073,0.028434839631368784,0.02733409838753118,0.3148710166919575,2636,3939,4000,1.7813804745674133,1.8852445273660123,0.0548970222010981,0.055999107599148876,11.853945777556941,11.84054833455238,8.061472619828393e-05,5.6625070599847956e-05,paired,revision_B@ff544e3dab27,ff544e3dab270c9412bea847c1119b0311242e63,b1-differential_20260825_120409_419709_fd1a51a1,fd1a51a14df9368e56811aad1772c3bd3c9b85933cf0ea20cb4a2f03772a5fe0,cef0d7e99cf98289cf781ea358600304c52099759ac7cef6c0a3cc8b44b6bdc2,0.5,0,1,random_walk,random_walk,none_planning_only,0.8,10000.0,,,200000.0,xlarge
1,42,dynamic_3step,0.5,0.36903248300689373,0.36912745943611097,0.9151839757179216,0.9148992733502688,0.042047730013934914,0.04217068515287422,0.28396436525612473,2694,3947,3967,99.95734908466693,111.50954155740328,0.04330680968118039,0.04330680968118039,11.870267130959864,11.832300867236803,9.355976842984656e-05,8.910040388704223e-05,paired,revision_B@ff544e3dab27,ff544e3dab270c9412bea847c1119b0311242e63,b1-differential_20260825_120409_419709_fd1a51a1,fd1a51a14df9368e56811aad1772c3bd3c9b85933cf0ea20cb4a2f03772a5fe0,cef0d7e99cf98289cf781ea358600304c52099759ac7cef6c0a3cc8b44b6bdc2,0.5,0,1,random_walk,random_walk,none_planning_only,0.8,10000.0,,,200000.0,xlarge
1,42,online_static,0.5,0.12659455088001081,0.12659455088001081,0.9831010534712935,0.9831010534712935,0.008434137030574844,0.008434137030574844,0.0,5257,4316,4316,1.9228631042642519,2.0140116738621145,0.0041584672785556455,0.004158833768054961,11.701804628562169,11.70002576339148,8.162538371838769e-05,8.127568773714213e-05,paired,revision_B@ff544e3dab27,ff544e3dab270c9412bea847c1119b0311242e63,b1-differential_20260825_120409_419709_fd1a51a1,fd1a51a14df9368e56811aad1772c3bd3c9b85933cf0ea20cb4a2f03772a5fe0,cef0d7e99cf98289cf781ea358600304c52099759ac7cef6c0a3cc8b44b6bdc2,0.5,0,1,random_walk,random_walk,none_planning_only,0.8,10000.0,,,200000.0,xlarge
1,42,online_static_3step,0.5,0.22939641734499197,0.22939641734499197,0.9623667709788797,0.9623667709788797,0.019081466562057215,0.019081466562057215,0.0,5322,4219,4219,103.52230347285513,105.22177326923702,0.014746404615151951,0.014746404615151951,11.773294966140686,11.760751510414426,8.878013463984394e-05,8.733919249544219e-05,paired,revision_B@ff544e3dab27,ff544e3dab270c9412bea847c1119b0311242e63,b1-differential_20260825_120409_419709_fd1a51a1,fd1a51a14df9368e56811aad1772c3bd3c9b85933cf0ea20cb4a2f03772a5fe0,cef0d7e99cf98289cf781ea358600304c52099759ac7cef6c0a3cc8b44b6bdc2,0.5,0,1,random_walk,random_walk,none_planning_only,0.8,10000.0,,,200000.0,xlarge
1,43,dynamic,0.5,0.30537527776047163,0.31870063451618835,0.9407477408304293,0.9362232246180006,0.0293687131866459,0.03162289073386653,0.462010382255781,2119,3941,3947,1.8416877167765051,1.9234856856055558,0.043169543715994706,0.043169543715994706,11.866525407143158,11.858185090113011,9.086658006232452e-05,8.921975912393377e-05,paired,revision_B@ff544e3dab27,ff544e3dab270c9412bea847c1119b0311242e63,b1-differential_20260825_120409_419709_fd1a51a1,fd1a51a14df9368e56811aad1772c3bd3c9b85933cf0ea20cb4a2f03772a5fe0,cef0d7e99cf98289cf781ea358600304c52099759ac7cef6c0a3cc8b44b6bdc2,0.5,0,1,random_walk,random_walk,none_planning_only,0.8,10000.0,,,200000.0,xlarge
1,43,dynamic_3step,0.5,0.3583435732149271,0.3469037888909899,0.9213621961600302,0.9244630269196197,0.03894457650737145,0.037392999754089724,0.039788964607606066,4549,3935,3905,98.61596182943322,105.8280442324467,0.04283981311518507,0.04283981311518507,11.886595507978086,11.8516357987133,8.472390743857835e-05,8.980263754636195e-05,paired,revision_B@ff544e3dab27,ff544e3dab270c9412bea847c1119b0311242e63,b1-differential_20260825_120409_419709_fd1a51a1,fd1a51a14df9368e56811aad1772c3bd3c9b85933cf0ea20cb4a2f03772a5fe0,cef0d7e99cf98289cf781ea358600304c52099759ac7cef6c0a3cc8b44b6bdc2,0.5,0,1,random_walk,random_walk,none_planning_only,0.8,10000.0,,,200000.0,xlarge
1,43,online_static,0.5,0.06978772661727632,0.06978772661727632,0.9918105998213643,0.9918105998213643,0.004133634671007178,0.004133634671007178,0.0,5094,4490,4490,1.8805436596740037,2.009977378533222,0.0011290908204857047,0.0011312826496861841,11.659287286195593,11.66079058588913,8.832151414880469e-05,8.82309544951686e-05,paired,revision_B@ff544e3dab27,ff544e3dab270c9412bea847c1119b0311242e63,b1-differential_20260825_120409_419709_fd1a51a1,fd1a51a14df9368e56811aad1772c3bd3c9b85933cf0ea20cb4a2f03772a5fe0,cef0d7e99cf98289cf781ea358600304c52099759ac7cef6c0a3cc8b44b6bdc2,0.5,0,1,random_walk,random_walk,none_planning_only,0.8,10000.0,,,200000.0,xlarge
1,43,online_static_3step,0.5,0.20317482475508775,0.20317482475508775,0.9689191588811814,0.9689191588811814,0.015884632949635234,0.015884632949635234,0.0,6103,4919,4919,119.84201872046106,123.69702163455077,0.011369977672266215,0.011369977672266215,11.756697962784232,11.747134560706996,8.679657429091222e-05,8.572521085094008e-05,paired,revision_B@ff544e3dab27,ff544e3dab270c9412bea847c1119b0311242e63,b1-differential_20260825_120409_419709_fd1a51a1,fd1a51a14df9368e56811aad1772c3bd3c9b85933cf0ea20cb4a2f03772a5fe0,cef0d7e99cf98289cf781ea358600304c52099759ac7cef6c0a3cc8b44b6bdc2,0.5,0,1,random_walk,random_walk,none_planning_only,0.8,10000.0,,,200000.0,xlarge
1,44,dynamic,0.5,0.3302742651124479,0.3302742651124479,0.9317461161006891,0.9317553844700548,0.03383901073808213,0.03383901073808213,0.01554068638031513,4633,3856,3861,1.8254738945979625,1.9199154566740617,0.027114819753017223,0.027114819753017223,11.876681118702939,11.859599758445409,9.2552958556894e-05,8.957222057300035e-05,paired,revision_B@ff544e3dab27,ff544e3dab270c9412bea847c1119b0311242e63,b1-differential_20260825_120409_419709_fd1a51a1,fd1a51a14df9368e56811aad1772c3bd3c9b85933cf0ea20cb4a2f03772a5fe0,cef0d7e99cf98289cf781ea358600304c52099759ac7cef6c0a3cc8b44b6bdc2,0.5,0,1,random_walk,random_walk,none_planning_only,0.8,10000.0,,,200000.0,xlarge
1,44,dynamic_3step,0.5,0.35460008385150577,0.35460008385150577,0.9207940100580911,0.9207940100580911,0.03923732683817933,0.03923732683817933,0.0,5151,4035,4035,101.35806410876103,109.45828677294776,0.03675909313042544,0.03675909313042544,11.869908622880885,11.840102659794253,0.00011572232570158337,0.00011089947225600272,paired,revision_B@ff544e3dab27,ff544e3dab270c9412bea847c1119b0311242e63,b1-differential_20260825_120409_419709_fd1a51a1,fd1a51a14df9368e56811aad1772c3bd3c9b85933cf0ea20cb4a2f03772a5fe0,cef0d7e99cf98289cf781ea358600304c52099759ac7cef6c0a3cc8b44b6bdc2,0.5,0,1,random_walk,random_walk,none_planning_only,0.8,10000.0,,,200000.0,xlarge
1,44,online_static,0.5,0.11517700184411951,0.11517700184411951,0.9855964216370788,0.9855964216370788,0.007579306064615853,0.007579306064615853,0.0,6112,4426,4426,2.2704735760344192,2.3809422383783385,0.0033583958196691825,0.003395414203910433,11.688145957309242,11.687019304402279,8.05717718316164e-05,8.029533018489402e-05,paired,revision_B@ff544e3dab27,ff544e3dab270c9412bea847c1119b0311242e63,b1-differential_20260825_120409_419709_fd1a51a1,fd1a51a14df9368e56811aad1772c3bd3c9b85933cf0ea20cb4a2f03772a5fe0,cef0d7e99cf98289cf781ea358600304c52099759ac7cef6c0a3cc8b44b6bdc2,0.5,0,1,random_walk,random_walk,none_planning_only,0.8,10000.0,,,200000.0,xlarge
1,44,online_static_3step,0.5,0.23617276061434028,0.23617276061434028,0.9610955834796268,0.9610955834796268,0.019722589786526457,0.019722589786526457,0.0,5324,4234,4234,108.5203463898506,115.67006687493995,0.015723695452000433,0.015723695452000433,11.780044430203429,11.766081642707077,8.917604729239015e-05,8.762505425880458e-05,paired,revision_B@ff544e3dab27,ff544e3dab270c9412bea847c1119b0311242e63,b1-differential_20260825_120409_419709_fd1a51a1,fd1a51a14df9368e56811aad1772c3bd3c9b85933cf0ea20cb4a2f03772a5fe0,cef0d7e99cf98289cf781ea358600304c52099759ac7cef6c0a3cc8b44b6bdc2,0.5,0,1,random_walk,random_walk,none_planning_only,0.8,10000.0,,,200000.0,xlarge
7,42,dynamic,0.5,0.21352746725411195,0.21057320366208498,0.9014928335307653,0.9034704266572419,0.046422517098263866,0.045501841351493544,0.26627412495911024,3057,4813,4804,2.160788556211628,2.2328015461098403,0.016312530831904065,0.016312530831904065,12.30941281354009,12.309132363075793,4.007445295893183e-05,4.989382212905237e-05,paired,revision_B@ff544e3dab27,ff544e3dab270c9412bea847c1119b0311242e63,b1-differential_20260825_120409_419709_fd1a51a1,fd1a51a14df9368e56811aad1772c3bd3c9b85933cf0ea20cb4a2f03772a5fe0,cef0d7e99cf98289cf781ea358600304c52099759ac7cef6c0a3cc8b44b6bdc2,0.5,0,1,random_walk,random_walk,none_planning_only,0.8,10000.0,,,200000.0,xlarge
7,42,dynamic_3step,0.5,0.16827695243457938,0.16825988868682137,0.9013655455667852,0.901395343065784,0.04646635880049103,0.04645174489974864,0.004979548283834252,5623,4807,4811,128.00533301196992,149.6732477552723,0.007127137655883837,0.007127137655883837,12.246897871250559,12.245958887667097,5.947832844642813e-05,6.647932074404729e-05,paired,revision_B@ff544e3dab27,ff544e3dab270c9412bea847c1119b0311242e63,b1-differential_20260825_120409_419709_fd1a51a1,fd1a51a14df9368e56811aad1772c3bd3c9b85933cf0ea20cb4a2f03772a5fe0,cef0d7e99cf98289cf781ea358600304c52099759ac7cef6c0a3cc8b44b6bdc2,0.5,0,1,random_walk,random_walk,none_planning_only,0.8,10000.0,,,200000.0,xlarge
7,42,online_static,0.5,0.03686715067605617,0.03686715067605617,0.9885432759090732,0.9885432759090732,0.005158706962062313,0.005158706962062313,0.0,6586,5170,5170,2.5111379771260545,2.5195289659313858,0.00020984028122693498,0.00020984028122693498,12.190722597140955,12.193550888401463,0.00010504475479071255,0.0001050374699970253,paired,revision_B@ff544e3dab27,ff544e3dab270c9412bea847c1119b0311242e63,b1-differential_20260825_120409_419709_fd1a51a1,fd1a51a14df9368e56811aad1772c3bd3c9b85933cf0ea20cb4a2f03772a5fe0,cef0d7e99cf98289cf781ea358600304c52099759ac7cef6c0a3cc8b44b6bdc2,0.5,0,1,random_walk,random_walk,none_planning_only,0.8,10000.0,,,200000.0,xlarge
7,42,online_static_3step,0.5,0.09439282076718422,0.09439282076718422,0.9593983918405473,0.9593983918405473,0.01880224469515403,0.01880224469515403,0.0,6064,5622,5622,156.88009435508866,161.17066505528055,0.0021584278873203657,0.0021584278873203657,12.22452677412059,12.225908239297658,5.705803939839772e-05,6.041304396488558e-05,paired,revision_B@ff544e3dab27,ff544e3dab270c9412bea847c1119b0311242e63,b1-differential_20260825_120409_419709_fd1a51a1,fd1a51a14df9368e56811aad1772c3bd3c9b85933cf0ea20cb4a2f03772a5fe0,cef0d7e99cf98289cf781ea358600304c52099759ac7cef6c0a3cc8b44b6bdc2,0.5,0,1,random_walk,random_walk,none_planning_only,0.8,10000.0,,,200000.0,xlarge
7,43,dynamic,0.5,0.21922575873127223,0.2246040393006248,0.9060777927755006,0.9036162462040856,0.044335652072251125,0.045548605833869174,0.07376509330406147,4555,4401,4382,2.1789107338991016,2.5026959009701386,0.020667995174506345,0.020667995174506345,12.32221336768227,12.319538239203222,4.4868530431823354e-05,4.435699848955436e-05,paired,revision_B@ff544e3dab27,ff544e3dab270c9412bea847c1119b0311242e63,b1-differential_20260825_120409_419709_fd1a51a1,fd1a51a14df9368e56811aad1772c3bd3c9b85933cf0ea20cb4a2f03772a5fe0,cef0d7e99cf98289cf781ea358600304c52099759ac7cef6c0a3cc8b44b6bdc2,0.5,0,1,random_walk,random_walk,none_planning_only,0.8,10000.0,,,200000.0,xlarge
7,43,dynamic_3step,0.5,0.16642666019378305,0.16642666019378305,0.8950038983701101,0.8950038983701101,0.04959373355936166,0.04959373355936166,0.0,5686,4436,4436,131.2595336692175,142.2825570476707,0.007342065089075398,0.007342065089075398,12.236517956222364,12.234854697964664,5.7631006522719835e-05,6.382160867332143e-05,paired,revision_B@ff544e3dab27,ff544e3dab270c9412bea847c1119b0311242e63,b1-differential_20260825_120409_419709_fd1a51a1,fd1a51a14df9368e56811aad1772c3bd3c9b85933cf0ea20cb4a2f03772a5fe0,cef0d7e99cf98289cf781ea358600304c52099759ac7cef6c0a3cc8b44b6bdc2,0.5,0,1,random_walk,random_walk,none_planning_only,0.8,10000.0,,,200000.0,xlarge
7,43,online_static,0.5,0.03932001614730162,0.03932001614730162,0.9838256243460283,0.9838256243460283,0.007499853860992576,0.007499853860992576,0.0,6039,4670,4670,2.9811119395308197,3.1663970187073573,0.00025776157276920567,0.0002584173185436772,12.18999772809004,12.19275453737888,5.7095455280933364e-05,5.821046724472945e-05,paired,revision_B@ff544e3dab27,ff544e3dab270c9412bea847c1119b0311242e63,b1-differential_20260825_120409_419709_fd1a51a1,fd1a51a14df9368e56811aad1772c3bd3c9b85933cf0ea20cb4a2f03772a5fe0,cef0d7e99cf98289cf781ea358600304c52099759ac7cef6c0a3cc8b44b6bdc2,0.5,0,1,random_walk,random_walk,none_planning_only,0.8,10000.0,,,200000.0,xlarge
7,43,online_static_3step,0.5,0.047191893550107514,0.047191893550107514,0.9826335120746362,0.9826335120746362,0.007932425322967207,0.007932425322967207,0.0,6324,4503,4503,135.72756477596704,123.9205632408848,0.00043566937429753244,0.00043566937429753244,12.196555517562432,12.199164181388886,0.00010561445988935907,0.00010558267246869037,paired,revision_B@ff544e3dab27,ff544e3dab270c9412bea847c1119b0311242e63,b1-differential_20260825_120409_419709_fd1a51a1,fd1a51a14df9368e56811aad1772c3bd3c9b85933cf0ea20cb4a2f03772a5fe0,cef0d7e99cf98289cf781ea358600304c52099759ac7cef6c0a3cc8b44b6bdc2,0.5,0,1,random_walk,random_walk,none_planning_only,0.8,10000.0,,,200000.0,xlarge
7,44,dynamic,0.5,0.21320272845697666,0.2085875481509938,0.9065300421492405,0.9079959169785642,0.04420412696556965,0.043467586368153385,0.15128006206361522,2578,4697,4726,2.9049634343246,3.0036343075335026,0.030408753573262004,0.030408753573262004,12.311500703028948,12.295181831766715,5.748818311585887e-05,6.664261694634634e-05,paired,revision_B@ff544e3dab27,ff544e3dab270c9412bea847c1119b0311242e63,b1-differential_20260825_120409_419709_fd1a51a1,fd1a51a14df9368e56811aad1772c3bd3c9b85933cf0ea20cb4a2f03772a5fe0,cef0d7e99cf98289cf781ea358600304c52099759ac7cef6c0a3cc8b44b6bdc2,0.5,0,1,random_walk,random_walk,none_planning_only,0.8,10000.0,,,200000.0,xlarge
7,44,dynamic_3step,0.5,0.20801852082430536,0.20809800284907318,0.8965240377489007,0.8964925174941789,0.048968258607587536,0.048982872508329924,0.051173991571342566,4983,4668,4676,151.02753038844094,145.94378771586344,0.011346998164702552,0.011346998164702552,12.285151683683267,12.281107261350787,6.156891662980945e-05,6.68251414088938e-05,paired,revision_B@ff544e3dab27,ff544e3dab270c9412bea847c1119b0311242e63,b1-differential_20260825_120409_419709_fd1a51a1,fd1a51a14df9368e56811aad1772c3bd3c9b85933cf0ea20cb4a2f03772a5fe0,cef0d7e99cf98289cf781ea358600304c52099759ac7cef6c0a3cc8b44b6bdc2,0.5,0,1,random_walk,random_walk,none_planning_only,0.8,10000.0,,,200000.0,xlarge
7,44,online_static,0.5,0.06378261030473655,0.06378261030473655,0.9753175648881327,0.9753175648881327,0.011279008592973637,0.011279008592973637,0.0,6312,5647,5647,3.245985728222877,3.31735981896054,0.0009186618152882588,0.0009187561229167495,12.207101432044832,12.209251456383601,5.6113762413834115e-05,5.7985705909985e-05,paired,revision_B@ff544e3dab27,ff544e3dab270c9412bea847c1119b0311242e63,b1-differential_20260825_120409_419709_fd1a51a1,fd1a51a14df9368e56811aad1772c3bd3c9b85933cf0ea20cb4a2f03772a5fe0,cef0d7e99cf98289cf781ea358600304c52099759ac7cef6c0a3cc8b44b6bdc2,0.5,0,1,random_walk,random_walk,none_planning_only,0.8,10000.0,,,200000.0,xlarge
7,44,online_static_3step,0.5,0.04348878332077574,0.04348878332077574,0.9750023870906139,0.9750023870906139,0.011477757643070088,0.011477757643070088,0.0,6222,5735,5735,174.7794081486063,149.04400264669675,0.00034804552405374257,0.0003481376033871996,12.187154735317225,12.189896780292624,5.6927816124563464e-05,5.8199174059987875e-05,paired,revision_B@ff544e3dab27,ff544e3dab270c9412bea847c1119b0311242e63,b1-differential_20260825_120409_419709_fd1a51a1,fd1a51a14df9368e56811aad1772c3bd3c9b85933cf0ea20cb4a2f03772a5fe0,cef0d7e99cf98289cf781ea358600304c52099759ac7cef6c0a3cc8b44b6bdc2,0.5,0,1,random_walk,random_walk,none_planning_only,0.8,10000.0,,,200000.0,xlarge
10,42,dynamic,0.5,0.2210267054094766,0.2210267054094766,0.9591004267881048,0.9591123366667429,0.020961551430422838,0.020955687239226747,0.050123456790123457,4050,4140,4134,2.729192247032188,2.7629731028573588,0.009700695432045867,0.009700695432045867,11.625899650691782,11.625513866759258,7.336032405592802e-05,7.263029153820338e-05,paired,revision_B@ff544e3dab27,ff544e3dab270c9412bea847c1119b0311242e63,b1-differential_20260825_120409_419709_fd1a51a1,fd1a51a14df9368e56811aad1772c3bd3c9b85933cf0ea20cb4a2f03772a5fe0,cef0d7e99cf98289cf781ea358600304c52099759ac7cef6c0a3cc8b44b6bdc2,0.5,0,1,random_walk,random_walk,none_planning_only,0.8,10000.0,,,200000.0,xlarge
10,42,dynamic_3step,0.5,0.2833765221796402,0.2821802535055239,0.9264454933025905,0.9353748475418618,0.037788848067602396,0.03324703198623088,0.9845474613686535,1359,4184,4227,136.62187327397987,119.0947650069138,0.09074052917061684,0.09074052917061684,11.627844230335022,11.639704501836679,8.176049987002812e-05,8.930168066738391e-05,paired,revision_B@ff544e3dab27,ff544e3dab270c9412bea847c1119b0311242e63,b1-differential_20260825_120409_419709_fd1a51a1,fd1a51a14df9368e56811aad1772c3bd3c9b85933cf0ea20cb4a2f03772a5fe0,cef0d7e99cf98289cf781ea358600304c52099759ac7cef6c0a3cc8b44b6bdc2,0.5,0,1,random_walk,random_walk,none_planning_only,0.8,10000.0,,,200000.0,xlarge
10,42,online_static,0.5,0.1027872403367714,0.1027872403367714,0.9912654919484023,0.9912654919484023,0.004556476559361741,0.004556476559361741,0.0,5683,4738,4738,2.9631846151314676,2.9537884059827775,0.0026174818719049827,0.002637867652892516,11.513805277399538,11.513393496650716,8.236673991503883e-05,8.215328601680872e-05,paired,revision_B@ff544e3dab27,ff544e3dab270c9412bea847c1119b0311242e63,b1-differential_20260825_120409_419709_fd1a51a1,fd1a51a14df9368e56811aad1772c3bd3c9b85933cf0ea20cb4a2f03772a5fe0,cef0d7e99cf98289cf781ea358600304c52099759ac7cef6c0a3cc8b44b6bdc2,0.5,0,1,random_walk,random_walk,none_planning_only,0.8,10000.0,,,200000.0,xlarge
10,42,online_static_3step,0.5,0.12053670466528876,0.12053670466528876,0.989111491028599,0.989111491028599,0.005770364136952321,0.005770364136952321,0.0,6006,4426,4426,130.6650074372301,105.31791222339962,0.0036633522382561604,0.0037207455000056295,11.523718185300195,11.521870004803683,8.891517687549786e-05,8.858233305074275e-05,paired,revision_B@ff544e3dab27,ff544e3dab270c9412bea847c1119b0311242e63,b1-differential_20260825_120409_419709_fd1a51a1,fd1a51a14df9368e56811aad1772c3bd3c9b85933cf0ea20cb4a2f03772a5fe0,cef0d7e99cf98289cf781ea358600304c52099759ac7cef6c0a3cc8b44b6bdc2,0.5,0,1,random_walk,random_walk,none_planning_only,0.8,10000.0,,,200000.0,xlarge
10,43,dynamic,0.5,0.213017821385785,0.213017821385785,0.9595162594399941,0.9595329980675387,0.020700594922196842,0.020691798635402707,0.03945666235446313,4638,4253,4242,2.7141602747142315,2.7199616850120947,0.009313648910652745,0.009396580067973313,11.611729419498088,11.610672000307908,7.250358976636573e-05,7.180697172471126e-05,paired,revision_B@ff544e3dab27,ff544e3dab270c9412bea847c1119b0311242e63,b1-differential_20260825_120409_419709_fd1a51a1,fd1a51a14df9368e56811aad1772c3bd3c9b85933cf0ea20cb4a2f03772a5fe0,cef0d7e99cf98289cf781ea358600304c52099759ac7cef6c0a3cc8b44b6bdc2,0.5,0,1,random_walk,random_walk,none_planning_only,0.8,10000.0,,,200000.0,xlarge
10,43,dynamic_3step,0.5,0.28105130682941326,0.24985652675709116,0.9407061539868324,0.9499187717371408,0.030420491829715617,0.025670496960882912,0.28893821679615245,2703,4217,4241,129.7403510613367,96.14614562864881,0.055311363031604145,0.055311363031604145,11.663649927631504,11.649907435883048,5.893609018621917e-05,5.672960422849992e-05,paired,revision_B@ff544e3dab27,ff544e3dab270c9412bea847c1119b0311242e63,b1-differential_20260825_120409_419709_fd1a51a1,fd1a51a14df9368e56811aad1772c3bd3c9b85933cf0ea20cb4a2f03772a5fe0,cef0d7e99cf98289cf781ea358600304c52099759ac7cef6c0a3cc8b44b6bdc2,0.5,0,1,random_walk,random_walk,none_planning_only,0.8,10000.0,,,200000.0,xlarge
10,43,online_static,0.5,0.07813639497397688,0.07813639497397688,0.9935533695556918,0.9935533695556918,0.0034510765188988223,0.0034510765188988223,0.0,6219,4506,4506,3.213959133834578,3.1331089426530525,0.0014117440367819667,0.001432581307683517,11.4902321480483,11.491522868776958,8.442665430844402e-05,8.431691430109177e-05,paired,revision_B@ff544e3dab27,ff544e3dab270c9412bea847c1119b0311242e63,b1-differential_20260825_120409_419709_fd1a51a1,fd1a51a14df9368e56811aad1772c3bd3c9b85933cf0ea20cb4a2f03772a5fe0,cef0d7e99cf98289cf781ea358600304c52099759ac7cef6c0a3cc8b44b6bdc2,0.5,0,1,random_walk,random_walk,none_planning_only,0.8,10000.0,,,200000.0,xlarge
10,43,online_static_3step,0.5,0.12259824451411054,0.12259824451411054,0.9881687183451204,0.9881687183451204,0.006013728071590046,0.006013728071590046,0.0,5157,3307,3307,98.3157794480212,63.39137836394366,0.0038322962730430615,0.0038593568361292682,11.531255038368236,11.529132613943375,8.601951072786998e-05,8.568241370101128e-05,paired,revision_B@ff544e3dab27,ff544e3dab270c9412bea847c1119b0311242e63,b1-differential_20260825_120409_419709_fd1a51a1,fd1a51a14df9368e56811aad1772c3bd3c9b85933cf0ea20cb4a2f03772a5fe0,cef0d7e99cf98289cf781ea358600304c52099759ac7cef6c0a3cc8b44b6bdc2,0.5,0,1,random_walk,random_walk,none_planning_only,0.8,10000.0,,,200000.0,xlarge
10,44,dynamic,0.5,0.22999965113978008,0.2328816154945089,0.9570348113786361,0.9547196218795888,0.021970192316150276,0.023145962650966273,0.7238390092879257,1615,4128,4181,2.6375587505754083,2.6176684792153537,0.03036558001679189,0.03248747930565615,11.633162275295192,11.631463819276876,7.422458257169378e-05,7.367568628645607e-05,paired,revision_B@ff544e3dab27,ff544e3dab270c9412bea847c1119b0311242e63,b1-differential_20260825_120409_419709_fd1a51a1,fd1a51a14df9368e56811aad1772c3bd3c9b85933cf0ea20cb4a2f03772a5fe0,cef0d7e99cf98289cf781ea358600304c52099759ac7cef6c0a3cc8b44b6bdc2,0.5,0,1,random_walk,random_walk,none_planning_only,0.8,10000.0,,,200000.0,xlarge
10,44,dynamic_3step,0.5,0.28204062086906756,0.29429717264798194,0.9350415053837107,0.9322551148702709,0.03336138371455463,0.03475706121922399,0.4104141041410414,2439,4198,4162,123.65218877000734,76.26889372046571,0.08107559242612264,0.08107559242612264,11.63792596487003,11.633743153832338,6.296410458991454e-05,8.078596387997389e-05,paired,revision_B@ff544e3dab27,ff544e3dab270c9412bea847c1119b0311242e63,b1-differential_20260825_120409_419709_fd1a51a1,fd1a51a14df9368e56811aad1772c3bd3c9b85933cf0ea20cb4a2f03772a5fe0,cef0d7e99cf98289cf781ea358600304c52099759ac7cef6c0a3cc8b44b6bdc2,0.5,0,1,random_walk,random_walk,none_planning_only,0.8,10000.0,,,200000.0,xlarge
10,44,online_static,0.5,0.10756176262636717,0.10756176262636717,0.9907100753101744,0.9907100753101744,0.004893667553136903,0.004893667553136903,0.0,5883,4002,4002,2.944663275964558,2.750379654811695,0.0029009869488031224,0.002910421517404313,11.519747077383048,11.518981719781337,8.58088558273804e-05,8.556050568360407e-05,paired,revision_B@ff544e3dab27,ff544e3dab270c9412bea847c1119b0311242e63,b1-differential_20260825_120409_419709_fd1a51a1,fd1a51a14df9368e56811aad1772c3bd3c9b85933cf0ea20cb4a2f03772a5fe0,cef0d7e99cf98289cf781ea358600304c52099759ac7cef6c0a3cc8b44b6bdc2,0.5,0,1,random_walk,random_walk,none_planning_only,0.8,10000.0,,,200000.0,xlarge
10,44,online_static_3step,0.5,0.12679831316162474,0.12679831316162474,0.9880847777298956,0.9880847777298956,0.006242431528237546,0.006242431528237546,0.0,5769,4049,4049,87.24998741759919,53.40103375457693,0.004092679491414607,0.0041481950652383,11.532074773024098,11.529476451467922,8.501445404114603e-05,8.465605039721499e-05,paired,revision_B@ff544e3dab27,ff544e3dab270c9412bea847c1119b0311242e63,b1-differential_20260825_120409_419709_fd1a51a1,fd1a51a14df9368e56811aad1772c3bd3c9b85933cf0ea20cb4a2f03772a5fe0,cef0d7e99cf98289cf781ea358600304c52099759ac7cef6c0a3cc8b44b6bdc2,0.5,0,1,random_walk,random_walk,none_planning_only,0.8,10000.0,,,200000.0,xlarge
